2026-07-24 11:57:59,988 - INFO - D:\WorkSpace\Education-RAG\base\logger.py - <module> - logger - 62 - hello world 你好，世界
2026-07-24 11:57:59,988 - WARNING - D:\WorkSpace\Education-RAG\base\logger.py - <module> - logger - 63 - hello world 你好，世界
2026-07-24 11:57:59,988 - ERROR - D:\WorkSpace\Education-RAG\base\logger.py - <module> - logger - 64 - hello world 你好，世界
2026-07-24 12:02:46,573 - DEBUG - D:\WorkSpace\Education-RAG\base\logger.py - <module> - logger - 61 - hello world 你好，世界
2026-07-24 12:02:46,574 - INFO - D:\WorkSpace\Education-RAG\base\logger.py - <module> - logger - 62 - hello world 你好，世界
2026-07-24 12:02:46,574 - WARNING - D:\WorkSpace\Education-RAG\base\logger.py - <module> - logger - 63 - hello world 你好，世界
2026-07-24 12:02:46,574 - ERROR - D:\WorkSpace\Education-RAG\base\logger.py - <module> - logger - 64 - hello world 你好，世界
2026-07-24 15:45:29,637 - INFO - D:\WorkSpace\Education-RAG\mysql_qa\db\mysql_client.py - __init__ - mysql_client - 20 - ---MySQL---连接成功---
2026-07-24 15:48:32,485 - INFO - D:\WorkSpace\Education-RAG\mysql_qa\db\mysql_client.py - __init__ - mysql_client - 21 - ---MySQL---连接成功---
2026-07-24 15:48:47,082 - INFO - D:\WorkSpace\Education-RAG\mysql_qa\db\mysql_client.py - __init__ - mysql_client - 21 - ---MySQL---连接成功---
2026-07-24 15:48:47,314 - INFO - D:\WorkSpace\Education-RAG\mysql_qa\db\mysql_client.py - creat_table - mysql_client - 36 - 表创建成功:0
2026-07-24 16:21:59,123 - INFO - D:\WorkSpace\Education-RAG\mysql_qa\db\mysql_client.py - __init__ - mysql_client - 22 - ---MySQL---连接成功---
2026-07-24 16:23:03,551 - INFO - D:\WorkSpace\Education-RAG\mysql_qa\db\mysql_client.py - __init__ - mysql_client - 22 - ---MySQL---连接成功---
2026-07-24 16:23:35,142 - INFO - D:\WorkSpace\Education-RAG\mysql_qa\db\mysql_client.py - __init__ - mysql_client - 22 - ---MySQL---连接成功---
2026-07-24 16:23:35,159 - INFO - D:\WorkSpace\Education-RAG\mysql_qa\db\mysql_client.py - creat_table - mysql_client - 37 - 表创建成功:0
2026-07-24 16:24:55,919 - INFO - D:\WorkSpace\Education-RAG\mysql_qa\db\mysql_client.py - __init__ - mysql_client - 22 - ---MySQL---连接成功---
2026-07-24 16:24:55,931 - INFO - D:\WorkSpace\Education-RAG\mysql_qa\db\mysql_client.py - creat_table - mysql_client - 37 - 表创建成功:0
2026-07-24 16:24:56,699 - INFO - D:\WorkSpace\Education-RAG\mysql_qa\db\mysql_client.py - insert_data - mysql_client - 52 - 数据插入成功:1
2026-07-24 16:52:50,523 - INFO - D:\WorkSpace\Education-RAG\mysql_qa\db\mysql_client.py - __init__ - mysql_client - 22 - ---MySQL---连接成功---
2026-07-24 16:52:50,529 - INFO - D:\WorkSpace\Education-RAG\mysql_qa\db\mysql_client.py - creat_table - mysql_client - 37 - 表创建成功:0
2026-07-24 16:52:51,546 - INFO - D:\WorkSpace\Education-RAG\mysql_qa\db\mysql_client.py - insert_data - mysql_client - 52 - 数据插入成功:1
2026-07-24 16:53:38,059 - INFO - D:\WorkSpace\Education-RAG\mysql_qa\db\mysql_client.py - __init__ - mysql_client - 22 - ---MySQL---连接成功---
2026-07-24 16:53:38,141 - INFO - D:\WorkSpace\Education-RAG\mysql_qa\db\mysql_client.py - creat_table - mysql_client - 37 - 表创建成功:0
2026-07-24 16:53:39,213 - INFO - D:\WorkSpace\Education-RAG\mysql_qa\db\mysql_client.py - insert_data - mysql_client - 52 - 数据插入成功:1
2026-07-24 16:56:16,279 - INFO - D:\WorkSpace\Education-RAG\mysql_qa\db\mysql_client.py - __init__ - mysql_client - 22 - ---MySQL---连接成功---
2026-07-24 17:06:31,422 - INFO - D:\WorkSpace\Education-RAG\mysql_qa\db\mysql_client.py - __init__ - mysql_client - 22 - ---MySQL---连接成功---
2026-07-24 17:06:31,436 - INFO - D:\WorkSpace\Education-RAG\mysql_qa\db\mysql_client.py - fetch_question - mysql_client - 69 - 成功获取问题
2026-07-24 17:06:55,823 - INFO - D:\WorkSpace\Education-RAG\mysql_qa\db\mysql_client.py - __init__ - mysql_client - 22 - ---MySQL---连接成功---
2026-07-24 17:07:14,512 - INFO - D:\WorkSpace\Education-RAG\mysql_qa\db\mysql_client.py - __init__ - mysql_client - 22 - ---MySQL---连接成功---
2026-07-24 17:07:46,313 - INFO - D:\WorkSpace\Education-RAG\mysql_qa\db\mysql_client.py - __init__ - mysql_client - 22 - ---MySQL---连接成功---
2026-07-24 17:07:56,152 - INFO - D:\WorkSpace\Education-RAG\mysql_qa\db\mysql_client.py - __init__ - mysql_client - 22 - ---MySQL---连接成功---
2026-07-24 17:08:00,588 - INFO - D:\WorkSpace\Education-RAG\mysql_qa\db\mysql_client.py - __init__ - mysql_client - 22 - ---MySQL---连接成功---
2026-07-24 17:09:49,356 - INFO - D:\WorkSpace\Education-RAG\mysql_qa\cache\redis_client.py - __init__ - redis_client - 22 - Redis 连接成功
2026-07-24 17:09:49,695 - INFO - D:\WorkSpace\Education-RAG\mysql_qa\cache\redis_client.py - set_data - redis_client - 34 - 存储数据到 Redis: answer:实例变量/实例方法怎么理解
2026-07-24 17:09:49,709 - INFO - D:\WorkSpace\Education-RAG\mysql_qa\cache\redis_client.py - get_answer - redis_client - 59 - 从 Redis 获取答案: 实例变量/实例方法怎么理解
2026-07-24 17:10:21,965 - INFO - D:\WorkSpace\Education-RAG\mysql_qa\cache\redis_client.py - __init__ - redis_client - 22 - Redis 连接成功
2026-07-24 17:10:22,000 - INFO - D:\WorkSpace\Education-RAG\mysql_qa\cache\redis_client.py - set_data - redis_client - 34 - 存储数据到 Redis: answer:实例变量/实例方法怎么理解
2026-07-24 17:10:37,005 - INFO - D:\WorkSpace\Education-RAG\mysql_qa\cache\redis_client.py - __init__ - redis_client - 22 - Redis 连接成功
2026-07-24 17:10:37,015 - INFO - D:\WorkSpace\Education-RAG\mysql_qa\cache\redis_client.py - set_data - redis_client - 34 - 存储数据到 Redis: answer:实例变量/实例方法怎么理解
2026-07-24 17:10:37,016 - INFO - D:\WorkSpace\Education-RAG\mysql_qa\cache\redis_client.py - get_answer - redis_client - 59 - 从 Redis 获取答案: 实例变量/实例方法怎么理解
2026-07-26 12:13:38,822 - INFO - D:\WorkSpace\Education-RAG\mysql_qa\db\mysql_client.py - __init__ - mysql_client - 22 - ---MySQL---连接成功---
2026-07-26 12:13:38,824 - INFO - D:\WorkSpace\Education-RAG\mysql_qa\cache\redis_client.py - __init__ - redis_client - 22 - Redis 连接成功
2026-07-26 12:17:14,545 - INFO - D:\WorkSpace\Education-RAG\mysql_qa\db\mysql_client.py - __init__ - mysql_client - 22 - ---MySQL---连接成功---
2026-07-26 12:17:14,546 - INFO - D:\WorkSpace\Education-RAG\mysql_qa\cache\redis_client.py - __init__ - redis_client - 22 - Redis 连接成功
2026-07-26 12:17:14,588 - INFO - D:\WorkSpace\Education-RAG\mysql_qa\db\mysql_client.py - fetch_questions - mysql_client - 69 - 成功获取问题
2026-07-26 12:17:15,041 - INFO - D:\WorkSpace\Education-RAG\mysql_qa\cache\redis_client.py - set_data - redis_client - 34 - 存储数据到 Redis: qa_original_questions
2026-07-26 12:17:15,045 - INFO - D:\WorkSpace\Education-RAG\mysql_qa\cache\redis_client.py - set_data - redis_client - 34 - 存储数据到 Redis: qa_tokenized_questions
2026-07-26 12:17:15,047 - INFO - D:\WorkSpace\Education-RAG\mysql_qa\retrieval\bm25_search.py - _load_data - bm25_search - 55 - BM25 模型初始化完成
2026-07-26 12:18:09,688 - INFO - D:\WorkSpace\Education-RAG\mysql_qa\sql_main.py - query - sql_main - 27 - 处理查询: '定义类字典对象(继承于dict类)''
2026-07-26 12:18:09,697 - INFO - D:\WorkSpace\Education-RAG\mysql_qa\retrieval\bm25_search.py - search - bm25_search - 95 - 从数据库获取答案: 定义类字典对象(继承于dict类)'
2026-07-26 12:18:09,699 - INFO - D:\WorkSpace\Education-RAG\mysql_qa\cache\redis_client.py - set_data - redis_client - 34 - 存储数据到 Redis: answer:定义类字典对象(继承于dict类)'
2026-07-26 12:18:09,699 - INFO - D:\WorkSpace\Education-RAG\mysql_qa\sql_main.py - query - sql_main - 32 - MySQL 答案: class test(dict):

	def __init__(self, item):
		super().__init__(item)

	def __getitem__(self, key):
		if key == "a":
			return 100
		else:
			return super().__getitem__(key)
		
	def __setitem__(self, key, value):
		print(key, value)
		super().__setitem__(key, value)

t = test({"a":1,"b":2})
print(t["a"])
print(t["b"])
print('---------------------')
t["b"] = "haha"
print(t["b"])
print('---------------------')
print(t)
2026-07-26 12:18:09,699 - INFO - D:\WorkSpace\Education-RAG\mysql_qa\sql_main.py - query - sql_main - 41 - 查询处理耗时 0.01秒
2026-07-26 12:18:35,361 - INFO - D:\WorkSpace\Education-RAG\mysql_qa\sql_main.py - query - sql_main - 27 - 处理查询: '为什么isalnum函数会通过中文?'
2026-07-26 12:18:35,364 - INFO - D:\WorkSpace\Education-RAG\mysql_qa\retrieval\bm25_search.py - search - bm25_search - 95 - 从数据库获取答案: 为什么isalnum函数会通过中文?
2026-07-26 12:18:35,366 - INFO - D:\WorkSpace\Education-RAG\mysql_qa\cache\redis_client.py - set_data - redis_client - 34 - 存储数据到 Redis: answer:为什么isalnum函数会通过中文?
2026-07-26 12:18:35,366 - INFO - D:\WorkSpace\Education-RAG\mysql_qa\sql_main.py - query - sql_main - 32 - MySQL 答案: 需要在字符串的后面进行编码

 

name.encode('utf-8').isalnum()

 

这样才能实现正确的判断
2026-07-26 12:18:35,366 - INFO - D:\WorkSpace\Education-RAG\mysql_qa\sql_main.py - query - sql_main - 41 - 查询处理耗时 0.01秒
2026-07-26 12:19:05,379 - INFO - D:\WorkSpace\Education-RAG\mysql_qa\sql_main.py - query - sql_main - 27 - 处理查询: '怎么获取MongoDB'
2026-07-26 12:19:05,384 - INFO - D:\WorkSpace\Education-RAG\mysql_qa\retrieval\bm25_search.py - search - bm25_search - 95 - 从数据库获取答案: 怎么获取MongoDB
2026-07-26 12:19:05,386 - INFO - D:\WorkSpace\Education-RAG\mysql_qa\cache\redis_client.py - set_data - redis_client - 34 - 存储数据到 Redis: answer:怎么获取MongoDB
2026-07-26 12:19:05,386 - INFO - D:\WorkSpace\Education-RAG\mysql_qa\sql_main.py - query - sql_main - 32 - MySQL 答案: db.things.insert( { type : ['dog', 'cat'] } );
db.things.insert( { egg : ['cat'] } );
db.things.insert( { type : [] } );
db.things.insert( { hello : []  } );
想获得唯一键

type, egg, hello
可以用MapReduce做到这一点：

mr = db.runCommand({
  "mapreduce" : "my_collection",
  "map" : function() {
    for (var key in this) { emit(key, null); }
  },
  "reduce" : function(key, stuff) { return null; }, 
  "out": "my_collection" + "_keys"
})
然后在生成的集合上运行distinct，以找到所有的键：

db[mr.result].distinct("_id")
["foo", "bar", "baz", "_id", ...]
2026-07-26 12:19:05,386 - INFO - D:\WorkSpace\Education-RAG\mysql_qa\sql_main.py - query - sql_main - 41 - 查询处理耗时 0.01秒
2026-07-26 12:19:32,443 - INFO - D:\WorkSpace\Education-RAG\mysql_qa\sql_main.py - query - sql_main - 27 - 处理查询: '爬虫处理返回的是什么格式?'
2026-07-26 12:19:32,449 - INFO - D:\WorkSpace\Education-RAG\mysql_qa\retrieval\bm25_search.py - search - bm25_search - 95 - 从数据库获取答案: 爬虫处理返回的是什么格式?
2026-07-26 12:19:32,451 - INFO - D:\WorkSpace\Education-RAG\mysql_qa\cache\redis_client.py - set_data - redis_client - 34 - 存储数据到 Redis: answer:爬虫处理返回的是什么格式?
2026-07-26 12:19:32,451 - INFO - D:\WorkSpace\Education-RAG\mysql_qa\sql_main.py - query - sql_main - 32 - MySQL 答案: 请求头中需要添加user-agent以外的其他信息例如cookie等

    对获取下来的gzip数据进行解压缩解压缩方式

     from io import StringIO,BytesIO  #python3 使用bytesio方法

     from StringIO import StringIO  #python2使用

     import gzip

    #以下代码以python3位例子

    buf = BytesIO(bytestr)       # bytestr就是获取的gzip数据

    f = gzip.GzipFile(fileobj=buf)

    html_response = f.read()    #得到解压缩的html内容


2026-07-26 12:19:32,451 - INFO - D:\WorkSpace\Education-RAG\mysql_qa\sql_main.py - query - sql_main - 41 - 查询处理耗时 0.01秒
2026-07-26 12:20:36,980 - INFO - D:\WorkSpace\Education-RAG\mysql_qa\sql_main.py - main - sql_main - 57 - 退出 MySQL 系统
2026-07-26 12:20:36,981 - INFO - D:\WorkSpace\Education-RAG\mysql_qa\db\mysql_client.py - close - mysql_client - 97 - MySQL 连接已关闭
2026-07-26 14:18:26,265 - INFO - D:\WorkSpace\Education-RAG\mysql_qa\db\mysql_client.py - __init__ - mysql_client - 22 - ---MySQL---连接成功---
2026-07-26 14:18:26,265 - INFO - D:\WorkSpace\Education-RAG\mysql_qa\cache\redis_client.py - __init__ - redis_client - 22 - Redis 连接成功
2026-07-26 14:18:26,273 - INFO - D:\WorkSpace\Education-RAG\mysql_qa\retrieval\bm25_search.py - _load_data - bm25_search - 55 - BM25 模型初始化完成
2026-07-26 14:18:31,243 - INFO - D:\WorkSpace\Education-RAG\mysql_qa\sql_main.py - query - sql_main - 27 - 处理查询: '夏天其是谁?'
2026-07-26 14:18:31,659 - INFO - D:\WorkSpace\Education-RAG\mysql_qa\retrieval\bm25_search.py - search - bm25_search - 99 - 无法获取答案: 夏天其是谁?
2026-07-26 14:18:31,659 - INFO - D:\WorkSpace\Education-RAG\mysql_qa\sql_main.py - query - sql_main - 35 - SQL中未找到答案, 需要调用RAG系统
2026-07-26 14:18:31,659 - INFO - D:\WorkSpace\Education-RAG\mysql_qa\sql_main.py - query - sql_main - 41 - 查询处理耗时 0.42秒
2026-07-26 14:18:48,851 - INFO - D:\WorkSpace\Education-RAG\mysql_qa\sql_main.py - query - sql_main - 27 - 处理查询: 'linux系统怎么进入'
2026-07-26 14:18:48,853 - INFO - D:\WorkSpace\Education-RAG\mysql_qa\retrieval\bm25_search.py - search - bm25_search - 99 - 无法获取答案: linux系统怎么进入
2026-07-26 14:18:48,853 - INFO - D:\WorkSpace\Education-RAG\mysql_qa\sql_main.py - query - sql_main - 35 - SQL中未找到答案, 需要调用RAG系统
2026-07-26 14:18:48,853 - INFO - D:\WorkSpace\Education-RAG\mysql_qa\sql_main.py - query - sql_main - 41 - 查询处理耗时 0.00秒
2026-07-26 14:19:02,501 - INFO - D:\WorkSpace\Education-RAG\mysql_qa\sql_main.py - query - sql_main - 27 - 处理查询: '怎么进入ubantu'
2026-07-26 14:19:02,506 - INFO - D:\WorkSpace\Education-RAG\mysql_qa\retrieval\bm25_search.py - search - bm25_search - 99 - 无法获取答案: 怎么进入ubantu
2026-07-26 14:19:02,506 - INFO - D:\WorkSpace\Education-RAG\mysql_qa\sql_main.py - query - sql_main - 35 - SQL中未找到答案, 需要调用RAG系统
2026-07-26 14:19:02,506 - INFO - D:\WorkSpace\Education-RAG\mysql_qa\sql_main.py - query - sql_main - 41 - 查询处理耗时 0.00秒
2026-07-26 14:19:05,845 - INFO - D:\WorkSpace\Education-RAG\mysql_qa\sql_main.py - query - sql_main - 27 - 处理查询: 'ubunt'
2026-07-26 14:19:05,847 - INFO - D:\WorkSpace\Education-RAG\mysql_qa\retrieval\bm25_search.py - search - bm25_search - 99 - 无法获取答案: ubunt
2026-07-26 14:19:05,847 - INFO - D:\WorkSpace\Education-RAG\mysql_qa\sql_main.py - query - sql_main - 35 - SQL中未找到答案, 需要调用RAG系统
2026-07-26 14:19:05,847 - INFO - D:\WorkSpace\Education-RAG\mysql_qa\sql_main.py - query - sql_main - 41 - 查询处理耗时 0.00秒
2026-07-26 14:19:20,485 - INFO - D:\WorkSpace\Education-RAG\mysql_qa\sql_main.py - query - sql_main - 27 - 处理查询: 'lxml的tree报错'
2026-07-26 14:19:20,497 - INFO - D:\WorkSpace\Education-RAG\mysql_qa\retrieval\bm25_search.py - search - bm25_search - 95 - 从数据库获取答案: lxml的tree报错
2026-07-26 14:19:20,499 - INFO - D:\WorkSpace\Education-RAG\mysql_qa\cache\redis_client.py - set_data - redis_client - 34 - 存储数据到 Redis: answer:lxml的tree报错
2026-07-26 14:19:20,499 - INFO - D:\WorkSpace\Education-RAG\mysql_qa\sql_main.py - query - sql_main - 32 - MySQL 答案: 原因是etree最低支持版本是3.4版本，用户的版本是3.3版本，解决办法是升级python环境
2026-07-26 14:19:20,499 - INFO - D:\WorkSpace\Education-RAG\mysql_qa\sql_main.py - query - sql_main - 41 - 查询处理耗时 0.01秒
2026-07-26 14:19:31,034 - INFO - D:\WorkSpace\Education-RAG\mysql_qa\sql_main.py - query - sql_main - 27 - 处理查询: '爬虫处理返回的是什么格式数据?'
2026-07-26 14:19:31,039 - INFO - D:\WorkSpace\Education-RAG\mysql_qa\retrieval\bm25_search.py - search - bm25_search - 95 - 从数据库获取答案: 爬虫处理返回的是什么格式数据?
2026-07-26 14:19:31,040 - INFO - D:\WorkSpace\Education-RAG\mysql_qa\cache\redis_client.py - set_data - redis_client - 34 - 存储数据到 Redis: answer:爬虫处理返回的是什么格式数据?
2026-07-26 14:19:31,040 - INFO - D:\WorkSpace\Education-RAG\mysql_qa\sql_main.py - query - sql_main - 32 - MySQL 答案: 请求头中需要添加user-agent以外的其他信息例如cookie等

    对获取下来的gzip数据进行解压缩解压缩方式

     from io import StringIO,BytesIO  #python3 使用bytesio方法

     from StringIO import StringIO  #python2使用

     import gzip

    #以下代码以python3位例子

    buf = BytesIO(bytestr)       # bytestr就是获取的gzip数据

    f = gzip.GzipFile(fileobj=buf)

    html_response = f.read()    #得到解压缩的html内容


2026-07-26 14:19:31,040 - INFO - D:\WorkSpace\Education-RAG\mysql_qa\sql_main.py - query - sql_main - 41 - 查询处理耗时 0.01秒
2026-07-26 14:30:23,088 - INFO - D:\WorkSpace\Education-RAG\mysql_qa\db\mysql_client.py - close - mysql_client - 97 - MySQL 连接已关闭
2026-07-26 17:57:28,830 - INFO - D:\WorkSpace\Education-RAG\rag_qa\core\document_processor.py - load_documents_from_directory - document_processor - 47 - source:ai
2026-07-26 17:57:31,652 - INFO - D:\WorkSpace\Education-RAG\rag_qa\core\document_processor.py - load_documents_from_directory - document_processor - 78 - 加载文件成功:D:\WorkSpace\Education-RAG\rag_qa/data/ai_data\LLM基础知识.pdf
2026-07-26 17:57:32,496 - INFO - D:\WorkSpace\Education-RAG\rag_qa\core\document_processor.py - load_documents_from_directory - document_processor - 78 - 加载文件成功:D:\WorkSpace\Education-RAG\rag_qa/data/ai_data\人工智能就业课课程大纲.docx
2026-07-26 17:57:46,633 - INFO - D:\WorkSpace\Education-RAG\rag_qa\core\document_processor.py - load_documents_from_directory - document_processor - 78 - 加载文件成功:D:\WorkSpace\Education-RAG\rag_qa/data/ai_data\就业指导课.pptx
2026-07-26 17:57:53,855 - INFO - D:\WorkSpace\Education-RAG\rag_qa\core\document_processor.py - load_documents_from_directory - document_processor - 78 - 加载文件成功:D:\WorkSpace\Education-RAG\rag_qa/data/ai_data\语言模型.png
2026-07-26 17:57:53,856 - INFO - D:\WorkSpace\Education-RAG\rag_qa\core\document_processor.py - process_documents - document_processor - 125 - 处理文档成功:父块doc_0_parent_0:子块:doc_0_parent_0_child_0
2026-07-26 17:57:53,856 - WARNING - D:\WorkSpace\Education-RAG\rag_qa\core\document_processor.py - process_documents - document_processor - 126 - ====================================================================================================
2026-07-26 17:57:53,856 - INFO - D:\WorkSpace\Education-RAG\rag_qa\core\document_processor.py - process_documents - document_processor - 125 - 处理文档成功:父块doc_0_parent_0:子块:doc_0_parent_0_child_1
2026-07-26 17:57:53,856 - WARNING - D:\WorkSpace\Education-RAG\rag_qa\core\document_processor.py - process_documents - document_processor - 126 - ====================================================================================================
2026-07-26 17:57:53,856 - INFO - D:\WorkSpace\Education-RAG\rag_qa\core\document_processor.py - process_documents - document_processor - 125 - 处理文档成功:父块doc_0_parent_0:子块:doc_0_parent_0_child_2
2026-07-26 17:57:53,856 - WARNING - D:\WorkSpace\Education-RAG\rag_qa\core\document_processor.py - process_documents - document_processor - 126 - ====================================================================================================
2026-07-26 17:57:53,856 - INFO - D:\WorkSpace\Education-RAG\rag_qa\core\document_processor.py - process_documents - document_processor - 125 - 处理文档成功:父块doc_0_parent_1:子块:doc_0_parent_1_child_0
2026-07-26 17:57:53,856 - WARNING - D:\WorkSpace\Education-RAG\rag_qa\core\document_processor.py - process_documents - document_processor - 126 - ====================================================================================================
2026-07-26 17:57:53,856 - INFO - D:\WorkSpace\Education-RAG\rag_qa\core\document_processor.py - process_documents - document_processor - 125 - 处理文档成功:父块doc_0_parent_1:子块:doc_0_parent_1_child_1
2026-07-26 17:57:53,856 - WARNING - D:\WorkSpace\Education-RAG\rag_qa\core\document_processor.py - process_documents - document_processor - 126 - ====================================================================================================
2026-07-26 17:57:53,856 - INFO - D:\WorkSpace\Education-RAG\rag_qa\core\document_processor.py - process_documents - document_processor - 125 - 处理文档成功:父块doc_0_parent_1:子块:doc_0_parent_1_child_2
2026-07-26 17:57:53,857 - WARNING - D:\WorkSpace\Education-RAG\rag_qa\core\document_processor.py - process_documents - document_processor - 126 - ====================================================================================================
2026-07-26 17:57:53,857 - INFO - D:\WorkSpace\Education-RAG\rag_qa\core\document_processor.py - process_documents - document_processor - 125 - 处理文档成功:父块doc_0_parent_1:子块:doc_0_parent_1_child_3
2026-07-26 17:57:53,857 - WARNING - D:\WorkSpace\Education-RAG\rag_qa\core\document_processor.py - process_documents - document_processor - 126 - ====================================================================================================
2026-07-26 17:57:53,857 - INFO - D:\WorkSpace\Education-RAG\rag_qa\core\document_processor.py - process_documents - document_processor - 125 - 处理文档成功:父块doc_0_parent_1:子块:doc_0_parent_1_child_4
2026-07-26 17:57:53,857 - WARNING - D:\WorkSpace\Education-RAG\rag_qa\core\document_processor.py - process_documents - document_processor - 126 - ====================================================================================================
2026-07-26 17:57:53,857 - INFO - D:\WorkSpace\Education-RAG\rag_qa\core\document_processor.py - process_documents - document_processor - 125 - 处理文档成功:父块doc_0_parent_1:子块:doc_0_parent_1_child_5
2026-07-26 17:57:53,857 - WARNING - D:\WorkSpace\Education-RAG\rag_qa\core\document_processor.py - process_documents - document_processor - 126 - ====================================================================================================
2026-07-26 17:57:53,857 - INFO - D:\WorkSpace\Education-RAG\rag_qa\core\document_processor.py - process_documents - document_processor - 125 - 处理文档成功:父块doc_0_parent_2:子块:doc_0_parent_2_child_0
2026-07-26 17:57:53,857 - WARNING - D:\WorkSpace\Education-RAG\rag_qa\core\document_processor.py - process_documents - document_processor - 126 - ====================================================================================================
2026-07-26 17:57:53,857 - INFO - D:\WorkSpace\Education-RAG\rag_qa\core\document_processor.py - process_documents - document_processor - 125 - 处理文档成功:父块doc_0_parent_2:子块:doc_0_parent_2_child_1
2026-07-26 17:57:53,857 - WARNING - D:\WorkSpace\Education-RAG\rag_qa\core\document_processor.py - process_documents - document_processor - 126 - ====================================================================================================
2026-07-26 17:57:53,857 - INFO - D:\WorkSpace\Education-RAG\rag_qa\core\document_processor.py - process_documents - document_processor - 125 - 处理文档成功:父块doc_0_parent_2:子块:doc_0_parent_2_child_2
2026-07-26 17:57:53,857 - WARNING - D:\WorkSpace\Education-RAG\rag_qa\core\document_processor.py - process_documents - document_processor - 126 - ====================================================================================================
2026-07-26 17:57:53,858 - INFO - D:\WorkSpace\Education-RAG\rag_qa\core\document_processor.py - process_documents - document_processor - 125 - 处理文档成功:父块doc_0_parent_2:子块:doc_0_parent_2_child_3
2026-07-26 17:57:53,858 - WARNING - D:\WorkSpace\Education-RAG\rag_qa\core\document_processor.py - process_documents - document_processor - 126 - ====================================================================================================
2026-07-26 17:57:53,858 - INFO - D:\WorkSpace\Education-RAG\rag_qa\core\document_processor.py - process_documents - document_processor - 125 - 处理文档成功:父块doc_0_parent_2:子块:doc_0_parent_2_child_4
2026-07-26 17:57:53,858 - WARNING - D:\WorkSpace\Education-RAG\rag_qa\core\document_processor.py - process_documents - document_processor - 126 - ====================================================================================================
2026-07-26 17:57:53,858 - INFO - D:\WorkSpace\Education-RAG\rag_qa\core\document_processor.py - process_documents - document_processor - 125 - 处理文档成功:父块doc_0_parent_2:子块:doc_0_parent_2_child_5
2026-07-26 17:57:53,858 - WARNING - D:\WorkSpace\Education-RAG\rag_qa\core\document_processor.py - process_documents - document_processor - 126 - ====================================================================================================
2026-07-26 17:57:53,858 - INFO - D:\WorkSpace\Education-RAG\rag_qa\core\document_processor.py - process_documents - document_processor - 125 - 处理文档成功:父块doc_0_parent_3:子块:doc_0_parent_3_child_0
2026-07-26 17:57:53,858 - WARNING - D:\WorkSpace\Education-RAG\rag_qa\core\document_processor.py - process_documents - document_processor - 126 - ====================================================================================================
2026-07-26 17:57:53,858 - INFO - D:\WorkSpace\Education-RAG\rag_qa\core\document_processor.py - process_documents - document_processor - 125 - 处理文档成功:父块doc_0_parent_3:子块:doc_0_parent_3_child_1
2026-07-26 17:57:53,858 - WARNING - D:\WorkSpace\Education-RAG\rag_qa\core\document_processor.py - process_documents - document_processor - 126 - ====================================================================================================
2026-07-26 17:57:53,858 - INFO - D:\WorkSpace\Education-RAG\rag_qa\core\document_processor.py - process_documents - document_processor - 125 - 处理文档成功:父块doc_0_parent_3:子块:doc_0_parent_3_child_2
2026-07-26 17:57:53,858 - WARNING - D:\WorkSpace\Education-RAG\rag_qa\core\document_processor.py - process_documents - document_processor - 126 - ====================================================================================================
2026-07-26 17:57:53,858 - INFO - D:\WorkSpace\Education-RAG\rag_qa\core\document_processor.py - process_documents - document_processor - 125 - 处理文档成功:父块doc_0_parent_3:子块:doc_0_parent_3_child_3
2026-07-26 17:57:53,858 - WARNING - D:\WorkSpace\Education-RAG\rag_qa\core\document_processor.py - process_documents - document_processor - 126 - ====================================================================================================
2026-07-26 17:57:53,858 - INFO - D:\WorkSpace\Education-RAG\rag_qa\core\document_processor.py - process_documents - document_processor - 125 - 处理文档成功:父块doc_0_parent_3:子块:doc_0_parent_3_child_4
2026-07-26 17:57:53,858 - WARNING - D:\WorkSpace\Education-RAG\rag_qa\core\document_processor.py - process_documents - document_processor - 126 - ====================================================================================================
2026-07-26 17:57:53,858 - INFO - D:\WorkSpace\Education-RAG\rag_qa\core\document_processor.py - process_documents - document_processor - 125 - 处理文档成功:父块doc_0_parent_4:子块:doc_0_parent_4_child_0
2026-07-26 17:57:53,858 - WARNING - D:\WorkSpace\Education-RAG\rag_qa\core\document_processor.py - process_documents - document_processor - 126 - ====================================================================================================
2026-07-26 17:57:53,858 - INFO - D:\WorkSpace\Education-RAG\rag_qa\core\document_processor.py - process_documents - document_processor - 125 - 处理文档成功:父块doc_0_parent_4:子块:doc_0_parent_4_child_1
2026-07-26 17:57:53,858 - WARNING - D:\WorkSpace\Education-RAG\rag_qa\core\document_processor.py - process_documents - document_processor - 126 - ====================================================================================================
2026-07-26 17:57:53,858 - INFO - D:\WorkSpace\Education-RAG\rag_qa\core\document_processor.py - process_documents - document_processor - 125 - 处理文档成功:父块doc_0_parent_4:子块:doc_0_parent_4_child_2
2026-07-26 17:57:53,858 - WARNING - D:\WorkSpace\Education-RAG\rag_qa\core\document_processor.py - process_documents - document_processor - 126 - ====================================================================================================
2026-07-26 17:57:53,858 - INFO - D:\WorkSpace\Education-RAG\rag_qa\core\document_processor.py - process_documents - document_processor - 125 - 处理文档成功:父块doc_0_parent_4:子块:doc_0_parent_4_child_3
2026-07-26 17:57:53,858 - WARNING - D:\WorkSpace\Education-RAG\rag_qa\core\document_processor.py - process_documents - document_processor - 126 - ====================================================================================================
2026-07-26 17:57:53,858 - INFO - D:\WorkSpace\Education-RAG\rag_qa\core\document_processor.py - process_documents - document_processor - 125 - 处理文档成功:父块doc_0_parent_4:子块:doc_0_parent_4_child_4
2026-07-26 17:57:53,858 - WARNING - D:\WorkSpace\Education-RAG\rag_qa\core\document_processor.py - process_documents - document_processor - 126 - ====================================================================================================
2026-07-26 17:57:53,858 - INFO - D:\WorkSpace\Education-RAG\rag_qa\core\document_processor.py - process_documents - document_processor - 125 - 处理文档成功:父块doc_0_parent_4:子块:doc_0_parent_4_child_5
2026-07-26 17:57:53,858 - WARNING - D:\WorkSpace\Education-RAG\rag_qa\core\document_processor.py - process_documents - document_processor - 126 - ====================================================================================================
2026-07-26 17:57:53,859 - INFO - D:\WorkSpace\Education-RAG\rag_qa\core\document_processor.py - process_documents - document_processor - 125 - 处理文档成功:父块doc_0_parent_5:子块:doc_0_parent_5_child_0
2026-07-26 17:57:53,859 - WARNING - D:\WorkSpace\Education-RAG\rag_qa\core\document_processor.py - process_documents - document_processor - 126 - ====================================================================================================
2026-07-26 17:57:53,859 - INFO - D:\WorkSpace\Education-RAG\rag_qa\core\document_processor.py - process_documents - document_processor - 125 - 处理文档成功:父块doc_0_parent_6:子块:doc_0_parent_6_child_0
2026-07-26 17:57:53,859 - WARNING - D:\WorkSpace\Education-RAG\rag_qa\core\document_processor.py - process_documents - document_processor - 126 - ====================================================================================================
2026-07-26 17:57:53,859 - INFO - D:\WorkSpace\Education-RAG\rag_qa\core\document_processor.py - process_documents - document_processor - 125 - 处理文档成功:父块doc_0_parent_6:子块:doc_0_parent_6_child_1
2026-07-26 17:57:53,859 - WARNING - D:\WorkSpace\Education-RAG\rag_qa\core\document_processor.py - process_documents - document_processor - 126 - ====================================================================================================
2026-07-26 17:57:53,859 - INFO - D:\WorkSpace\Education-RAG\rag_qa\core\document_processor.py - process_documents - document_processor - 125 - 处理文档成功:父块doc_0_parent_6:子块:doc_0_parent_6_child_2
2026-07-26 17:57:53,859 - WARNING - D:\WorkSpace\Education-RAG\rag_qa\core\document_processor.py - process_documents - document_processor - 126 - ====================================================================================================
2026-07-26 17:57:53,859 - INFO - D:\WorkSpace\Education-RAG\rag_qa\core\document_processor.py - process_documents - document_processor - 125 - 处理文档成功:父块doc_0_parent_6:子块:doc_0_parent_6_child_3
2026-07-26 17:57:53,859 - WARNING - D:\WorkSpace\Education-RAG\rag_qa\core\document_processor.py - process_documents - document_processor - 126 - ====================================================================================================
2026-07-26 17:57:53,859 - INFO - D:\WorkSpace\Education-RAG\rag_qa\core\document_processor.py - process_documents - document_processor - 125 - 处理文档成功:父块doc_0_parent_6:子块:doc_0_parent_6_child_4
2026-07-26 17:57:53,859 - WARNING - D:\WorkSpace\Education-RAG\rag_qa\core\document_processor.py - process_documents - document_processor - 126 - ====================================================================================================
2026-07-26 17:57:53,859 - INFO - D:\WorkSpace\Education-RAG\rag_qa\core\document_processor.py - process_documents - document_processor - 125 - 处理文档成功:父块doc_0_parent_7:子块:doc_0_parent_7_child_0
2026-07-26 17:57:53,859 - WARNING - D:\WorkSpace\Education-RAG\rag_qa\core\document_processor.py - process_documents - document_processor - 126 - ====================================================================================================
2026-07-26 17:57:53,859 - INFO - D:\WorkSpace\Education-RAG\rag_qa\core\document_processor.py - process_documents - document_processor - 125 - 处理文档成功:父块doc_0_parent_7:子块:doc_0_parent_7_child_1
2026-07-26 17:57:53,859 - WARNING - D:\WorkSpace\Education-RAG\rag_qa\core\document_processor.py - process_documents - document_processor - 126 - ====================================================================================================
2026-07-26 17:57:53,859 - INFO - D:\WorkSpace\Education-RAG\rag_qa\core\document_processor.py - process_documents - document_processor - 125 - 处理文档成功:父块doc_0_parent_7:子块:doc_0_parent_7_child_2
2026-07-26 17:57:53,859 - WARNING - D:\WorkSpace\Education-RAG\rag_qa\core\document_processor.py - process_documents - document_processor - 126 - ====================================================================================================
2026-07-26 17:57:53,860 - INFO - D:\WorkSpace\Education-RAG\rag_qa\core\document_processor.py - process_documents - document_processor - 125 - 处理文档成功:父块doc_0_parent_7:子块:doc_0_parent_7_child_3
2026-07-26 17:57:53,860 - WARNING - D:\WorkSpace\Education-RAG\rag_qa\core\document_processor.py - process_documents - document_processor - 126 - ====================================================================================================
2026-07-26 17:57:53,860 - INFO - D:\WorkSpace\Education-RAG\rag_qa\core\document_processor.py - process_documents - document_processor - 125 - 处理文档成功:父块doc_0_parent_7:子块:doc_0_parent_7_child_4
2026-07-26 17:57:53,860 - WARNING - D:\WorkSpace\Education-RAG\rag_qa\core\document_processor.py - process_documents - document_processor - 126 - ====================================================================================================
2026-07-26 17:57:53,860 - INFO - D:\WorkSpace\Education-RAG\rag_qa\core\document_processor.py - process_documents - document_processor - 125 - 处理文档成功:父块doc_0_parent_7:子块:doc_0_parent_7_child_5
2026-07-26 17:57:53,860 - WARNING - D:\WorkSpace\Education-RAG\rag_qa\core\document_processor.py - process_documents - document_processor - 126 - ====================================================================================================
2026-07-26 17:57:53,860 - INFO - D:\WorkSpace\Education-RAG\rag_qa\core\document_processor.py - process_documents - document_processor - 125 - 处理文档成功:父块doc_0_parent_8:子块:doc_0_parent_8_child_0
2026-07-26 17:57:53,860 - WARNING - D:\WorkSpace\Education-RAG\rag_qa\core\document_processor.py - process_documents - document_processor - 126 - ====================================================================================================
2026-07-26 17:57:53,860 - INFO - D:\WorkSpace\Education-RAG\rag_qa\core\document_processor.py - process_documents - document_processor - 125 - 处理文档成功:父块doc_0_parent_8:子块:doc_0_parent_8_child_1
2026-07-26 17:57:53,860 - WARNING - D:\WorkSpace\Education-RAG\rag_qa\core\document_processor.py - process_documents - document_processor - 126 - ====================================================================================================
2026-07-26 17:57:53,860 - INFO - D:\WorkSpace\Education-RAG\rag_qa\core\document_processor.py - process_documents - document_processor - 125 - 处理文档成功:父块doc_0_parent_8:子块:doc_0_parent_8_child_2
2026-07-26 17:57:53,860 - WARNING - D:\WorkSpace\Education-RAG\rag_qa\core\document_processor.py - process_documents - document_processor - 126 - ====================================================================================================
2026-07-26 17:57:53,860 - INFO - D:\WorkSpace\Education-RAG\rag_qa\core\document_processor.py - process_documents - document_processor - 125 - 处理文档成功:父块doc_0_parent_9:子块:doc_0_parent_9_child_0
2026-07-26 17:57:53,860 - WARNING - D:\WorkSpace\Education-RAG\rag_qa\core\document_processor.py - process_documents - document_processor - 126 - ====================================================================================================
2026-07-26 17:57:53,860 - INFO - D:\WorkSpace\Education-RAG\rag_qa\core\document_processor.py - process_documents - document_processor - 125 - 处理文档成功:父块doc_0_parent_9:子块:doc_0_parent_9_child_1
2026-07-26 17:57:53,860 - WARNING - D:\WorkSpace\Education-RAG\rag_qa\core\document_processor.py - process_documents - document_processor - 126 - ====================================================================================================
2026-07-26 17:57:53,860 - INFO - D:\WorkSpace\Education-RAG\rag_qa\core\document_processor.py - process_documents - document_processor - 125 - 处理文档成功:父块doc_0_parent_9:子块:doc_0_parent_9_child_2
2026-07-26 17:57:53,860 - WARNING - D:\WorkSpace\Education-RAG\rag_qa\core\document_processor.py - process_documents - document_processor - 126 - ====================================================================================================
2026-07-26 17:57:53,860 - INFO - D:\WorkSpace\Education-RAG\rag_qa\core\document_processor.py - process_documents - document_processor - 125 - 处理文档成功:父块doc_0_parent_9:子块:doc_0_parent_9_child_3
2026-07-26 17:57:53,861 - WARNING - D:\WorkSpace\Education-RAG\rag_qa\core\document_processor.py - process_documents - document_processor - 126 - ====================================================================================================
2026-07-26 17:57:53,861 - INFO - D:\WorkSpace\Education-RAG\rag_qa\core\document_processor.py - process_documents - document_processor - 125 - 处理文档成功:父块doc_0_parent_9:子块:doc_0_parent_9_child_4
2026-07-26 17:57:53,861 - WARNING - D:\WorkSpace\Education-RAG\rag_qa\core\document_processor.py - process_documents - document_processor - 126 - ====================================================================================================
2026-07-26 17:57:53,861 - INFO - D:\WorkSpace\Education-RAG\rag_qa\core\document_processor.py - process_documents - document_processor - 125 - 处理文档成功:父块doc_0_parent_9:子块:doc_0_parent_9_child_5
2026-07-26 17:57:53,861 - WARNING - D:\WorkSpace\Education-RAG\rag_qa\core\document_processor.py - process_documents - document_processor - 126 - ====================================================================================================
2026-07-26 17:57:53,861 - INFO - D:\WorkSpace\Education-RAG\rag_qa\core\document_processor.py - process_documents - document_processor - 125 - 处理文档成功:父块doc_0_parent_10:子块:doc_0_parent_10_child_0
2026-07-26 17:57:53,861 - WARNING - D:\WorkSpace\Education-RAG\rag_qa\core\document_processor.py - process_documents - document_processor - 126 - ====================================================================================================
2026-07-26 17:57:53,861 - INFO - D:\WorkSpace\Education-RAG\rag_qa\core\document_processor.py - process_documents - document_processor - 125 - 处理文档成功:父块doc_0_parent_11:子块:doc_0_parent_11_child_0
2026-07-26 17:57:53,861 - WARNING - D:\WorkSpace\Education-RAG\rag_qa\core\document_processor.py - process_documents - document_processor - 126 - ====================================================================================================
2026-07-26 17:57:53,861 - INFO - D:\WorkSpace\Education-RAG\rag_qa\core\document_processor.py - process_documents - document_processor - 125 - 处理文档成功:父块doc_0_parent_11:子块:doc_0_parent_11_child_1
2026-07-26 17:57:53,861 - WARNING - D:\WorkSpace\Education-RAG\rag_qa\core\document_processor.py - process_documents - document_processor - 126 - ====================================================================================================
2026-07-26 17:57:53,861 - INFO - D:\WorkSpace\Education-RAG\rag_qa\core\document_processor.py - process_documents - document_processor - 125 - 处理文档成功:父块doc_0_parent_11:子块:doc_0_parent_11_child_2
2026-07-26 17:57:53,861 - WARNING - D:\WorkSpace\Education-RAG\rag_qa\core\document_processor.py - process_documents - document_processor - 126 - ====================================================================================================
2026-07-26 17:57:53,861 - INFO - D:\WorkSpace\Education-RAG\rag_qa\core\document_processor.py - process_documents - document_processor - 125 - 处理文档成功:父块doc_0_parent_11:子块:doc_0_parent_11_child_3
2026-07-26 17:57:53,861 - WARNING - D:\WorkSpace\Education-RAG\rag_qa\core\document_processor.py - process_documents - document_processor - 126 - ====================================================================================================
2026-07-26 17:57:53,862 - INFO - D:\WorkSpace\Education-RAG\rag_qa\core\document_processor.py - process_documents - document_processor - 125 - 处理文档成功:父块doc_1_parent_0:子块:doc_1_parent_0_child_0
2026-07-26 17:57:53,862 - WARNING - D:\WorkSpace\Education-RAG\rag_qa\core\document_processor.py - process_documents - document_processor - 126 - ====================================================================================================
2026-07-26 17:57:53,862 - INFO - D:\WorkSpace\Education-RAG\rag_qa\core\document_processor.py - process_documents - document_processor - 125 - 处理文档成功:父块doc_1_parent_0:子块:doc_1_parent_0_child_1
2026-07-26 17:57:53,862 - WARNING - D:\WorkSpace\Education-RAG\rag_qa\core\document_processor.py - process_documents - document_processor - 126 - ====================================================================================================
2026-07-26 17:57:53,862 - INFO - D:\WorkSpace\Education-RAG\rag_qa\core\document_processor.py - process_documents - document_processor - 125 - 处理文档成功:父块doc_1_parent_0:子块:doc_1_parent_0_child_2
2026-07-26 17:57:53,862 - WARNING - D:\WorkSpace\Education-RAG\rag_qa\core\document_processor.py - process_documents - document_processor - 126 - ====================================================================================================
2026-07-26 17:57:53,863 - INFO - D:\WorkSpace\Education-RAG\rag_qa\core\document_processor.py - process_documents - document_processor - 125 - 处理文档成功:父块doc_1_parent_0:子块:doc_1_parent_0_child_3
2026-07-26 17:57:53,863 - WARNING - D:\WorkSpace\Education-RAG\rag_qa\core\document_processor.py - process_documents - document_processor - 126 - ====================================================================================================
2026-07-26 17:57:53,863 - INFO - D:\WorkSpace\Education-RAG\rag_qa\core\document_processor.py - process_documents - document_processor - 125 - 处理文档成功:父块doc_1_parent_0:子块:doc_1_parent_0_child_4
2026-07-26 17:57:53,863 - WARNING - D:\WorkSpace\Education-RAG\rag_qa\core\document_processor.py - process_documents - document_processor - 126 - ====================================================================================================
2026-07-26 17:57:53,863 - INFO - D:\WorkSpace\Education-RAG\rag_qa\core\document_processor.py - process_documents - document_processor - 125 - 处理文档成功:父块doc_1_parent_0:子块:doc_1_parent_0_child_5
2026-07-26 17:57:53,863 - WARNING - D:\WorkSpace\Education-RAG\rag_qa\core\document_processor.py - process_documents - document_processor - 126 - ====================================================================================================
2026-07-26 17:57:53,864 - INFO - D:\WorkSpace\Education-RAG\rag_qa\core\document_processor.py - process_documents - document_processor - 125 - 处理文档成功:父块doc_1_parent_1:子块:doc_1_parent_1_child_0
2026-07-26 17:57:53,864 - WARNING - D:\WorkSpace\Education-RAG\rag_qa\core\document_processor.py - process_documents - document_processor - 126 - ====================================================================================================
2026-07-26 17:57:53,864 - INFO - D:\WorkSpace\Education-RAG\rag_qa\core\document_processor.py - process_documents - document_processor - 125 - 处理文档成功:父块doc_1_parent_1:子块:doc_1_parent_1_child_1
2026-07-26 17:57:53,864 - WARNING - D:\WorkSpace\Education-RAG\rag_qa\core\document_processor.py - process_documents - document_processor - 126 - ====================================================================================================
2026-07-26 17:57:53,864 - INFO - D:\WorkSpace\Education-RAG\rag_qa\core\document_processor.py - process_documents - document_processor - 125 - 处理文档成功:父块doc_1_parent_1:子块:doc_1_parent_1_child_2
2026-07-26 17:57:53,864 - WARNING - D:\WorkSpace\Education-RAG\rag_qa\core\document_processor.py - process_documents - document_processor - 126 - ====================================================================================================
2026-07-26 17:57:53,864 - INFO - D:\WorkSpace\Education-RAG\rag_qa\core\document_processor.py - process_documents - document_processor - 125 - 处理文档成功:父块doc_1_parent_1:子块:doc_1_parent_1_child_3
2026-07-26 17:57:53,864 - WARNING - D:\WorkSpace\Education-RAG\rag_qa\core\document_processor.py - process_documents - document_processor - 126 - ====================================================================================================
2026-07-26 17:57:53,864 - INFO - D:\WorkSpace\Education-RAG\rag_qa\core\document_processor.py - process_documents - document_processor - 125 - 处理文档成功:父块doc_1_parent_1:子块:doc_1_parent_1_child_4
2026-07-26 17:57:53,864 - WARNING - D:\WorkSpace\Education-RAG\rag_qa\core\document_processor.py - process_documents - document_processor - 126 - ====================================================================================================
2026-07-26 17:57:53,864 - INFO - D:\WorkSpace\Education-RAG\rag_qa\core\document_processor.py - process_documents - document_processor - 125 - 处理文档成功:父块doc_1_parent_2:子块:doc_1_parent_2_child_0
2026-07-26 17:57:53,864 - WARNING - D:\WorkSpace\Education-RAG\rag_qa\core\document_processor.py - process_documents - document_processor - 126 - ====================================================================================================
2026-07-26 17:57:53,864 - INFO - D:\WorkSpace\Education-RAG\rag_qa\core\document_processor.py - process_documents - document_processor - 125 - 处理文档成功:父块doc_1_parent_2:子块:doc_1_parent_2_child_1
2026-07-26 17:57:53,864 - WARNING - D:\WorkSpace\Education-RAG\rag_qa\core\document_processor.py - process_documents - document_processor - 126 - ====================================================================================================
2026-07-26 17:57:53,864 - INFO - D:\WorkSpace\Education-RAG\rag_qa\core\document_processor.py - process_documents - document_processor - 125 - 处理文档成功:父块doc_1_parent_2:子块:doc_1_parent_2_child_2
2026-07-26 17:57:53,864 - WARNING - D:\WorkSpace\Education-RAG\rag_qa\core\document_processor.py - process_documents - document_processor - 126 - ====================================================================================================
2026-07-26 17:57:53,864 - INFO - D:\WorkSpace\Education-RAG\rag_qa\core\document_processor.py - process_documents - document_processor - 125 - 处理文档成功:父块doc_1_parent_2:子块:doc_1_parent_2_child_3
2026-07-26 17:57:53,864 - WARNING - D:\WorkSpace\Education-RAG\rag_qa\core\document_processor.py - process_documents - document_processor - 126 - ====================================================================================================
2026-07-26 17:57:53,864 - INFO - D:\WorkSpace\Education-RAG\rag_qa\core\document_processor.py - process_documents - document_processor - 125 - 处理文档成功:父块doc_1_parent_2:子块:doc_1_parent_2_child_4
2026-07-26 17:57:53,866 - WARNING - D:\WorkSpace\Education-RAG\rag_qa\core\document_processor.py - process_documents - document_processor - 126 - ====================================================================================================
2026-07-26 17:57:53,866 - INFO - D:\WorkSpace\Education-RAG\rag_qa\core\document_processor.py - process_documents - document_processor - 125 - 处理文档成功:父块doc_1_parent_2:子块:doc_1_parent_2_child_5
2026-07-26 17:57:53,866 - WARNING - D:\WorkSpace\Education-RAG\rag_qa\core\document_processor.py - process_documents - document_processor - 126 - ====================================================================================================
2026-07-26 17:57:53,867 - INFO - D:\WorkSpace\Education-RAG\rag_qa\core\document_processor.py - process_documents - document_processor - 125 - 处理文档成功:父块doc_1_parent_3:子块:doc_1_parent_3_child_0
2026-07-26 17:57:53,867 - WARNING - D:\WorkSpace\Education-RAG\rag_qa\core\document_processor.py - process_documents - document_processor - 126 - ====================================================================================================
2026-07-26 17:57:53,867 - INFO - D:\WorkSpace\Education-RAG\rag_qa\core\document_processor.py - process_documents - document_processor - 125 - 处理文档成功:父块doc_1_parent_3:子块:doc_1_parent_3_child_1
2026-07-26 17:57:53,867 - WARNING - D:\WorkSpace\Education-RAG\rag_qa\core\document_processor.py - process_documents - document_processor - 126 - ====================================================================================================
2026-07-26 17:57:53,867 - INFO - D:\WorkSpace\Education-RAG\rag_qa\core\document_processor.py - process_documents - document_processor - 125 - 处理文档成功:父块doc_1_parent_3:子块:doc_1_parent_3_child_2
2026-07-26 17:57:53,867 - WARNING - D:\WorkSpace\Education-RAG\rag_qa\core\document_processor.py - process_documents - document_processor - 126 - ====================================================================================================
2026-07-26 17:57:53,867 - INFO - D:\WorkSpace\Education-RAG\rag_qa\core\document_processor.py - process_documents - document_processor - 125 - 处理文档成功:父块doc_1_parent_3:子块:doc_1_parent_3_child_3
2026-07-26 17:57:53,867 - WARNING - D:\WorkSpace\Education-RAG\rag_qa\core\document_processor.py - process_documents - document_processor - 126 - ====================================================================================================
2026-07-26 17:57:53,867 - INFO - D:\WorkSpace\Education-RAG\rag_qa\core\document_processor.py - process_documents - document_processor - 125 - 处理文档成功:父块doc_1_parent_3:子块:doc_1_parent_3_child_4
2026-07-26 17:57:53,867 - WARNING - D:\WorkSpace\Education-RAG\rag_qa\core\document_processor.py - process_documents - document_processor - 126 - ====================================================================================================
2026-07-26 17:57:53,867 - INFO - D:\WorkSpace\Education-RAG\rag_qa\core\document_processor.py - process_documents - document_processor - 125 - 处理文档成功:父块doc_1_parent_4:子块:doc_1_parent_4_child_0
2026-07-26 17:57:53,867 - WARNING - D:\WorkSpace\Education-RAG\rag_qa\core\document_processor.py - process_documents - document_processor - 126 - ====================================================================================================
2026-07-26 17:57:53,867 - INFO - D:\WorkSpace\Education-RAG\rag_qa\core\document_processor.py - process_documents - document_processor - 125 - 处理文档成功:父块doc_1_parent_4:子块:doc_1_parent_4_child_1
2026-07-26 17:57:53,867 - WARNING - D:\WorkSpace\Education-RAG\rag_qa\core\document_processor.py - process_documents - document_processor - 126 - ====================================================================================================
2026-07-26 17:57:53,867 - INFO - D:\WorkSpace\Education-RAG\rag_qa\core\document_processor.py - process_documents - document_processor - 125 - 处理文档成功:父块doc_1_parent_4:子块:doc_1_parent_4_child_2
2026-07-26 17:57:53,868 - WARNING - D:\WorkSpace\Education-RAG\rag_qa\core\document_processor.py - process_documents - document_processor - 126 - ====================================================================================================
2026-07-26 17:57:53,868 - INFO - D:\WorkSpace\Education-RAG\rag_qa\core\document_processor.py - process_documents - document_processor - 125 - 处理文档成功:父块doc_1_parent_4:子块:doc_1_parent_4_child_3
2026-07-26 17:57:53,868 - WARNING - D:\WorkSpace\Education-RAG\rag_qa\core\document_processor.py - process_documents - document_processor - 126 - ====================================================================================================
2026-07-26 17:57:53,868 - INFO - D:\WorkSpace\Education-RAG\rag_qa\core\document_processor.py - process_documents - document_processor - 125 - 处理文档成功:父块doc_1_parent_4:子块:doc_1_parent_4_child_4
2026-07-26 17:57:53,868 - WARNING - D:\WorkSpace\Education-RAG\rag_qa\core\document_processor.py - process_documents - document_processor - 126 - ====================================================================================================
2026-07-26 17:57:53,868 - INFO - D:\WorkSpace\Education-RAG\rag_qa\core\document_processor.py - process_documents - document_processor - 125 - 处理文档成功:父块doc_1_parent_5:子块:doc_1_parent_5_child_0
2026-07-26 17:57:53,868 - WARNING - D:\WorkSpace\Education-RAG\rag_qa\core\document_processor.py - process_documents - document_processor - 126 - ====================================================================================================
2026-07-26 17:57:53,868 - INFO - D:\WorkSpace\Education-RAG\rag_qa\core\document_processor.py - process_documents - document_processor - 125 - 处理文档成功:父块doc_1_parent_5:子块:doc_1_parent_5_child_1
2026-07-26 17:57:53,868 - WARNING - D:\WorkSpace\Education-RAG\rag_qa\core\document_processor.py - process_documents - document_processor - 126 - ====================================================================================================
2026-07-26 17:57:53,868 - INFO - D:\WorkSpace\Education-RAG\rag_qa\core\document_processor.py - process_documents - document_processor - 125 - 处理文档成功:父块doc_1_parent_5:子块:doc_1_parent_5_child_2
2026-07-26 17:57:53,868 - WARNING - D:\WorkSpace\Education-RAG\rag_qa\core\document_processor.py - process_documents - document_processor - 126 - ====================================================================================================
2026-07-26 17:57:53,868 - INFO - D:\WorkSpace\Education-RAG\rag_qa\core\document_processor.py - process_documents - document_processor - 125 - 处理文档成功:父块doc_1_parent_5:子块:doc_1_parent_5_child_3
2026-07-26 17:57:53,868 - WARNING - D:\WorkSpace\Education-RAG\rag_qa\core\document_processor.py - process_documents - document_processor - 126 - ====================================================================================================
2026-07-26 17:57:53,868 - INFO - D:\WorkSpace\Education-RAG\rag_qa\core\document_processor.py - process_documents - document_processor - 125 - 处理文档成功:父块doc_1_parent_5:子块:doc_1_parent_5_child_4
2026-07-26 17:57:53,868 - WARNING - D:\WorkSpace\Education-RAG\rag_qa\core\document_processor.py - process_documents - document_processor - 126 - ====================================================================================================
2026-07-26 17:57:53,868 - INFO - D:\WorkSpace\Education-RAG\rag_qa\core\document_processor.py - process_documents - document_processor - 125 - 处理文档成功:父块doc_1_parent_6:子块:doc_1_parent_6_child_0
2026-07-26 17:57:53,868 - WARNING - D:\WorkSpace\Education-RAG\rag_qa\core\document_processor.py - process_documents - document_processor - 126 - ====================================================================================================
2026-07-26 17:57:53,868 - INFO - D:\WorkSpace\Education-RAG\rag_qa\core\document_processor.py - process_documents - document_processor - 125 - 处理文档成功:父块doc_1_parent_6:子块:doc_1_parent_6_child_1
2026-07-26 17:57:53,869 - WARNING - D:\WorkSpace\Education-RAG\rag_qa\core\document_processor.py - process_documents - document_processor - 126 - ====================================================================================================
2026-07-26 17:57:53,869 - INFO - D:\WorkSpace\Education-RAG\rag_qa\core\document_processor.py - process_documents - document_processor - 125 - 处理文档成功:父块doc_1_parent_6:子块:doc_1_parent_6_child_2
2026-07-26 17:57:53,869 - WARNING - D:\WorkSpace\Education-RAG\rag_qa\core\document_processor.py - process_documents - document_processor - 126 - ====================================================================================================
2026-07-26 17:57:53,869 - INFO - D:\WorkSpace\Education-RAG\rag_qa\core\document_processor.py - process_documents - document_processor - 125 - 处理文档成功:父块doc_1_parent_6:子块:doc_1_parent_6_child_3
2026-07-26 17:57:53,869 - WARNING - D:\WorkSpace\Education-RAG\rag_qa\core\document_processor.py - process_documents - document_processor - 126 - ====================================================================================================
2026-07-26 17:57:53,869 - INFO - D:\WorkSpace\Education-RAG\rag_qa\core\document_processor.py - process_documents - document_processor - 125 - 处理文档成功:父块doc_1_parent_7:子块:doc_1_parent_7_child_0
2026-07-26 17:57:53,869 - WARNING - D:\WorkSpace\Education-RAG\rag_qa\core\document_processor.py - process_documents - document_processor - 126 - ====================================================================================================
2026-07-26 17:57:53,869 - INFO - D:\WorkSpace\Education-RAG\rag_qa\core\document_processor.py - process_documents - document_processor - 125 - 处理文档成功:父块doc_1_parent_7:子块:doc_1_parent_7_child_1
2026-07-26 17:57:53,869 - WARNING - D:\WorkSpace\Education-RAG\rag_qa\core\document_processor.py - process_documents - document_processor - 126 - ====================================================================================================
2026-07-26 17:57:53,869 - INFO - D:\WorkSpace\Education-RAG\rag_qa\core\document_processor.py - process_documents - document_processor - 125 - 处理文档成功:父块doc_1_parent_8:子块:doc_1_parent_8_child_0
2026-07-26 17:57:53,869 - WARNING - D:\WorkSpace\Education-RAG\rag_qa\core\document_processor.py - process_documents - document_processor - 126 - ====================================================================================================
2026-07-26 17:57:53,869 - INFO - D:\WorkSpace\Education-RAG\rag_qa\core\document_processor.py - process_documents - document_processor - 125 - 处理文档成功:父块doc_1_parent_8:子块:doc_1_parent_8_child_1
2026-07-26 17:57:53,869 - WARNING - D:\WorkSpace\Education-RAG\rag_qa\core\document_processor.py - process_documents - document_processor - 126 - ====================================================================================================
2026-07-26 17:57:53,869 - INFO - D:\WorkSpace\Education-RAG\rag_qa\core\document_processor.py - process_documents - document_processor - 125 - 处理文档成功:父块doc_1_parent_8:子块:doc_1_parent_8_child_2
2026-07-26 17:57:53,869 - WARNING - D:\WorkSpace\Education-RAG\rag_qa\core\document_processor.py - process_documents - document_processor - 126 - ====================================================================================================
2026-07-26 17:57:53,869 - INFO - D:\WorkSpace\Education-RAG\rag_qa\core\document_processor.py - process_documents - document_processor - 125 - 处理文档成功:父块doc_1_parent_8:子块:doc_1_parent_8_child_3
2026-07-26 17:57:53,869 - WARNING - D:\WorkSpace\Education-RAG\rag_qa\core\document_processor.py - process_documents - document_processor - 126 - ====================================================================================================
2026-07-26 17:57:53,869 - INFO - D:\WorkSpace\Education-RAG\rag_qa\core\document_processor.py - process_documents - document_processor - 125 - 处理文档成功:父块doc_1_parent_8:子块:doc_1_parent_8_child_4
2026-07-26 17:57:53,870 - WARNING - D:\WorkSpace\Education-RAG\rag_qa\core\document_processor.py - process_documents - document_processor - 126 - ====================================================================================================
2026-07-26 17:57:53,870 - INFO - D:\WorkSpace\Education-RAG\rag_qa\core\document_processor.py - process_documents - document_processor - 125 - 处理文档成功:父块doc_1_parent_9:子块:doc_1_parent_9_child_0
2026-07-26 17:57:53,870 - WARNING - D:\WorkSpace\Education-RAG\rag_qa\core\document_processor.py - process_documents - document_processor - 126 - ====================================================================================================
2026-07-26 17:57:53,870 - INFO - D:\WorkSpace\Education-RAG\rag_qa\core\document_processor.py - process_documents - document_processor - 125 - 处理文档成功:父块doc_1_parent_9:子块:doc_1_parent_9_child_1
2026-07-26 17:57:53,870 - WARNING - D:\WorkSpace\Education-RAG\rag_qa\core\document_processor.py - process_documents - document_processor - 126 - ====================================================================================================
2026-07-26 17:57:53,870 - INFO - D:\WorkSpace\Education-RAG\rag_qa\core\document_processor.py - process_documents - document_processor - 125 - 处理文档成功:父块doc_1_parent_9:子块:doc_1_parent_9_child_2
2026-07-26 17:57:53,870 - WARNING - D:\WorkSpace\Education-RAG\rag_qa\core\document_processor.py - process_documents - document_processor - 126 - ====================================================================================================
2026-07-26 17:57:53,870 - INFO - D:\WorkSpace\Education-RAG\rag_qa\core\document_processor.py - process_documents - document_processor - 125 - 处理文档成功:父块doc_1_parent_9:子块:doc_1_parent_9_child_3
2026-07-26 17:57:53,870 - WARNING - D:\WorkSpace\Education-RAG\rag_qa\core\document_processor.py - process_documents - document_processor - 126 - ====================================================================================================
2026-07-26 17:57:53,870 - INFO - D:\WorkSpace\Education-RAG\rag_qa\core\document_processor.py - process_documents - document_processor - 125 - 处理文档成功:父块doc_1_parent_9:子块:doc_1_parent_9_child_4
2026-07-26 17:57:53,870 - WARNING - D:\WorkSpace\Education-RAG\rag_qa\core\document_processor.py - process_documents - document_processor - 126 - ====================================================================================================
2026-07-26 17:57:53,870 - INFO - D:\WorkSpace\Education-RAG\rag_qa\core\document_processor.py - process_documents - document_processor - 125 - 处理文档成功:父块doc_1_parent_10:子块:doc_1_parent_10_child_0
2026-07-26 17:57:53,870 - WARNING - D:\WorkSpace\Education-RAG\rag_qa\core\document_processor.py - process_documents - document_processor - 126 - ====================================================================================================
2026-07-26 17:57:53,870 - INFO - D:\WorkSpace\Education-RAG\rag_qa\core\document_processor.py - process_documents - document_processor - 125 - 处理文档成功:父块doc_1_parent_10:子块:doc_1_parent_10_child_1
2026-07-26 17:57:53,870 - WARNING - D:\WorkSpace\Education-RAG\rag_qa\core\document_processor.py - process_documents - document_processor - 126 - ====================================================================================================
2026-07-26 17:57:53,870 - INFO - D:\WorkSpace\Education-RAG\rag_qa\core\document_processor.py - process_documents - document_processor - 125 - 处理文档成功:父块doc_1_parent_10:子块:doc_1_parent_10_child_2
2026-07-26 17:57:53,870 - WARNING - D:\WorkSpace\Education-RAG\rag_qa\core\document_processor.py - process_documents - document_processor - 126 - ====================================================================================================
2026-07-26 17:57:53,871 - INFO - D:\WorkSpace\Education-RAG\rag_qa\core\document_processor.py - process_documents - document_processor - 125 - 处理文档成功:父块doc_1_parent_11:子块:doc_1_parent_11_child_0
2026-07-26 17:57:53,871 - WARNING - D:\WorkSpace\Education-RAG\rag_qa\core\document_processor.py - process_documents - document_processor - 126 - ====================================================================================================
2026-07-26 17:57:53,871 - INFO - D:\WorkSpace\Education-RAG\rag_qa\core\document_processor.py - process_documents - document_processor - 125 - 处理文档成功:父块doc_1_parent_11:子块:doc_1_parent_11_child_1
2026-07-26 17:57:53,871 - WARNING - D:\WorkSpace\Education-RAG\rag_qa\core\document_processor.py - process_documents - document_processor - 126 - ====================================================================================================
2026-07-26 17:57:53,871 - INFO - D:\WorkSpace\Education-RAG\rag_qa\core\document_processor.py - process_documents - document_processor - 125 - 处理文档成功:父块doc_1_parent_11:子块:doc_1_parent_11_child_2
2026-07-26 17:57:53,871 - WARNING - D:\WorkSpace\Education-RAG\rag_qa\core\document_processor.py - process_documents - document_processor - 126 - ====================================================================================================
2026-07-26 17:57:53,871 - INFO - D:\WorkSpace\Education-RAG\rag_qa\core\document_processor.py - process_documents - document_processor - 125 - 处理文档成功:父块doc_2_parent_0:子块:doc_2_parent_0_child_0
2026-07-26 17:57:53,871 - WARNING - D:\WorkSpace\Education-RAG\rag_qa\core\document_processor.py - process_documents - document_processor - 126 - ====================================================================================================
2026-07-26 17:57:53,871 - INFO - D:\WorkSpace\Education-RAG\rag_qa\core\document_processor.py - process_documents - document_processor - 125 - 处理文档成功:父块doc_2_parent_1:子块:doc_2_parent_1_child_0
2026-07-26 17:57:53,871 - WARNING - D:\WorkSpace\Education-RAG\rag_qa\core\document_processor.py - process_documents - document_processor - 126 - ====================================================================================================
2026-07-26 17:57:53,871 - INFO - D:\WorkSpace\Education-RAG\rag_qa\core\document_processor.py - process_documents - document_processor - 125 - 处理文档成功:父块doc_2_parent_1:子块:doc_2_parent_1_child_1
2026-07-26 17:57:53,871 - WARNING - D:\WorkSpace\Education-RAG\rag_qa\core\document_processor.py - process_documents - document_processor - 126 - ====================================================================================================
2026-07-26 17:57:53,871 - INFO - D:\WorkSpace\Education-RAG\rag_qa\core\document_processor.py - process_documents - document_processor - 125 - 处理文档成功:父块doc_2_parent_1:子块:doc_2_parent_1_child_2
2026-07-26 17:57:53,871 - WARNING - D:\WorkSpace\Education-RAG\rag_qa\core\document_processor.py - process_documents - document_processor - 126 - ====================================================================================================
2026-07-26 17:57:53,872 - INFO - D:\WorkSpace\Education-RAG\rag_qa\core\document_processor.py - process_documents - document_processor - 125 - 处理文档成功:父块doc_2_parent_1:子块:doc_2_parent_1_child_3
2026-07-26 17:57:53,872 - WARNING - D:\WorkSpace\Education-RAG\rag_qa\core\document_processor.py - process_documents - document_processor - 126 - ====================================================================================================
2026-07-26 17:57:53,872 - INFO - D:\WorkSpace\Education-RAG\rag_qa\core\document_processor.py - process_documents - document_processor - 125 - 处理文档成功:父块doc_2_parent_1:子块:doc_2_parent_1_child_4
2026-07-26 17:57:53,872 - WARNING - D:\WorkSpace\Education-RAG\rag_qa\core\document_processor.py - process_documents - document_processor - 126 - ====================================================================================================
2026-07-26 17:57:53,872 - INFO - D:\WorkSpace\Education-RAG\rag_qa\core\document_processor.py - process_documents - document_processor - 125 - 处理文档成功:父块doc_2_parent_1:子块:doc_2_parent_1_child_5
2026-07-26 17:57:53,872 - WARNING - D:\WorkSpace\Education-RAG\rag_qa\core\document_processor.py - process_documents - document_processor - 126 - ====================================================================================================
2026-07-26 17:57:53,872 - INFO - D:\WorkSpace\Education-RAG\rag_qa\core\document_processor.py - process_documents - document_processor - 125 - 处理文档成功:父块doc_2_parent_2:子块:doc_2_parent_2_child_0
2026-07-26 17:57:53,872 - WARNING - D:\WorkSpace\Education-RAG\rag_qa\core\document_processor.py - process_documents - document_processor - 126 - ====================================================================================================
2026-07-26 17:57:53,872 - INFO - D:\WorkSpace\Education-RAG\rag_qa\core\document_processor.py - process_documents - document_processor - 125 - 处理文档成功:父块doc_2_parent_2:子块:doc_2_parent_2_child_1
2026-07-26 17:57:53,872 - WARNING - D:\WorkSpace\Education-RAG\rag_qa\core\document_processor.py - process_documents - document_processor - 126 - ====================================================================================================
2026-07-26 17:57:53,872 - INFO - D:\WorkSpace\Education-RAG\rag_qa\core\document_processor.py - process_documents - document_processor - 125 - 处理文档成功:父块doc_2_parent_2:子块:doc_2_parent_2_child_2
2026-07-26 17:57:53,872 - WARNING - D:\WorkSpace\Education-RAG\rag_qa\core\document_processor.py - process_documents - document_processor - 126 - ====================================================================================================
2026-07-26 17:57:53,872 - INFO - D:\WorkSpace\Education-RAG\rag_qa\core\document_processor.py - process_documents - document_processor - 125 - 处理文档成功:父块doc_2_parent_2:子块:doc_2_parent_2_child_3
2026-07-26 17:57:53,872 - WARNING - D:\WorkSpace\Education-RAG\rag_qa\core\document_processor.py - process_documents - document_processor - 126 - ====================================================================================================
2026-07-26 17:57:53,872 - INFO - D:\WorkSpace\Education-RAG\rag_qa\core\document_processor.py - process_documents - document_processor - 125 - 处理文档成功:父块doc_2_parent_2:子块:doc_2_parent_2_child_4
2026-07-26 17:57:53,872 - WARNING - D:\WorkSpace\Education-RAG\rag_qa\core\document_processor.py - process_documents - document_processor - 126 - ====================================================================================================
2026-07-26 17:57:53,872 - INFO - D:\WorkSpace\Education-RAG\rag_qa\core\document_processor.py - process_documents - document_processor - 125 - 处理文档成功:父块doc_2_parent_2:子块:doc_2_parent_2_child_5
2026-07-26 17:57:53,872 - WARNING - D:\WorkSpace\Education-RAG\rag_qa\core\document_processor.py - process_documents - document_processor - 126 - ====================================================================================================
2026-07-26 17:57:53,872 - INFO - D:\WorkSpace\Education-RAG\rag_qa\core\document_processor.py - process_documents - document_processor - 125 - 处理文档成功:父块doc_2_parent_3:子块:doc_2_parent_3_child_0
2026-07-26 17:57:53,872 - WARNING - D:\WorkSpace\Education-RAG\rag_qa\core\document_processor.py - process_documents - document_processor - 126 - ====================================================================================================
2026-07-26 17:57:53,872 - INFO - D:\WorkSpace\Education-RAG\rag_qa\core\document_processor.py - process_documents - document_processor - 125 - 处理文档成功:父块doc_2_parent_4:子块:doc_2_parent_4_child_0
2026-07-26 17:57:53,873 - WARNING - D:\WorkSpace\Education-RAG\rag_qa\core\document_processor.py - process_documents - document_processor - 126 - ====================================================================================================
2026-07-26 17:57:53,873 - INFO - D:\WorkSpace\Education-RAG\rag_qa\core\document_processor.py - process_documents - document_processor - 125 - 处理文档成功:父块doc_2_parent_4:子块:doc_2_parent_4_child_1
2026-07-26 17:57:53,873 - WARNING - D:\WorkSpace\Education-RAG\rag_qa\core\document_processor.py - process_documents - document_processor - 126 - ====================================================================================================
2026-07-26 17:57:53,873 - INFO - D:\WorkSpace\Education-RAG\rag_qa\core\document_processor.py - process_documents - document_processor - 125 - 处理文档成功:父块doc_2_parent_4:子块:doc_2_parent_4_child_2
2026-07-26 17:57:53,873 - WARNING - D:\WorkSpace\Education-RAG\rag_qa\core\document_processor.py - process_documents - document_processor - 126 - ====================================================================================================
2026-07-26 17:57:53,873 - INFO - D:\WorkSpace\Education-RAG\rag_qa\core\document_processor.py - process_documents - document_processor - 125 - 处理文档成功:父块doc_3_parent_0:子块:doc_3_parent_0_child_0
2026-07-26 17:57:53,873 - WARNING - D:\WorkSpace\Education-RAG\rag_qa\core\document_processor.py - process_documents - document_processor - 126 - ====================================================================================================
2026-07-26 17:57:53,873 - INFO - D:\WorkSpace\Education-RAG\rag_qa\core\document_processor.py - process_documents - document_processor - 125 - 处理文档成功:父块doc_3_parent_0:子块:doc_3_parent_0_child_1
2026-07-26 17:57:53,873 - WARNING - D:\WorkSpace\Education-RAG\rag_qa\core\document_processor.py - process_documents - document_processor - 126 - ====================================================================================================
2026-07-26 17:57:53,873 - INFO - D:\WorkSpace\Education-RAG\rag_qa\core\document_processor.py - process_documents - document_processor - 125 - 处理文档成功:父块doc_3_parent_0:子块:doc_3_parent_0_child_2
2026-07-26 17:57:53,873 - WARNING - D:\WorkSpace\Education-RAG\rag_qa\core\document_processor.py - process_documents - document_processor - 126 - ====================================================================================================
2026-07-26 17:57:53,873 - INFO - D:\WorkSpace\Education-RAG\rag_qa\core\document_processor.py - process_documents - document_processor - 125 - 处理文档成功:父块doc_3_parent_0:子块:doc_3_parent_0_child_3
2026-07-26 17:57:53,873 - WARNING - D:\WorkSpace\Education-RAG\rag_qa\core\document_processor.py - process_documents - document_processor - 126 - ====================================================================================================
2026-07-26 17:57:53,873 - INFO - D:\WorkSpace\Education-RAG\rag_qa\core\document_processor.py - process_documents - document_processor - 125 - 处理文档成功:父块doc_3_parent_0:子块:doc_3_parent_0_child_4
2026-07-26 17:57:53,873 - WARNING - D:\WorkSpace\Education-RAG\rag_qa\core\document_processor.py - process_documents - document_processor - 126 - ====================================================================================================
2026-07-26 21:53:14,794 - INFO - D:\WorkSpace\Education-RAG\rag_qa\core\document_processor.py - load_documents_from_directory - document_processor - 101 - 加载文件成功:D:\WorkSpace\Education-RAG\rag_qa/data/ai_data\LLM基础知识.pdf
2026-07-26 21:53:15,638 - INFO - D:\WorkSpace\Education-RAG\rag_qa\core\document_processor.py - load_documents_from_directory - document_processor - 101 - 加载文件成功:D:\WorkSpace\Education-RAG\rag_qa/data/ai_data\人工智能就业课课程大纲.docx
2026-07-26 21:53:28,208 - INFO - D:\WorkSpace\Education-RAG\rag_qa\core\document_processor.py - load_documents_from_directory - document_processor - 101 - 加载文件成功:D:\WorkSpace\Education-RAG\rag_qa/data/ai_data\就业指导课.pptx
2026-07-26 21:53:34,745 - INFO - D:\WorkSpace\Education-RAG\rag_qa\core\document_processor.py - load_documents_from_directory - document_processor - 101 - 加载文件成功:D:\WorkSpace\Education-RAG\rag_qa/data/ai_data\语言模型.png
2026-07-26 21:53:34,746 - INFO - D:\WorkSpace\Education-RAG\rag_qa\core\document_processor.py - process_documents - document_processor - 153 - 处理文档成功:父块doc_0_parent_0:子块:doc_0_parent_0_child_0
2026-07-26 21:53:34,746 - WARNING - D:\WorkSpace\Education-RAG\rag_qa\core\document_processor.py - process_documents - document_processor - 154 - ====================================================================================================
2026-07-26 21:53:34,746 - INFO - D:\WorkSpace\Education-RAG\rag_qa\core\document_processor.py - process_documents - document_processor - 153 - 处理文档成功:父块doc_0_parent_0:子块:doc_0_parent_0_child_1
2026-07-26 21:53:34,746 - WARNING - D:\WorkSpace\Education-RAG\rag_qa\core\document_processor.py - process_documents - document_processor - 154 - ====================================================================================================
2026-07-26 21:53:34,746 - INFO - D:\WorkSpace\Education-RAG\rag_qa\core\document_processor.py - process_documents - document_processor - 153 - 处理文档成功:父块doc_0_parent_0:子块:doc_0_parent_0_child_2
2026-07-26 21:53:34,746 - WARNING - D:\WorkSpace\Education-RAG\rag_qa\core\document_processor.py - process_documents - document_processor - 154 - ====================================================================================================
2026-07-26 21:53:34,746 - INFO - D:\WorkSpace\Education-RAG\rag_qa\core\document_processor.py - process_documents - document_processor - 153 - 处理文档成功:父块doc_0_parent_1:子块:doc_0_parent_1_child_0
2026-07-26 21:53:34,746 - WARNING - D:\WorkSpace\Education-RAG\rag_qa\core\document_processor.py - process_documents - document_processor - 154 - ====================================================================================================
2026-07-26 21:53:34,746 - INFO - D:\WorkSpace\Education-RAG\rag_qa\core\document_processor.py - process_documents - document_processor - 153 - 处理文档成功:父块doc_0_parent_1:子块:doc_0_parent_1_child_1
2026-07-26 21:53:34,746 - WARNING - D:\WorkSpace\Education-RAG\rag_qa\core\document_processor.py - process_documents - document_processor - 154 - ====================================================================================================
2026-07-26 21:53:34,746 - INFO - D:\WorkSpace\Education-RAG\rag_qa\core\document_processor.py - process_documents - document_processor - 153 - 处理文档成功:父块doc_0_parent_1:子块:doc_0_parent_1_child_2
2026-07-26 21:53:34,746 - WARNING - D:\WorkSpace\Education-RAG\rag_qa\core\document_processor.py - process_documents - document_processor - 154 - ====================================================================================================
2026-07-26 21:53:34,746 - INFO - D:\WorkSpace\Education-RAG\rag_qa\core\document_processor.py - process_documents - document_processor - 153 - 处理文档成功:父块doc_0_parent_1:子块:doc_0_parent_1_child_3
2026-07-26 21:53:34,746 - WARNING - D:\WorkSpace\Education-RAG\rag_qa\core\document_processor.py - process_documents - document_processor - 154 - ====================================================================================================
2026-07-26 21:53:34,746 - INFO - D:\WorkSpace\Education-RAG\rag_qa\core\document_processor.py - process_documents - document_processor - 153 - 处理文档成功:父块doc_0_parent_1:子块:doc_0_parent_1_child_4
2026-07-26 21:53:34,746 - WARNING - D:\WorkSpace\Education-RAG\rag_qa\core\document_processor.py - process_documents - document_processor - 154 - ====================================================================================================
2026-07-26 21:53:34,746 - INFO - D:\WorkSpace\Education-RAG\rag_qa\core\document_processor.py - process_documents - document_processor - 153 - 处理文档成功:父块doc_0_parent_1:子块:doc_0_parent_1_child_5
2026-07-26 21:53:34,750 - WARNING - D:\WorkSpace\Education-RAG\rag_qa\core\document_processor.py - process_documents - document_processor - 154 - ====================================================================================================
2026-07-26 21:53:34,750 - INFO - D:\WorkSpace\Education-RAG\rag_qa\core\document_processor.py - process_documents - document_processor - 153 - 处理文档成功:父块doc_0_parent_2:子块:doc_0_parent_2_child_0
2026-07-26 21:53:34,750 - WARNING - D:\WorkSpace\Education-RAG\rag_qa\core\document_processor.py - process_documents - document_processor - 154 - ====================================================================================================
2026-07-26 21:53:34,750 - INFO - D:\WorkSpace\Education-RAG\rag_qa\core\document_processor.py - process_documents - document_processor - 153 - 处理文档成功:父块doc_0_parent_2:子块:doc_0_parent_2_child_1
2026-07-26 21:53:34,750 - WARNING - D:\WorkSpace\Education-RAG\rag_qa\core\document_processor.py - process_documents - document_processor - 154 - ====================================================================================================
2026-07-26 21:53:34,750 - INFO - D:\WorkSpace\Education-RAG\rag_qa\core\document_processor.py - process_documents - document_processor - 153 - 处理文档成功:父块doc_0_parent_2:子块:doc_0_parent_2_child_2
2026-07-26 21:53:34,750 - WARNING - D:\WorkSpace\Education-RAG\rag_qa\core\document_processor.py - process_documents - document_processor - 154 - ====================================================================================================
2026-07-26 21:53:34,750 - INFO - D:\WorkSpace\Education-RAG\rag_qa\core\document_processor.py - process_documents - document_processor - 153 - 处理文档成功:父块doc_0_parent_2:子块:doc_0_parent_2_child_3
2026-07-26 21:53:34,750 - WARNING - D:\WorkSpace\Education-RAG\rag_qa\core\document_processor.py - process_documents - document_processor - 154 - ====================================================================================================
2026-07-26 21:53:34,750 - INFO - D:\WorkSpace\Education-RAG\rag_qa\core\document_processor.py - process_documents - document_processor - 153 - 处理文档成功:父块doc_0_parent_2:子块:doc_0_parent_2_child_4
2026-07-26 21:53:34,750 - WARNING - D:\WorkSpace\Education-RAG\rag_qa\core\document_processor.py - process_documents - document_processor - 154 - ====================================================================================================
2026-07-26 21:53:34,750 - INFO - D:\WorkSpace\Education-RAG\rag_qa\core\document_processor.py - process_documents - document_processor - 153 - 处理文档成功:父块doc_0_parent_2:子块:doc_0_parent_2_child_5
2026-07-26 21:53:34,750 - WARNING - D:\WorkSpace\Education-RAG\rag_qa\core\document_processor.py - process_documents - document_processor - 154 - ====================================================================================================
2026-07-26 21:53:34,750 - INFO - D:\WorkSpace\Education-RAG\rag_qa\core\document_processor.py - process_documents - document_processor - 153 - 处理文档成功:父块doc_0_parent_3:子块:doc_0_parent_3_child_0
2026-07-26 21:53:34,750 - WARNING - D:\WorkSpace\Education-RAG\rag_qa\core\document_processor.py - process_documents - document_processor - 154 - ====================================================================================================
2026-07-26 21:53:34,750 - INFO - D:\WorkSpace\Education-RAG\rag_qa\core\document_processor.py - process_documents - document_processor - 153 - 处理文档成功:父块doc_0_parent_3:子块:doc_0_parent_3_child_1
2026-07-26 21:53:34,750 - WARNING - D:\WorkSpace\Education-RAG\rag_qa\core\document_processor.py - process_documents - document_processor - 154 - ====================================================================================================
2026-07-26 21:53:34,750 - INFO - D:\WorkSpace\Education-RAG\rag_qa\core\document_processor.py - process_documents - document_processor - 153 - 处理文档成功:父块doc_0_parent_3:子块:doc_0_parent_3_child_2
2026-07-26 21:53:34,750 - WARNING - D:\WorkSpace\Education-RAG\rag_qa\core\document_processor.py - process_documents - document_processor - 154 - ====================================================================================================
2026-07-26 21:53:34,751 - INFO - D:\WorkSpace\Education-RAG\rag_qa\core\document_processor.py - process_documents - document_processor - 153 - 处理文档成功:父块doc_0_parent_3:子块:doc_0_parent_3_child_3
2026-07-26 21:53:34,751 - WARNING - D:\WorkSpace\Education-RAG\rag_qa\core\document_processor.py - process_documents - document_processor - 154 - ====================================================================================================
2026-07-26 21:53:34,751 - INFO - D:\WorkSpace\Education-RAG\rag_qa\core\document_processor.py - process_documents - document_processor - 153 - 处理文档成功:父块doc_0_parent_3:子块:doc_0_parent_3_child_4
2026-07-26 21:53:34,751 - WARNING - D:\WorkSpace\Education-RAG\rag_qa\core\document_processor.py - process_documents - document_processor - 154 - ====================================================================================================
2026-07-26 21:53:34,751 - INFO - D:\WorkSpace\Education-RAG\rag_qa\core\document_processor.py - process_documents - document_processor - 153 - 处理文档成功:父块doc_0_parent_4:子块:doc_0_parent_4_child_0
2026-07-26 21:53:34,751 - WARNING - D:\WorkSpace\Education-RAG\rag_qa\core\document_processor.py - process_documents - document_processor - 154 - ====================================================================================================
2026-07-26 21:53:34,751 - INFO - D:\WorkSpace\Education-RAG\rag_qa\core\document_processor.py - process_documents - document_processor - 153 - 处理文档成功:父块doc_0_parent_4:子块:doc_0_parent_4_child_1
2026-07-26 21:53:34,751 - WARNING - D:\WorkSpace\Education-RAG\rag_qa\core\document_processor.py - process_documents - document_processor - 154 - ====================================================================================================
2026-07-26 21:53:34,751 - INFO - D:\WorkSpace\Education-RAG\rag_qa\core\document_processor.py - process_documents - document_processor - 153 - 处理文档成功:父块doc_0_parent_4:子块:doc_0_parent_4_child_2
2026-07-26 21:53:34,751 - WARNING - D:\WorkSpace\Education-RAG\rag_qa\core\document_processor.py - process_documents - document_processor - 154 - ====================================================================================================
2026-07-26 21:53:34,751 - INFO - D:\WorkSpace\Education-RAG\rag_qa\core\document_processor.py - process_documents - document_processor - 153 - 处理文档成功:父块doc_0_parent_4:子块:doc_0_parent_4_child_3
2026-07-26 21:53:34,751 - WARNING - D:\WorkSpace\Education-RAG\rag_qa\core\document_processor.py - process_documents - document_processor - 154 - ====================================================================================================
2026-07-26 21:53:34,751 - INFO - D:\WorkSpace\Education-RAG\rag_qa\core\document_processor.py - process_documents - document_processor - 153 - 处理文档成功:父块doc_0_parent_4:子块:doc_0_parent_4_child_4
2026-07-26 21:53:34,751 - WARNING - D:\WorkSpace\Education-RAG\rag_qa\core\document_processor.py - process_documents - document_processor - 154 - ====================================================================================================
2026-07-26 21:53:34,751 - INFO - D:\WorkSpace\Education-RAG\rag_qa\core\document_processor.py - process_documents - document_processor - 153 - 处理文档成功:父块doc_0_parent_4:子块:doc_0_parent_4_child_5
2026-07-26 21:53:34,751 - WARNING - D:\WorkSpace\Education-RAG\rag_qa\core\document_processor.py - process_documents - document_processor - 154 - ====================================================================================================
2026-07-26 21:53:34,751 - INFO - D:\WorkSpace\Education-RAG\rag_qa\core\document_processor.py - process_documents - document_processor - 153 - 处理文档成功:父块doc_0_parent_5:子块:doc_0_parent_5_child_0
2026-07-26 21:53:34,751 - WARNING - D:\WorkSpace\Education-RAG\rag_qa\core\document_processor.py - process_documents - document_processor - 154 - ====================================================================================================
2026-07-26 21:53:34,752 - INFO - D:\WorkSpace\Education-RAG\rag_qa\core\document_processor.py - process_documents - document_processor - 153 - 处理文档成功:父块doc_0_parent_6:子块:doc_0_parent_6_child_0
2026-07-26 21:53:34,752 - WARNING - D:\WorkSpace\Education-RAG\rag_qa\core\document_processor.py - process_documents - document_processor - 154 - ====================================================================================================
2026-07-26 21:53:34,752 - INFO - D:\WorkSpace\Education-RAG\rag_qa\core\document_processor.py - process_documents - document_processor - 153 - 处理文档成功:父块doc_0_parent_6:子块:doc_0_parent_6_child_1
2026-07-26 21:53:34,752 - WARNING - D:\WorkSpace\Education-RAG\rag_qa\core\document_processor.py - process_documents - document_processor - 154 - ====================================================================================================
2026-07-26 21:53:34,752 - INFO - D:\WorkSpace\Education-RAG\rag_qa\core\document_processor.py - process_documents - document_processor - 153 - 处理文档成功:父块doc_0_parent_6:子块:doc_0_parent_6_child_2
2026-07-26 21:53:34,752 - WARNING - D:\WorkSpace\Education-RAG\rag_qa\core\document_processor.py - process_documents - document_processor - 154 - ====================================================================================================
2026-07-26 21:53:34,752 - INFO - D:\WorkSpace\Education-RAG\rag_qa\core\document_processor.py - process_documents - document_processor - 153 - 处理文档成功:父块doc_0_parent_6:子块:doc_0_parent_6_child_3
2026-07-26 21:53:34,752 - WARNING - D:\WorkSpace\Education-RAG\rag_qa\core\document_processor.py - process_documents - document_processor - 154 - ====================================================================================================
2026-07-26 21:53:34,752 - INFO - D:\WorkSpace\Education-RAG\rag_qa\core\document_processor.py - process_documents - document_processor - 153 - 处理文档成功:父块doc_0_parent_6:子块:doc_0_parent_6_child_4
2026-07-26 21:53:34,752 - WARNING - D:\WorkSpace\Education-RAG\rag_qa\core\document_processor.py - process_documents - document_processor - 154 - ====================================================================================================
2026-07-26 21:53:34,752 - INFO - D:\WorkSpace\Education-RAG\rag_qa\core\document_processor.py - process_documents - document_processor - 153 - 处理文档成功:父块doc_0_parent_7:子块:doc_0_parent_7_child_0
2026-07-26 21:53:34,752 - WARNING - D:\WorkSpace\Education-RAG\rag_qa\core\document_processor.py - process_documents - document_processor - 154 - ====================================================================================================
2026-07-26 21:53:34,752 - INFO - D:\WorkSpace\Education-RAG\rag_qa\core\document_processor.py - process_documents - document_processor - 153 - 处理文档成功:父块doc_0_parent_7:子块:doc_0_parent_7_child_1
2026-07-26 21:53:34,752 - WARNING - D:\WorkSpace\Education-RAG\rag_qa\core\document_processor.py - process_documents - document_processor - 154 - ====================================================================================================
2026-07-26 21:53:34,752 - INFO - D:\WorkSpace\Education-RAG\rag_qa\core\document_processor.py - process_documents - document_processor - 153 - 处理文档成功:父块doc_0_parent_7:子块:doc_0_parent_7_child_2
2026-07-26 21:53:34,752 - WARNING - D:\WorkSpace\Education-RAG\rag_qa\core\document_processor.py - process_documents - document_processor - 154 - ====================================================================================================
2026-07-26 21:53:34,752 - INFO - D:\WorkSpace\Education-RAG\rag_qa\core\document_processor.py - process_documents - document_processor - 153 - 处理文档成功:父块doc_0_parent_7:子块:doc_0_parent_7_child_3
2026-07-26 21:53:34,752 - WARNING - D:\WorkSpace\Education-RAG\rag_qa\core\document_processor.py - process_documents - document_processor - 154 - ====================================================================================================
2026-07-26 21:53:34,754 - INFO - D:\WorkSpace\Education-RAG\rag_qa\core\document_processor.py - process_documents - document_processor - 153 - 处理文档成功:父块doc_0_parent_7:子块:doc_0_parent_7_child_4
2026-07-26 21:53:34,754 - WARNING - D:\WorkSpace\Education-RAG\rag_qa\core\document_processor.py - process_documents - document_processor - 154 - ====================================================================================================
2026-07-26 21:53:34,754 - INFO - D:\WorkSpace\Education-RAG\rag_qa\core\document_processor.py - process_documents - document_processor - 153 - 处理文档成功:父块doc_0_parent_7:子块:doc_0_parent_7_child_5
2026-07-26 21:53:34,754 - WARNING - D:\WorkSpace\Education-RAG\rag_qa\core\document_processor.py - process_documents - document_processor - 154 - ====================================================================================================
2026-07-26 21:53:34,754 - INFO - D:\WorkSpace\Education-RAG\rag_qa\core\document_processor.py - process_documents - document_processor - 153 - 处理文档成功:父块doc_0_parent_8:子块:doc_0_parent_8_child_0
2026-07-26 21:53:34,754 - WARNING - D:\WorkSpace\Education-RAG\rag_qa\core\document_processor.py - process_documents - document_processor - 154 - ====================================================================================================
2026-07-26 21:53:34,754 - INFO - D:\WorkSpace\Education-RAG\rag_qa\core\document_processor.py - process_documents - document_processor - 153 - 处理文档成功:父块doc_0_parent_8:子块:doc_0_parent_8_child_1
2026-07-26 21:53:34,754 - WARNING - D:\WorkSpace\Education-RAG\rag_qa\core\document_processor.py - process_documents - document_processor - 154 - ====================================================================================================
2026-07-26 21:53:34,754 - INFO - D:\WorkSpace\Education-RAG\rag_qa\core\document_processor.py - process_documents - document_processor - 153 - 处理文档成功:父块doc_0_parent_8:子块:doc_0_parent_8_child_2
2026-07-26 21:53:34,754 - WARNING - D:\WorkSpace\Education-RAG\rag_qa\core\document_processor.py - process_documents - document_processor - 154 - ====================================================================================================
2026-07-26 21:53:34,754 - INFO - D:\WorkSpace\Education-RAG\rag_qa\core\document_processor.py - process_documents - document_processor - 153 - 处理文档成功:父块doc_0_parent_9:子块:doc_0_parent_9_child_0
2026-07-26 21:53:34,754 - WARNING - D:\WorkSpace\Education-RAG\rag_qa\core\document_processor.py - process_documents - document_processor - 154 - ====================================================================================================
2026-07-26 21:53:34,754 - INFO - D:\WorkSpace\Education-RAG\rag_qa\core\document_processor.py - process_documents - document_processor - 153 - 处理文档成功:父块doc_0_parent_9:子块:doc_0_parent_9_child_1
2026-07-26 21:53:34,754 - WARNING - D:\WorkSpace\Education-RAG\rag_qa\core\document_processor.py - process_documents - document_processor - 154 - ====================================================================================================
2026-07-26 21:53:34,754 - INFO - D:\WorkSpace\Education-RAG\rag_qa\core\document_processor.py - process_documents - document_processor - 153 - 处理文档成功:父块doc_0_parent_9:子块:doc_0_parent_9_child_2
2026-07-26 21:53:34,754 - WARNING - D:\WorkSpace\Education-RAG\rag_qa\core\document_processor.py - process_documents - document_processor - 154 - ====================================================================================================
2026-07-26 21:53:34,754 - INFO - D:\WorkSpace\Education-RAG\rag_qa\core\document_processor.py - process_documents - document_processor - 153 - 处理文档成功:父块doc_0_parent_9:子块:doc_0_parent_9_child_3
2026-07-26 21:53:34,754 - WARNING - D:\WorkSpace\Education-RAG\rag_qa\core\document_processor.py - process_documents - document_processor - 154 - ====================================================================================================
2026-07-26 21:53:34,756 - INFO - D:\WorkSpace\Education-RAG\rag_qa\core\document_processor.py - process_documents - document_processor - 153 - 处理文档成功:父块doc_0_parent_9:子块:doc_0_parent_9_child_4
2026-07-26 21:53:34,756 - WARNING - D:\WorkSpace\Education-RAG\rag_qa\core\document_processor.py - process_documents - document_processor - 154 - ====================================================================================================
2026-07-26 21:53:34,756 - INFO - D:\WorkSpace\Education-RAG\rag_qa\core\document_processor.py - process_documents - document_processor - 153 - 处理文档成功:父块doc_0_parent_9:子块:doc_0_parent_9_child_5
2026-07-26 21:53:34,756 - WARNING - D:\WorkSpace\Education-RAG\rag_qa\core\document_processor.py - process_documents - document_processor - 154 - ====================================================================================================
2026-07-26 21:53:34,756 - INFO - D:\WorkSpace\Education-RAG\rag_qa\core\document_processor.py - process_documents - document_processor - 153 - 处理文档成功:父块doc_0_parent_10:子块:doc_0_parent_10_child_0
2026-07-26 21:53:34,756 - WARNING - D:\WorkSpace\Education-RAG\rag_qa\core\document_processor.py - process_documents - document_processor - 154 - ====================================================================================================
2026-07-26 21:53:34,756 - INFO - D:\WorkSpace\Education-RAG\rag_qa\core\document_processor.py - process_documents - document_processor - 153 - 处理文档成功:父块doc_0_parent_11:子块:doc_0_parent_11_child_0
2026-07-26 21:53:34,756 - WARNING - D:\WorkSpace\Education-RAG\rag_qa\core\document_processor.py - process_documents - document_processor - 154 - ====================================================================================================
2026-07-26 21:53:34,756 - INFO - D:\WorkSpace\Education-RAG\rag_qa\core\document_processor.py - process_documents - document_processor - 153 - 处理文档成功:父块doc_0_parent_11:子块:doc_0_parent_11_child_1
2026-07-26 21:53:34,756 - WARNING - D:\WorkSpace\Education-RAG\rag_qa\core\document_processor.py - process_documents - document_processor - 154 - ====================================================================================================
2026-07-26 21:53:34,756 - INFO - D:\WorkSpace\Education-RAG\rag_qa\core\document_processor.py - process_documents - document_processor - 153 - 处理文档成功:父块doc_0_parent_11:子块:doc_0_parent_11_child_2
2026-07-26 21:53:34,756 - WARNING - D:\WorkSpace\Education-RAG\rag_qa\core\document_processor.py - process_documents - document_processor - 154 - ====================================================================================================
2026-07-26 21:53:34,756 - INFO - D:\WorkSpace\Education-RAG\rag_qa\core\document_processor.py - process_documents - document_processor - 153 - 处理文档成功:父块doc_0_parent_11:子块:doc_0_parent_11_child_3
2026-07-26 21:53:34,756 - WARNING - D:\WorkSpace\Education-RAG\rag_qa\core\document_processor.py - process_documents - document_processor - 154 - ====================================================================================================
2026-07-26 21:53:34,757 - INFO - D:\WorkSpace\Education-RAG\rag_qa\core\document_processor.py - process_documents - document_processor - 153 - 处理文档成功:父块doc_1_parent_0:子块:doc_1_parent_0_child_0
2026-07-26 21:53:34,757 - WARNING - D:\WorkSpace\Education-RAG\rag_qa\core\document_processor.py - process_documents - document_processor - 154 - ====================================================================================================
2026-07-26 21:53:34,757 - INFO - D:\WorkSpace\Education-RAG\rag_qa\core\document_processor.py - process_documents - document_processor - 153 - 处理文档成功:父块doc_1_parent_0:子块:doc_1_parent_0_child_1
2026-07-26 21:53:34,757 - WARNING - D:\WorkSpace\Education-RAG\rag_qa\core\document_processor.py - process_documents - document_processor - 154 - ====================================================================================================
2026-07-26 21:53:34,758 - INFO - D:\WorkSpace\Education-RAG\rag_qa\core\document_processor.py - process_documents - document_processor - 153 - 处理文档成功:父块doc_1_parent_0:子块:doc_1_parent_0_child_2
2026-07-26 21:53:34,758 - WARNING - D:\WorkSpace\Education-RAG\rag_qa\core\document_processor.py - process_documents - document_processor - 154 - ====================================================================================================
2026-07-26 21:53:34,758 - INFO - D:\WorkSpace\Education-RAG\rag_qa\core\document_processor.py - process_documents - document_processor - 153 - 处理文档成功:父块doc_1_parent_0:子块:doc_1_parent_0_child_3
2026-07-26 21:53:34,758 - WARNING - D:\WorkSpace\Education-RAG\rag_qa\core\document_processor.py - process_documents - document_processor - 154 - ====================================================================================================
2026-07-26 21:53:34,758 - INFO - D:\WorkSpace\Education-RAG\rag_qa\core\document_processor.py - process_documents - document_processor - 153 - 处理文档成功:父块doc_1_parent_0:子块:doc_1_parent_0_child_4
2026-07-26 21:53:34,758 - WARNING - D:\WorkSpace\Education-RAG\rag_qa\core\document_processor.py - process_documents - document_processor - 154 - ====================================================================================================
2026-07-26 21:53:34,758 - INFO - D:\WorkSpace\Education-RAG\rag_qa\core\document_processor.py - process_documents - document_processor - 153 - 处理文档成功:父块doc_1_parent_0:子块:doc_1_parent_0_child_5
2026-07-26 21:53:34,758 - WARNING - D:\WorkSpace\Education-RAG\rag_qa\core\document_processor.py - process_documents - document_processor - 154 - ====================================================================================================
2026-07-26 21:53:34,758 - INFO - D:\WorkSpace\Education-RAG\rag_qa\core\document_processor.py - process_documents - document_processor - 153 - 处理文档成功:父块doc_1_parent_1:子块:doc_1_parent_1_child_0
2026-07-26 21:53:34,758 - WARNING - D:\WorkSpace\Education-RAG\rag_qa\core\document_processor.py - process_documents - document_processor - 154 - ====================================================================================================
2026-07-26 21:53:34,758 - INFO - D:\WorkSpace\Education-RAG\rag_qa\core\document_processor.py - process_documents - document_processor - 153 - 处理文档成功:父块doc_1_parent_1:子块:doc_1_parent_1_child_1
2026-07-26 21:53:34,758 - WARNING - D:\WorkSpace\Education-RAG\rag_qa\core\document_processor.py - process_documents - document_processor - 154 - ====================================================================================================
2026-07-26 21:53:34,759 - INFO - D:\WorkSpace\Education-RAG\rag_qa\core\document_processor.py - process_documents - document_processor - 153 - 处理文档成功:父块doc_1_parent_1:子块:doc_1_parent_1_child_2
2026-07-26 21:53:34,759 - WARNING - D:\WorkSpace\Education-RAG\rag_qa\core\document_processor.py - process_documents - document_processor - 154 - ====================================================================================================
2026-07-26 21:53:34,759 - INFO - D:\WorkSpace\Education-RAG\rag_qa\core\document_processor.py - process_documents - document_processor - 153 - 处理文档成功:父块doc_1_parent_1:子块:doc_1_parent_1_child_3
2026-07-26 21:53:34,759 - WARNING - D:\WorkSpace\Education-RAG\rag_qa\core\document_processor.py - process_documents - document_processor - 154 - ====================================================================================================
2026-07-26 21:53:34,759 - INFO - D:\WorkSpace\Education-RAG\rag_qa\core\document_processor.py - process_documents - document_processor - 153 - 处理文档成功:父块doc_1_parent_1:子块:doc_1_parent_1_child_4
2026-07-26 21:53:34,759 - WARNING - D:\WorkSpace\Education-RAG\rag_qa\core\document_processor.py - process_documents - document_processor - 154 - ====================================================================================================
2026-07-26 21:53:34,759 - INFO - D:\WorkSpace\Education-RAG\rag_qa\core\document_processor.py - process_documents - document_processor - 153 - 处理文档成功:父块doc_1_parent_2:子块:doc_1_parent_2_child_0
2026-07-26 21:53:34,759 - WARNING - D:\WorkSpace\Education-RAG\rag_qa\core\document_processor.py - process_documents - document_processor - 154 - ====================================================================================================
2026-07-26 21:53:34,759 - INFO - D:\WorkSpace\Education-RAG\rag_qa\core\document_processor.py - process_documents - document_processor - 153 - 处理文档成功:父块doc_1_parent_2:子块:doc_1_parent_2_child_1
2026-07-26 21:53:34,759 - WARNING - D:\WorkSpace\Education-RAG\rag_qa\core\document_processor.py - process_documents - document_processor - 154 - ====================================================================================================
2026-07-26 21:53:34,759 - INFO - D:\WorkSpace\Education-RAG\rag_qa\core\document_processor.py - process_documents - document_processor - 153 - 处理文档成功:父块doc_1_parent_2:子块:doc_1_parent_2_child_2
2026-07-26 21:53:34,759 - WARNING - D:\WorkSpace\Education-RAG\rag_qa\core\document_processor.py - process_documents - document_processor - 154 - ====================================================================================================
2026-07-26 21:53:34,759 - INFO - D:\WorkSpace\Education-RAG\rag_qa\core\document_processor.py - process_documents - document_processor - 153 - 处理文档成功:父块doc_1_parent_2:子块:doc_1_parent_2_child_3
2026-07-26 21:53:34,759 - WARNING - D:\WorkSpace\Education-RAG\rag_qa\core\document_processor.py - process_documents - document_processor - 154 - ====================================================================================================
2026-07-26 21:53:34,759 - INFO - D:\WorkSpace\Education-RAG\rag_qa\core\document_processor.py - process_documents - document_processor - 153 - 处理文档成功:父块doc_1_parent_2:子块:doc_1_parent_2_child_4
2026-07-26 21:53:34,759 - WARNING - D:\WorkSpace\Education-RAG\rag_qa\core\document_processor.py - process_documents - document_processor - 154 - ====================================================================================================
2026-07-26 21:53:34,759 - INFO - D:\WorkSpace\Education-RAG\rag_qa\core\document_processor.py - process_documents - document_processor - 153 - 处理文档成功:父块doc_1_parent_2:子块:doc_1_parent_2_child_5
2026-07-26 21:53:34,759 - WARNING - D:\WorkSpace\Education-RAG\rag_qa\core\document_processor.py - process_documents - document_processor - 154 - ====================================================================================================
2026-07-26 21:53:34,759 - INFO - D:\WorkSpace\Education-RAG\rag_qa\core\document_processor.py - process_documents - document_processor - 153 - 处理文档成功:父块doc_1_parent_3:子块:doc_1_parent_3_child_0
2026-07-26 21:53:34,761 - WARNING - D:\WorkSpace\Education-RAG\rag_qa\core\document_processor.py - process_documents - document_processor - 154 - ====================================================================================================
2026-07-26 21:53:34,761 - INFO - D:\WorkSpace\Education-RAG\rag_qa\core\document_processor.py - process_documents - document_processor - 153 - 处理文档成功:父块doc_1_parent_3:子块:doc_1_parent_3_child_1
2026-07-26 21:53:34,761 - WARNING - D:\WorkSpace\Education-RAG\rag_qa\core\document_processor.py - process_documents - document_processor - 154 - ====================================================================================================
2026-07-26 21:53:34,761 - INFO - D:\WorkSpace\Education-RAG\rag_qa\core\document_processor.py - process_documents - document_processor - 153 - 处理文档成功:父块doc_1_parent_3:子块:doc_1_parent_3_child_2
2026-07-26 21:53:34,761 - WARNING - D:\WorkSpace\Education-RAG\rag_qa\core\document_processor.py - process_documents - document_processor - 154 - ====================================================================================================
2026-07-26 21:53:34,761 - INFO - D:\WorkSpace\Education-RAG\rag_qa\core\document_processor.py - process_documents - document_processor - 153 - 处理文档成功:父块doc_1_parent_3:子块:doc_1_parent_3_child_3
2026-07-26 21:53:34,761 - WARNING - D:\WorkSpace\Education-RAG\rag_qa\core\document_processor.py - process_documents - document_processor - 154 - ====================================================================================================
2026-07-26 21:53:34,761 - INFO - D:\WorkSpace\Education-RAG\rag_qa\core\document_processor.py - process_documents - document_processor - 153 - 处理文档成功:父块doc_1_parent_3:子块:doc_1_parent_3_child_4
2026-07-26 21:53:34,761 - WARNING - D:\WorkSpace\Education-RAG\rag_qa\core\document_processor.py - process_documents - document_processor - 154 - ====================================================================================================
2026-07-26 21:53:34,761 - INFO - D:\WorkSpace\Education-RAG\rag_qa\core\document_processor.py - process_documents - document_processor - 153 - 处理文档成功:父块doc_1_parent_4:子块:doc_1_parent_4_child_0
2026-07-26 21:53:34,761 - WARNING - D:\WorkSpace\Education-RAG\rag_qa\core\document_processor.py - process_documents - document_processor - 154 - ====================================================================================================
2026-07-26 21:53:34,761 - INFO - D:\WorkSpace\Education-RAG\rag_qa\core\document_processor.py - process_documents - document_processor - 153 - 处理文档成功:父块doc_1_parent_4:子块:doc_1_parent_4_child_1
2026-07-26 21:53:34,761 - WARNING - D:\WorkSpace\Education-RAG\rag_qa\core\document_processor.py - process_documents - document_processor - 154 - ====================================================================================================
2026-07-26 21:53:34,761 - INFO - D:\WorkSpace\Education-RAG\rag_qa\core\document_processor.py - process_documents - document_processor - 153 - 处理文档成功:父块doc_1_parent_4:子块:doc_1_parent_4_child_2
2026-07-26 21:53:34,761 - WARNING - D:\WorkSpace\Education-RAG\rag_qa\core\document_processor.py - process_documents - document_processor - 154 - ====================================================================================================
2026-07-26 21:53:34,761 - INFO - D:\WorkSpace\Education-RAG\rag_qa\core\document_processor.py - process_documents - document_processor - 153 - 处理文档成功:父块doc_1_parent_4:子块:doc_1_parent_4_child_3
2026-07-26 21:53:34,761 - WARNING - D:\WorkSpace\Education-RAG\rag_qa\core\document_processor.py - process_documents - document_processor - 154 - ====================================================================================================
2026-07-26 21:53:34,761 - INFO - D:\WorkSpace\Education-RAG\rag_qa\core\document_processor.py - process_documents - document_processor - 153 - 处理文档成功:父块doc_1_parent_4:子块:doc_1_parent_4_child_4
2026-07-26 21:53:34,762 - WARNING - D:\WorkSpace\Education-RAG\rag_qa\core\document_processor.py - process_documents - document_processor - 154 - ====================================================================================================
2026-07-26 21:53:34,762 - INFO - D:\WorkSpace\Education-RAG\rag_qa\core\document_processor.py - process_documents - document_processor - 153 - 处理文档成功:父块doc_1_parent_5:子块:doc_1_parent_5_child_0
2026-07-26 21:53:34,762 - WARNING - D:\WorkSpace\Education-RAG\rag_qa\core\document_processor.py - process_documents - document_processor - 154 - ====================================================================================================
2026-07-26 21:53:34,762 - INFO - D:\WorkSpace\Education-RAG\rag_qa\core\document_processor.py - process_documents - document_processor - 153 - 处理文档成功:父块doc_1_parent_5:子块:doc_1_parent_5_child_1
2026-07-26 21:53:34,762 - WARNING - D:\WorkSpace\Education-RAG\rag_qa\core\document_processor.py - process_documents - document_processor - 154 - ====================================================================================================
2026-07-26 21:53:34,762 - INFO - D:\WorkSpace\Education-RAG\rag_qa\core\document_processor.py - process_documents - document_processor - 153 - 处理文档成功:父块doc_1_parent_5:子块:doc_1_parent_5_child_2
2026-07-26 21:53:34,762 - WARNING - D:\WorkSpace\Education-RAG\rag_qa\core\document_processor.py - process_documents - document_processor - 154 - ====================================================================================================
2026-07-26 21:53:34,762 - INFO - D:\WorkSpace\Education-RAG\rag_qa\core\document_processor.py - process_documents - document_processor - 153 - 处理文档成功:父块doc_1_parent_5:子块:doc_1_parent_5_child_3
2026-07-26 21:53:34,762 - WARNING - D:\WorkSpace\Education-RAG\rag_qa\core\document_processor.py - process_documents - document_processor - 154 - ====================================================================================================
2026-07-26 21:53:34,762 - INFO - D:\WorkSpace\Education-RAG\rag_qa\core\document_processor.py - process_documents - document_processor - 153 - 处理文档成功:父块doc_1_parent_5:子块:doc_1_parent_5_child_4
2026-07-26 21:53:34,762 - WARNING - D:\WorkSpace\Education-RAG\rag_qa\core\document_processor.py - process_documents - document_processor - 154 - ====================================================================================================
2026-07-26 21:53:34,762 - INFO - D:\WorkSpace\Education-RAG\rag_qa\core\document_processor.py - process_documents - document_processor - 153 - 处理文档成功:父块doc_1_parent_6:子块:doc_1_parent_6_child_0
2026-07-26 21:53:34,762 - WARNING - D:\WorkSpace\Education-RAG\rag_qa\core\document_processor.py - process_documents - document_processor - 154 - ====================================================================================================
2026-07-26 21:53:34,762 - INFO - D:\WorkSpace\Education-RAG\rag_qa\core\document_processor.py - process_documents - document_processor - 153 - 处理文档成功:父块doc_1_parent_6:子块:doc_1_parent_6_child_1
2026-07-26 21:53:34,762 - WARNING - D:\WorkSpace\Education-RAG\rag_qa\core\document_processor.py - process_documents - document_processor - 154 - ====================================================================================================
2026-07-26 21:53:34,762 - INFO - D:\WorkSpace\Education-RAG\rag_qa\core\document_processor.py - process_documents - document_processor - 153 - 处理文档成功:父块doc_1_parent_6:子块:doc_1_parent_6_child_2
2026-07-26 21:53:34,762 - WARNING - D:\WorkSpace\Education-RAG\rag_qa\core\document_processor.py - process_documents - document_processor - 154 - ====================================================================================================
2026-07-26 21:53:34,762 - INFO - D:\WorkSpace\Education-RAG\rag_qa\core\document_processor.py - process_documents - document_processor - 153 - 处理文档成功:父块doc_1_parent_6:子块:doc_1_parent_6_child_3
2026-07-26 21:53:34,764 - WARNING - D:\WorkSpace\Education-RAG\rag_qa\core\document_processor.py - process_documents - document_processor - 154 - ====================================================================================================
2026-07-26 21:53:34,764 - INFO - D:\WorkSpace\Education-RAG\rag_qa\core\document_processor.py - process_documents - document_processor - 153 - 处理文档成功:父块doc_1_parent_7:子块:doc_1_parent_7_child_0
2026-07-26 21:53:34,764 - WARNING - D:\WorkSpace\Education-RAG\rag_qa\core\document_processor.py - process_documents - document_processor - 154 - ====================================================================================================
2026-07-26 21:53:34,764 - INFO - D:\WorkSpace\Education-RAG\rag_qa\core\document_processor.py - process_documents - document_processor - 153 - 处理文档成功:父块doc_1_parent_7:子块:doc_1_parent_7_child_1
2026-07-26 21:53:34,764 - WARNING - D:\WorkSpace\Education-RAG\rag_qa\core\document_processor.py - process_documents - document_processor - 154 - ====================================================================================================
2026-07-26 21:53:34,764 - INFO - D:\WorkSpace\Education-RAG\rag_qa\core\document_processor.py - process_documents - document_processor - 153 - 处理文档成功:父块doc_1_parent_8:子块:doc_1_parent_8_child_0
2026-07-26 21:53:34,764 - WARNING - D:\WorkSpace\Education-RAG\rag_qa\core\document_processor.py - process_documents - document_processor - 154 - ====================================================================================================
2026-07-26 21:53:34,764 - INFO - D:\WorkSpace\Education-RAG\rag_qa\core\document_processor.py - process_documents - document_processor - 153 - 处理文档成功:父块doc_1_parent_8:子块:doc_1_parent_8_child_1
2026-07-26 21:53:34,764 - WARNING - D:\WorkSpace\Education-RAG\rag_qa\core\document_processor.py - process_documents - document_processor - 154 - ====================================================================================================
2026-07-26 21:53:34,764 - INFO - D:\WorkSpace\Education-RAG\rag_qa\core\document_processor.py - process_documents - document_processor - 153 - 处理文档成功:父块doc_1_parent_8:子块:doc_1_parent_8_child_2
2026-07-26 21:53:34,764 - WARNING - D:\WorkSpace\Education-RAG\rag_qa\core\document_processor.py - process_documents - document_processor - 154 - ====================================================================================================
2026-07-26 21:53:34,764 - INFO - D:\WorkSpace\Education-RAG\rag_qa\core\document_processor.py - process_documents - document_processor - 153 - 处理文档成功:父块doc_1_parent_8:子块:doc_1_parent_8_child_3
2026-07-26 21:53:34,764 - WARNING - D:\WorkSpace\Education-RAG\rag_qa\core\document_processor.py - process_documents - document_processor - 154 - ====================================================================================================
2026-07-26 21:53:34,764 - INFO - D:\WorkSpace\Education-RAG\rag_qa\core\document_processor.py - process_documents - document_processor - 153 - 处理文档成功:父块doc_1_parent_8:子块:doc_1_parent_8_child_4
2026-07-26 21:53:34,764 - WARNING - D:\WorkSpace\Education-RAG\rag_qa\core\document_processor.py - process_documents - document_processor - 154 - ====================================================================================================
2026-07-26 21:53:34,764 - INFO - D:\WorkSpace\Education-RAG\rag_qa\core\document_processor.py - process_documents - document_processor - 153 - 处理文档成功:父块doc_1_parent_9:子块:doc_1_parent_9_child_0
2026-07-26 21:53:34,764 - WARNING - D:\WorkSpace\Education-RAG\rag_qa\core\document_processor.py - process_documents - document_processor - 154 - ====================================================================================================
2026-07-26 21:53:34,764 - INFO - D:\WorkSpace\Education-RAG\rag_qa\core\document_processor.py - process_documents - document_processor - 153 - 处理文档成功:父块doc_1_parent_9:子块:doc_1_parent_9_child_1
2026-07-26 21:53:34,766 - WARNING - D:\WorkSpace\Education-RAG\rag_qa\core\document_processor.py - process_documents - document_processor - 154 - ====================================================================================================
2026-07-26 21:53:34,766 - INFO - D:\WorkSpace\Education-RAG\rag_qa\core\document_processor.py - process_documents - document_processor - 153 - 处理文档成功:父块doc_1_parent_9:子块:doc_1_parent_9_child_2
2026-07-26 21:53:34,766 - WARNING - D:\WorkSpace\Education-RAG\rag_qa\core\document_processor.py - process_documents - document_processor - 154 - ====================================================================================================
2026-07-26 21:53:34,766 - INFO - D:\WorkSpace\Education-RAG\rag_qa\core\document_processor.py - process_documents - document_processor - 153 - 处理文档成功:父块doc_1_parent_9:子块:doc_1_parent_9_child_3
2026-07-26 21:53:34,766 - WARNING - D:\WorkSpace\Education-RAG\rag_qa\core\document_processor.py - process_documents - document_processor - 154 - ====================================================================================================
2026-07-26 21:53:34,766 - INFO - D:\WorkSpace\Education-RAG\rag_qa\core\document_processor.py - process_documents - document_processor - 153 - 处理文档成功:父块doc_1_parent_9:子块:doc_1_parent_9_child_4
2026-07-26 21:53:34,766 - WARNING - D:\WorkSpace\Education-RAG\rag_qa\core\document_processor.py - process_documents - document_processor - 154 - ====================================================================================================
2026-07-26 21:53:34,766 - INFO - D:\WorkSpace\Education-RAG\rag_qa\core\document_processor.py - process_documents - document_processor - 153 - 处理文档成功:父块doc_1_parent_10:子块:doc_1_parent_10_child_0
2026-07-26 21:53:34,766 - WARNING - D:\WorkSpace\Education-RAG\rag_qa\core\document_processor.py - process_documents - document_processor - 154 - ====================================================================================================
2026-07-26 21:53:34,766 - INFO - D:\WorkSpace\Education-RAG\rag_qa\core\document_processor.py - process_documents - document_processor - 153 - 处理文档成功:父块doc_1_parent_10:子块:doc_1_parent_10_child_1
2026-07-26 21:53:34,766 - WARNING - D:\WorkSpace\Education-RAG\rag_qa\core\document_processor.py - process_documents - document_processor - 154 - ====================================================================================================
2026-07-26 21:53:34,766 - INFO - D:\WorkSpace\Education-RAG\rag_qa\core\document_processor.py - process_documents - document_processor - 153 - 处理文档成功:父块doc_1_parent_10:子块:doc_1_parent_10_child_2
2026-07-26 21:53:34,766 - WARNING - D:\WorkSpace\Education-RAG\rag_qa\core\document_processor.py - process_documents - document_processor - 154 - ====================================================================================================
2026-07-26 21:53:34,766 - INFO - D:\WorkSpace\Education-RAG\rag_qa\core\document_processor.py - process_documents - document_processor - 153 - 处理文档成功:父块doc_1_parent_11:子块:doc_1_parent_11_child_0
2026-07-26 21:53:34,766 - WARNING - D:\WorkSpace\Education-RAG\rag_qa\core\document_processor.py - process_documents - document_processor - 154 - ====================================================================================================
2026-07-26 21:53:34,766 - INFO - D:\WorkSpace\Education-RAG\rag_qa\core\document_processor.py - process_documents - document_processor - 153 - 处理文档成功:父块doc_1_parent_11:子块:doc_1_parent_11_child_1
2026-07-26 21:53:34,766 - WARNING - D:\WorkSpace\Education-RAG\rag_qa\core\document_processor.py - process_documents - document_processor - 154 - ====================================================================================================
2026-07-26 21:53:34,766 - INFO - D:\WorkSpace\Education-RAG\rag_qa\core\document_processor.py - process_documents - document_processor - 153 - 处理文档成功:父块doc_1_parent_11:子块:doc_1_parent_11_child_2
2026-07-26 21:53:34,767 - WARNING - D:\WorkSpace\Education-RAG\rag_qa\core\document_processor.py - process_documents - document_processor - 154 - ====================================================================================================
2026-07-26 21:53:34,767 - INFO - D:\WorkSpace\Education-RAG\rag_qa\core\document_processor.py - process_documents - document_processor - 153 - 处理文档成功:父块doc_2_parent_0:子块:doc_2_parent_0_child_0
2026-07-26 21:53:34,767 - WARNING - D:\WorkSpace\Education-RAG\rag_qa\core\document_processor.py - process_documents - document_processor - 154 - ====================================================================================================
2026-07-26 21:53:34,767 - INFO - D:\WorkSpace\Education-RAG\rag_qa\core\document_processor.py - process_documents - document_processor - 153 - 处理文档成功:父块doc_2_parent_1:子块:doc_2_parent_1_child_0
2026-07-26 21:53:34,767 - WARNING - D:\WorkSpace\Education-RAG\rag_qa\core\document_processor.py - process_documents - document_processor - 154 - ====================================================================================================
2026-07-26 21:53:34,767 - INFO - D:\WorkSpace\Education-RAG\rag_qa\core\document_processor.py - process_documents - document_processor - 153 - 处理文档成功:父块doc_2_parent_1:子块:doc_2_parent_1_child_1
2026-07-26 21:53:34,767 - WARNING - D:\WorkSpace\Education-RAG\rag_qa\core\document_processor.py - process_documents - document_processor - 154 - ====================================================================================================
2026-07-26 21:53:34,767 - INFO - D:\WorkSpace\Education-RAG\rag_qa\core\document_processor.py - process_documents - document_processor - 153 - 处理文档成功:父块doc_2_parent_1:子块:doc_2_parent_1_child_2
2026-07-26 21:53:34,767 - WARNING - D:\WorkSpace\Education-RAG\rag_qa\core\document_processor.py - process_documents - document_processor - 154 - ====================================================================================================
2026-07-26 21:53:34,767 - INFO - D:\WorkSpace\Education-RAG\rag_qa\core\document_processor.py - process_documents - document_processor - 153 - 处理文档成功:父块doc_2_parent_1:子块:doc_2_parent_1_child_3
2026-07-26 21:53:34,767 - WARNING - D:\WorkSpace\Education-RAG\rag_qa\core\document_processor.py - process_documents - document_processor - 154 - ====================================================================================================
2026-07-26 21:53:34,767 - INFO - D:\WorkSpace\Education-RAG\rag_qa\core\document_processor.py - process_documents - document_processor - 153 - 处理文档成功:父块doc_2_parent_1:子块:doc_2_parent_1_child_4
2026-07-26 21:53:34,767 - WARNING - D:\WorkSpace\Education-RAG\rag_qa\core\document_processor.py - process_documents - document_processor - 154 - ====================================================================================================
2026-07-26 21:53:34,767 - INFO - D:\WorkSpace\Education-RAG\rag_qa\core\document_processor.py - process_documents - document_processor - 153 - 处理文档成功:父块doc_2_parent_1:子块:doc_2_parent_1_child_5
2026-07-26 21:53:34,767 - WARNING - D:\WorkSpace\Education-RAG\rag_qa\core\document_processor.py - process_documents - document_processor - 154 - ====================================================================================================
2026-07-26 21:53:34,768 - INFO - D:\WorkSpace\Education-RAG\rag_qa\core\document_processor.py - process_documents - document_processor - 153 - 处理文档成功:父块doc_2_parent_2:子块:doc_2_parent_2_child_0
2026-07-26 21:53:34,768 - WARNING - D:\WorkSpace\Education-RAG\rag_qa\core\document_processor.py - process_documents - document_processor - 154 - ====================================================================================================
2026-07-26 21:53:34,768 - INFO - D:\WorkSpace\Education-RAG\rag_qa\core\document_processor.py - process_documents - document_processor - 153 - 处理文档成功:父块doc_2_parent_2:子块:doc_2_parent_2_child_1
2026-07-26 21:53:34,768 - WARNING - D:\WorkSpace\Education-RAG\rag_qa\core\document_processor.py - process_documents - document_processor - 154 - ====================================================================================================
2026-07-26 21:53:34,769 - INFO - D:\WorkSpace\Education-RAG\rag_qa\core\document_processor.py - process_documents - document_processor - 153 - 处理文档成功:父块doc_2_parent_2:子块:doc_2_parent_2_child_2
2026-07-26 21:53:34,769 - WARNING - D:\WorkSpace\Education-RAG\rag_qa\core\document_processor.py - process_documents - document_processor - 154 - ====================================================================================================
2026-07-26 21:53:34,769 - INFO - D:\WorkSpace\Education-RAG\rag_qa\core\document_processor.py - process_documents - document_processor - 153 - 处理文档成功:父块doc_2_parent_2:子块:doc_2_parent_2_child_3
2026-07-26 21:53:34,769 - WARNING - D:\WorkSpace\Education-RAG\rag_qa\core\document_processor.py - process_documents - document_processor - 154 - ====================================================================================================
2026-07-26 21:53:34,769 - INFO - D:\WorkSpace\Education-RAG\rag_qa\core\document_processor.py - process_documents - document_processor - 153 - 处理文档成功:父块doc_2_parent_2:子块:doc_2_parent_2_child_4
2026-07-26 21:53:34,769 - WARNING - D:\WorkSpace\Education-RAG\rag_qa\core\document_processor.py - process_documents - document_processor - 154 - ====================================================================================================
2026-07-26 21:53:34,769 - INFO - D:\WorkSpace\Education-RAG\rag_qa\core\document_processor.py - process_documents - document_processor - 153 - 处理文档成功:父块doc_2_parent_2:子块:doc_2_parent_2_child_5
2026-07-26 21:53:34,769 - WARNING - D:\WorkSpace\Education-RAG\rag_qa\core\document_processor.py - process_documents - document_processor - 154 - ====================================================================================================
2026-07-26 21:53:34,769 - INFO - D:\WorkSpace\Education-RAG\rag_qa\core\document_processor.py - process_documents - document_processor - 153 - 处理文档成功:父块doc_2_parent_3:子块:doc_2_parent_3_child_0
2026-07-26 21:53:34,769 - WARNING - D:\WorkSpace\Education-RAG\rag_qa\core\document_processor.py - process_documents - document_processor - 154 - ====================================================================================================
2026-07-26 21:53:34,769 - INFO - D:\WorkSpace\Education-RAG\rag_qa\core\document_processor.py - process_documents - document_processor - 153 - 处理文档成功:父块doc_2_parent_4:子块:doc_2_parent_4_child_0
2026-07-26 21:53:34,769 - WARNING - D:\WorkSpace\Education-RAG\rag_qa\core\document_processor.py - process_documents - document_processor - 154 - ====================================================================================================
2026-07-26 21:53:34,769 - INFO - D:\WorkSpace\Education-RAG\rag_qa\core\document_processor.py - process_documents - document_processor - 153 - 处理文档成功:父块doc_2_parent_4:子块:doc_2_parent_4_child_1
2026-07-26 21:53:34,769 - WARNING - D:\WorkSpace\Education-RAG\rag_qa\core\document_processor.py - process_documents - document_processor - 154 - ====================================================================================================
2026-07-26 21:53:34,769 - INFO - D:\WorkSpace\Education-RAG\rag_qa\core\document_processor.py - process_documents - document_processor - 153 - 处理文档成功:父块doc_2_parent_4:子块:doc_2_parent_4_child_2
2026-07-26 21:53:34,769 - WARNING - D:\WorkSpace\Education-RAG\rag_qa\core\document_processor.py - process_documents - document_processor - 154 - ====================================================================================================
2026-07-26 21:53:34,770 - INFO - D:\WorkSpace\Education-RAG\rag_qa\core\document_processor.py - process_documents - document_processor - 153 - 处理文档成功:父块doc_3_parent_0:子块:doc_3_parent_0_child_0
2026-07-26 21:53:34,770 - WARNING - D:\WorkSpace\Education-RAG\rag_qa\core\document_processor.py - process_documents - document_processor - 154 - ====================================================================================================
2026-07-26 21:53:34,770 - INFO - D:\WorkSpace\Education-RAG\rag_qa\core\document_processor.py - process_documents - document_processor - 153 - 处理文档成功:父块doc_3_parent_0:子块:doc_3_parent_0_child_1
2026-07-26 21:53:34,770 - WARNING - D:\WorkSpace\Education-RAG\rag_qa\core\document_processor.py - process_documents - document_processor - 154 - ====================================================================================================
2026-07-26 21:53:34,770 - INFO - D:\WorkSpace\Education-RAG\rag_qa\core\document_processor.py - process_documents - document_processor - 153 - 处理文档成功:父块doc_3_parent_0:子块:doc_3_parent_0_child_2
2026-07-26 21:53:34,770 - WARNING - D:\WorkSpace\Education-RAG\rag_qa\core\document_processor.py - process_documents - document_processor - 154 - ====================================================================================================
2026-07-26 21:53:34,770 - INFO - D:\WorkSpace\Education-RAG\rag_qa\core\document_processor.py - process_documents - document_processor - 153 - 处理文档成功:父块doc_3_parent_0:子块:doc_3_parent_0_child_3
2026-07-26 21:53:34,770 - WARNING - D:\WorkSpace\Education-RAG\rag_qa\core\document_processor.py - process_documents - document_processor - 154 - ====================================================================================================
2026-07-26 21:53:34,770 - INFO - D:\WorkSpace\Education-RAG\rag_qa\core\document_processor.py - process_documents - document_processor - 153 - 处理文档成功:父块doc_3_parent_0:子块:doc_3_parent_0_child_4
2026-07-26 21:53:34,770 - WARNING - D:\WorkSpace\Education-RAG\rag_qa\core\document_processor.py - process_documents - document_processor - 154 - ====================================================================================================
2026-07-27 11:48:26,561 - INFO - D:\WorkSpace\Education-RAG\rag_qa\core\vector_store.py - _create_or_load_collection - vector_store - 102 - 已创建集合 edurag
2026-07-27 11:49:04,123 - INFO - D:\WorkSpace\Education-RAG\rag_qa\core\vector_store.py - _create_or_load_collection - vector_store - 106 - 已加载集合 edurag
2026-07-27 15:11:53,028 - INFO - D:\WorkSpace\Education-RAG\rag_qa\core\vector_store.py - _create_or_load_collection - vector_store - 109 - 已加载集合 edurag
2026-07-27 15:11:54,529 - INFO - D:\WorkSpace\Education-RAG\rag_qa\core\document_processor.py - load_documents_from_directory - document_processor - 101 - 加载文件成功:D:\WorkSpace\Education-RAG\rag_qa/data/ai_data\LLM基础知识.pdf
2026-07-27 15:11:55,374 - INFO - D:\WorkSpace\Education-RAG\rag_qa\core\document_processor.py - load_documents_from_directory - document_processor - 101 - 加载文件成功:D:\WorkSpace\Education-RAG\rag_qa/data/ai_data\人工智能就业课课程大纲.docx
2026-07-27 15:12:09,610 - INFO - D:\WorkSpace\Education-RAG\rag_qa\core\document_processor.py - load_documents_from_directory - document_processor - 101 - 加载文件成功:D:\WorkSpace\Education-RAG\rag_qa/data/ai_data\就业指导课.pptx
2026-07-27 15:12:16,804 - INFO - D:\WorkSpace\Education-RAG\rag_qa\core\document_processor.py - load_documents_from_directory - document_processor - 101 - 加载文件成功:D:\WorkSpace\Education-RAG\rag_qa/data/ai_data\语言模型.png
2026-07-27 15:12:16,807 - INFO - D:\WorkSpace\Education-RAG\rag_qa\core\document_processor.py - process_documents - document_processor - 148 - 处理文档成功:父块doc_0_parent_0:子块:doc_0_parent_0_child_0
2026-07-27 15:12:16,807 - WARNING - D:\WorkSpace\Education-RAG\rag_qa\core\document_processor.py - process_documents - document_processor - 149 - ====================================================================================================
2026-07-27 15:12:16,807 - INFO - D:\WorkSpace\Education-RAG\rag_qa\core\document_processor.py - process_documents - document_processor - 148 - 处理文档成功:父块doc_0_parent_0:子块:doc_0_parent_0_child_1
2026-07-27 15:12:16,807 - WARNING - D:\WorkSpace\Education-RAG\rag_qa\core\document_processor.py - process_documents - document_processor - 149 - ====================================================================================================
2026-07-27 15:12:16,807 - INFO - D:\WorkSpace\Education-RAG\rag_qa\core\document_processor.py - process_documents - document_processor - 148 - 处理文档成功:父块doc_0_parent_0:子块:doc_0_parent_0_child_2
2026-07-27 15:12:16,807 - WARNING - D:\WorkSpace\Education-RAG\rag_qa\core\document_processor.py - process_documents - document_processor - 149 - ====================================================================================================
2026-07-27 15:12:16,807 - INFO - D:\WorkSpace\Education-RAG\rag_qa\core\document_processor.py - process_documents - document_processor - 148 - 处理文档成功:父块doc_0_parent_1:子块:doc_0_parent_1_child_0
2026-07-27 15:12:16,807 - WARNING - D:\WorkSpace\Education-RAG\rag_qa\core\document_processor.py - process_documents - document_processor - 149 - ====================================================================================================
2026-07-27 15:12:16,808 - INFO - D:\WorkSpace\Education-RAG\rag_qa\core\document_processor.py - process_documents - document_processor - 148 - 处理文档成功:父块doc_0_parent_1:子块:doc_0_parent_1_child_1
2026-07-27 15:12:16,808 - WARNING - D:\WorkSpace\Education-RAG\rag_qa\core\document_processor.py - process_documents - document_processor - 149 - ====================================================================================================
2026-07-27 15:12:16,808 - INFO - D:\WorkSpace\Education-RAG\rag_qa\core\document_processor.py - process_documents - document_processor - 148 - 处理文档成功:父块doc_0_parent_1:子块:doc_0_parent_1_child_2
2026-07-27 15:12:16,808 - WARNING - D:\WorkSpace\Education-RAG\rag_qa\core\document_processor.py - process_documents - document_processor - 149 - ====================================================================================================
2026-07-27 15:12:16,808 - INFO - D:\WorkSpace\Education-RAG\rag_qa\core\document_processor.py - process_documents - document_processor - 148 - 处理文档成功:父块doc_0_parent_1:子块:doc_0_parent_1_child_3
2026-07-27 15:12:16,808 - WARNING - D:\WorkSpace\Education-RAG\rag_qa\core\document_processor.py - process_documents - document_processor - 149 - ====================================================================================================
2026-07-27 15:12:16,808 - INFO - D:\WorkSpace\Education-RAG\rag_qa\core\document_processor.py - process_documents - document_processor - 148 - 处理文档成功:父块doc_0_parent_1:子块:doc_0_parent_1_child_4
2026-07-27 15:12:16,808 - WARNING - D:\WorkSpace\Education-RAG\rag_qa\core\document_processor.py - process_documents - document_processor - 149 - ====================================================================================================
2026-07-27 15:12:16,808 - INFO - D:\WorkSpace\Education-RAG\rag_qa\core\document_processor.py - process_documents - document_processor - 148 - 处理文档成功:父块doc_0_parent_1:子块:doc_0_parent_1_child_5
2026-07-27 15:12:16,808 - WARNING - D:\WorkSpace\Education-RAG\rag_qa\core\document_processor.py - process_documents - document_processor - 149 - ====================================================================================================
2026-07-27 15:12:16,812 - INFO - D:\WorkSpace\Education-RAG\rag_qa\core\document_processor.py - process_documents - document_processor - 148 - 处理文档成功:父块doc_0_parent_2:子块:doc_0_parent_2_child_0
2026-07-27 15:12:16,813 - WARNING - D:\WorkSpace\Education-RAG\rag_qa\core\document_processor.py - process_documents - document_processor - 149 - ====================================================================================================
2026-07-27 15:12:16,813 - INFO - D:\WorkSpace\Education-RAG\rag_qa\core\document_processor.py - process_documents - document_processor - 148 - 处理文档成功:父块doc_0_parent_2:子块:doc_0_parent_2_child_1
2026-07-27 15:12:16,813 - WARNING - D:\WorkSpace\Education-RAG\rag_qa\core\document_processor.py - process_documents - document_processor - 149 - ====================================================================================================
2026-07-27 15:12:16,813 - INFO - D:\WorkSpace\Education-RAG\rag_qa\core\document_processor.py - process_documents - document_processor - 148 - 处理文档成功:父块doc_0_parent_2:子块:doc_0_parent_2_child_2
2026-07-27 15:12:16,813 - WARNING - D:\WorkSpace\Education-RAG\rag_qa\core\document_processor.py - process_documents - document_processor - 149 - ====================================================================================================
2026-07-27 15:12:16,813 - INFO - D:\WorkSpace\Education-RAG\rag_qa\core\document_processor.py - process_documents - document_processor - 148 - 处理文档成功:父块doc_0_parent_2:子块:doc_0_parent_2_child_3
2026-07-27 15:12:16,813 - WARNING - D:\WorkSpace\Education-RAG\rag_qa\core\document_processor.py - process_documents - document_processor - 149 - ====================================================================================================
2026-07-27 15:12:16,813 - INFO - D:\WorkSpace\Education-RAG\rag_qa\core\document_processor.py - process_documents - document_processor - 148 - 处理文档成功:父块doc_0_parent_2:子块:doc_0_parent_2_child_4
2026-07-27 15:12:16,813 - WARNING - D:\WorkSpace\Education-RAG\rag_qa\core\document_processor.py - process_documents - document_processor - 149 - ====================================================================================================
2026-07-27 15:12:16,813 - INFO - D:\WorkSpace\Education-RAG\rag_qa\core\document_processor.py - process_documents - document_processor - 148 - 处理文档成功:父块doc_0_parent_2:子块:doc_0_parent_2_child_5
2026-07-27 15:12:16,813 - WARNING - D:\WorkSpace\Education-RAG\rag_qa\core\document_processor.py - process_documents - document_processor - 149 - ====================================================================================================
2026-07-27 15:12:16,814 - INFO - D:\WorkSpace\Education-RAG\rag_qa\core\document_processor.py - process_documents - document_processor - 148 - 处理文档成功:父块doc_0_parent_3:子块:doc_0_parent_3_child_0
2026-07-27 15:12:16,814 - WARNING - D:\WorkSpace\Education-RAG\rag_qa\core\document_processor.py - process_documents - document_processor - 149 - ====================================================================================================
2026-07-27 15:12:16,814 - INFO - D:\WorkSpace\Education-RAG\rag_qa\core\document_processor.py - process_documents - document_processor - 148 - 处理文档成功:父块doc_0_parent_3:子块:doc_0_parent_3_child_1
2026-07-27 15:12:16,814 - WARNING - D:\WorkSpace\Education-RAG\rag_qa\core\document_processor.py - process_documents - document_processor - 149 - ====================================================================================================
2026-07-27 15:12:16,814 - INFO - D:\WorkSpace\Education-RAG\rag_qa\core\document_processor.py - process_documents - document_processor - 148 - 处理文档成功:父块doc_0_parent_3:子块:doc_0_parent_3_child_2
2026-07-27 15:12:16,814 - WARNING - D:\WorkSpace\Education-RAG\rag_qa\core\document_processor.py - process_documents - document_processor - 149 - ====================================================================================================
2026-07-27 15:12:16,814 - INFO - D:\WorkSpace\Education-RAG\rag_qa\core\document_processor.py - process_documents - document_processor - 148 - 处理文档成功:父块doc_0_parent_3:子块:doc_0_parent_3_child_3
2026-07-27 15:12:16,814 - WARNING - D:\WorkSpace\Education-RAG\rag_qa\core\document_processor.py - process_documents - document_processor - 149 - ====================================================================================================
2026-07-27 15:12:16,814 - INFO - D:\WorkSpace\Education-RAG\rag_qa\core\document_processor.py - process_documents - document_processor - 148 - 处理文档成功:父块doc_0_parent_3:子块:doc_0_parent_3_child_4
2026-07-27 15:12:16,814 - WARNING - D:\WorkSpace\Education-RAG\rag_qa\core\document_processor.py - process_documents - document_processor - 149 - ====================================================================================================
2026-07-27 15:12:16,814 - INFO - D:\WorkSpace\Education-RAG\rag_qa\core\document_processor.py - process_documents - document_processor - 148 - 处理文档成功:父块doc_0_parent_4:子块:doc_0_parent_4_child_0
2026-07-27 15:12:16,814 - WARNING - D:\WorkSpace\Education-RAG\rag_qa\core\document_processor.py - process_documents - document_processor - 149 - ====================================================================================================
2026-07-27 15:12:16,814 - INFO - D:\WorkSpace\Education-RAG\rag_qa\core\document_processor.py - process_documents - document_processor - 148 - 处理文档成功:父块doc_0_parent_4:子块:doc_0_parent_4_child_1
2026-07-27 15:12:16,814 - WARNING - D:\WorkSpace\Education-RAG\rag_qa\core\document_processor.py - process_documents - document_processor - 149 - ====================================================================================================
2026-07-27 15:12:16,815 - INFO - D:\WorkSpace\Education-RAG\rag_qa\core\document_processor.py - process_documents - document_processor - 148 - 处理文档成功:父块doc_0_parent_4:子块:doc_0_parent_4_child_2
2026-07-27 15:12:16,815 - WARNING - D:\WorkSpace\Education-RAG\rag_qa\core\document_processor.py - process_documents - document_processor - 149 - ====================================================================================================
2026-07-27 15:12:16,815 - INFO - D:\WorkSpace\Education-RAG\rag_qa\core\document_processor.py - process_documents - document_processor - 148 - 处理文档成功:父块doc_0_parent_4:子块:doc_0_parent_4_child_3
2026-07-27 15:12:16,815 - WARNING - D:\WorkSpace\Education-RAG\rag_qa\core\document_processor.py - process_documents - document_processor - 149 - ====================================================================================================
2026-07-27 15:12:16,815 - INFO - D:\WorkSpace\Education-RAG\rag_qa\core\document_processor.py - process_documents - document_processor - 148 - 处理文档成功:父块doc_0_parent_4:子块:doc_0_parent_4_child_4
2026-07-27 15:12:16,815 - WARNING - D:\WorkSpace\Education-RAG\rag_qa\core\document_processor.py - process_documents - document_processor - 149 - ====================================================================================================
2026-07-27 15:12:16,816 - INFO - D:\WorkSpace\Education-RAG\rag_qa\core\document_processor.py - process_documents - document_processor - 148 - 处理文档成功:父块doc_0_parent_4:子块:doc_0_parent_4_child_5
2026-07-27 15:12:16,816 - WARNING - D:\WorkSpace\Education-RAG\rag_qa\core\document_processor.py - process_documents - document_processor - 149 - ====================================================================================================
2026-07-27 15:12:16,816 - INFO - D:\WorkSpace\Education-RAG\rag_qa\core\document_processor.py - process_documents - document_processor - 148 - 处理文档成功:父块doc_0_parent_5:子块:doc_0_parent_5_child_0
2026-07-27 15:12:16,816 - WARNING - D:\WorkSpace\Education-RAG\rag_qa\core\document_processor.py - process_documents - document_processor - 149 - ====================================================================================================
2026-07-27 15:12:16,816 - INFO - D:\WorkSpace\Education-RAG\rag_qa\core\document_processor.py - process_documents - document_processor - 148 - 处理文档成功:父块doc_0_parent_6:子块:doc_0_parent_6_child_0
2026-07-27 15:12:16,816 - WARNING - D:\WorkSpace\Education-RAG\rag_qa\core\document_processor.py - process_documents - document_processor - 149 - ====================================================================================================
2026-07-27 15:12:16,816 - INFO - D:\WorkSpace\Education-RAG\rag_qa\core\document_processor.py - process_documents - document_processor - 148 - 处理文档成功:父块doc_0_parent_6:子块:doc_0_parent_6_child_1
2026-07-27 15:12:16,816 - WARNING - D:\WorkSpace\Education-RAG\rag_qa\core\document_processor.py - process_documents - document_processor - 149 - ====================================================================================================
2026-07-27 15:12:16,817 - INFO - D:\WorkSpace\Education-RAG\rag_qa\core\document_processor.py - process_documents - document_processor - 148 - 处理文档成功:父块doc_0_parent_6:子块:doc_0_parent_6_child_2
2026-07-27 15:12:16,817 - WARNING - D:\WorkSpace\Education-RAG\rag_qa\core\document_processor.py - process_documents - document_processor - 149 - ====================================================================================================
2026-07-27 15:12:16,817 - INFO - D:\WorkSpace\Education-RAG\rag_qa\core\document_processor.py - process_documents - document_processor - 148 - 处理文档成功:父块doc_0_parent_6:子块:doc_0_parent_6_child_3
2026-07-27 15:12:16,817 - WARNING - D:\WorkSpace\Education-RAG\rag_qa\core\document_processor.py - process_documents - document_processor - 149 - ====================================================================================================
2026-07-27 15:12:16,817 - INFO - D:\WorkSpace\Education-RAG\rag_qa\core\document_processor.py - process_documents - document_processor - 148 - 处理文档成功:父块doc_0_parent_6:子块:doc_0_parent_6_child_4
2026-07-27 15:12:16,817 - WARNING - D:\WorkSpace\Education-RAG\rag_qa\core\document_processor.py - process_documents - document_processor - 149 - ====================================================================================================
2026-07-27 15:12:16,817 - INFO - D:\WorkSpace\Education-RAG\rag_qa\core\document_processor.py - process_documents - document_processor - 148 - 处理文档成功:父块doc_0_parent_7:子块:doc_0_parent_7_child_0
2026-07-27 15:12:16,817 - WARNING - D:\WorkSpace\Education-RAG\rag_qa\core\document_processor.py - process_documents - document_processor - 149 - ====================================================================================================
2026-07-27 15:12:16,817 - INFO - D:\WorkSpace\Education-RAG\rag_qa\core\document_processor.py - process_documents - document_processor - 148 - 处理文档成功:父块doc_0_parent_7:子块:doc_0_parent_7_child_1
2026-07-27 15:12:16,817 - WARNING - D:\WorkSpace\Education-RAG\rag_qa\core\document_processor.py - process_documents - document_processor - 149 - ====================================================================================================
2026-07-27 15:12:16,817 - INFO - D:\WorkSpace\Education-RAG\rag_qa\core\document_processor.py - process_documents - document_processor - 148 - 处理文档成功:父块doc_0_parent_7:子块:doc_0_parent_7_child_2
2026-07-27 15:12:16,818 - WARNING - D:\WorkSpace\Education-RAG\rag_qa\core\document_processor.py - process_documents - document_processor - 149 - ====================================================================================================
2026-07-27 15:12:16,818 - INFO - D:\WorkSpace\Education-RAG\rag_qa\core\document_processor.py - process_documents - document_processor - 148 - 处理文档成功:父块doc_0_parent_7:子块:doc_0_parent_7_child_3
2026-07-27 15:12:16,818 - WARNING - D:\WorkSpace\Education-RAG\rag_qa\core\document_processor.py - process_documents - document_processor - 149 - ====================================================================================================
2026-07-27 15:12:16,818 - INFO - D:\WorkSpace\Education-RAG\rag_qa\core\document_processor.py - process_documents - document_processor - 148 - 处理文档成功:父块doc_0_parent_7:子块:doc_0_parent_7_child_4
2026-07-27 15:12:16,818 - WARNING - D:\WorkSpace\Education-RAG\rag_qa\core\document_processor.py - process_documents - document_processor - 149 - ====================================================================================================
2026-07-27 15:12:16,818 - INFO - D:\WorkSpace\Education-RAG\rag_qa\core\document_processor.py - process_documents - document_processor - 148 - 处理文档成功:父块doc_0_parent_7:子块:doc_0_parent_7_child_5
2026-07-27 15:12:16,818 - WARNING - D:\WorkSpace\Education-RAG\rag_qa\core\document_processor.py - process_documents - document_processor - 149 - ====================================================================================================
2026-07-27 15:12:16,818 - INFO - D:\WorkSpace\Education-RAG\rag_qa\core\document_processor.py - process_documents - document_processor - 148 - 处理文档成功:父块doc_0_parent_8:子块:doc_0_parent_8_child_0
2026-07-27 15:12:16,818 - WARNING - D:\WorkSpace\Education-RAG\rag_qa\core\document_processor.py - process_documents - document_processor - 149 - ====================================================================================================
2026-07-27 15:12:16,818 - INFO - D:\WorkSpace\Education-RAG\rag_qa\core\document_processor.py - process_documents - document_processor - 148 - 处理文档成功:父块doc_0_parent_8:子块:doc_0_parent_8_child_1
2026-07-27 15:12:16,818 - WARNING - D:\WorkSpace\Education-RAG\rag_qa\core\document_processor.py - process_documents - document_processor - 149 - ====================================================================================================
2026-07-27 15:12:16,818 - INFO - D:\WorkSpace\Education-RAG\rag_qa\core\document_processor.py - process_documents - document_processor - 148 - 处理文档成功:父块doc_0_parent_8:子块:doc_0_parent_8_child_2
2026-07-27 15:12:16,818 - WARNING - D:\WorkSpace\Education-RAG\rag_qa\core\document_processor.py - process_documents - document_processor - 149 - ====================================================================================================
2026-07-27 15:12:16,818 - INFO - D:\WorkSpace\Education-RAG\rag_qa\core\document_processor.py - process_documents - document_processor - 148 - 处理文档成功:父块doc_0_parent_9:子块:doc_0_parent_9_child_0
2026-07-27 15:12:16,818 - WARNING - D:\WorkSpace\Education-RAG\rag_qa\core\document_processor.py - process_documents - document_processor - 149 - ====================================================================================================
2026-07-27 15:12:16,818 - INFO - D:\WorkSpace\Education-RAG\rag_qa\core\document_processor.py - process_documents - document_processor - 148 - 处理文档成功:父块doc_0_parent_9:子块:doc_0_parent_9_child_1
2026-07-27 15:12:16,818 - WARNING - D:\WorkSpace\Education-RAG\rag_qa\core\document_processor.py - process_documents - document_processor - 149 - ====================================================================================================
2026-07-27 15:12:16,818 - INFO - D:\WorkSpace\Education-RAG\rag_qa\core\document_processor.py - process_documents - document_processor - 148 - 处理文档成功:父块doc_0_parent_9:子块:doc_0_parent_9_child_2
2026-07-27 15:12:16,818 - WARNING - D:\WorkSpace\Education-RAG\rag_qa\core\document_processor.py - process_documents - document_processor - 149 - ====================================================================================================
2026-07-27 15:12:16,819 - INFO - D:\WorkSpace\Education-RAG\rag_qa\core\document_processor.py - process_documents - document_processor - 148 - 处理文档成功:父块doc_0_parent_9:子块:doc_0_parent_9_child_3
2026-07-27 15:12:16,819 - WARNING - D:\WorkSpace\Education-RAG\rag_qa\core\document_processor.py - process_documents - document_processor - 149 - ====================================================================================================
2026-07-27 15:12:16,819 - INFO - D:\WorkSpace\Education-RAG\rag_qa\core\document_processor.py - process_documents - document_processor - 148 - 处理文档成功:父块doc_0_parent_9:子块:doc_0_parent_9_child_4
2026-07-27 15:12:16,819 - WARNING - D:\WorkSpace\Education-RAG\rag_qa\core\document_processor.py - process_documents - document_processor - 149 - ====================================================================================================
2026-07-27 15:12:16,819 - INFO - D:\WorkSpace\Education-RAG\rag_qa\core\document_processor.py - process_documents - document_processor - 148 - 处理文档成功:父块doc_0_parent_9:子块:doc_0_parent_9_child_5
2026-07-27 15:12:16,819 - WARNING - D:\WorkSpace\Education-RAG\rag_qa\core\document_processor.py - process_documents - document_processor - 149 - ====================================================================================================
2026-07-27 15:12:16,819 - INFO - D:\WorkSpace\Education-RAG\rag_qa\core\document_processor.py - process_documents - document_processor - 148 - 处理文档成功:父块doc_0_parent_10:子块:doc_0_parent_10_child_0
2026-07-27 15:12:16,819 - WARNING - D:\WorkSpace\Education-RAG\rag_qa\core\document_processor.py - process_documents - document_processor - 149 - ====================================================================================================
2026-07-27 15:12:16,819 - INFO - D:\WorkSpace\Education-RAG\rag_qa\core\document_processor.py - process_documents - document_processor - 148 - 处理文档成功:父块doc_0_parent_11:子块:doc_0_parent_11_child_0
2026-07-27 15:12:16,819 - WARNING - D:\WorkSpace\Education-RAG\rag_qa\core\document_processor.py - process_documents - document_processor - 149 - ====================================================================================================
2026-07-27 15:12:16,819 - INFO - D:\WorkSpace\Education-RAG\rag_qa\core\document_processor.py - process_documents - document_processor - 148 - 处理文档成功:父块doc_0_parent_11:子块:doc_0_parent_11_child_1
2026-07-27 15:12:16,819 - WARNING - D:\WorkSpace\Education-RAG\rag_qa\core\document_processor.py - process_documents - document_processor - 149 - ====================================================================================================
2026-07-27 15:12:16,819 - INFO - D:\WorkSpace\Education-RAG\rag_qa\core\document_processor.py - process_documents - document_processor - 148 - 处理文档成功:父块doc_0_parent_11:子块:doc_0_parent_11_child_2
2026-07-27 15:12:16,819 - WARNING - D:\WorkSpace\Education-RAG\rag_qa\core\document_processor.py - process_documents - document_processor - 149 - ====================================================================================================
2026-07-27 15:12:16,819 - INFO - D:\WorkSpace\Education-RAG\rag_qa\core\document_processor.py - process_documents - document_processor - 148 - 处理文档成功:父块doc_0_parent_11:子块:doc_0_parent_11_child_3
2026-07-27 15:12:16,819 - WARNING - D:\WorkSpace\Education-RAG\rag_qa\core\document_processor.py - process_documents - document_processor - 149 - ====================================================================================================
2026-07-27 15:12:16,820 - INFO - D:\WorkSpace\Education-RAG\rag_qa\core\document_processor.py - process_documents - document_processor - 148 - 处理文档成功:父块doc_1_parent_0:子块:doc_1_parent_0_child_0
2026-07-27 15:12:16,820 - WARNING - D:\WorkSpace\Education-RAG\rag_qa\core\document_processor.py - process_documents - document_processor - 149 - ====================================================================================================
2026-07-27 15:12:16,820 - INFO - D:\WorkSpace\Education-RAG\rag_qa\core\document_processor.py - process_documents - document_processor - 148 - 处理文档成功:父块doc_1_parent_0:子块:doc_1_parent_0_child_1
2026-07-27 15:12:16,820 - WARNING - D:\WorkSpace\Education-RAG\rag_qa\core\document_processor.py - process_documents - document_processor - 149 - ====================================================================================================
2026-07-27 15:12:16,821 - INFO - D:\WorkSpace\Education-RAG\rag_qa\core\document_processor.py - process_documents - document_processor - 148 - 处理文档成功:父块doc_1_parent_0:子块:doc_1_parent_0_child_2
2026-07-27 15:12:16,821 - WARNING - D:\WorkSpace\Education-RAG\rag_qa\core\document_processor.py - process_documents - document_processor - 149 - ====================================================================================================
2026-07-27 15:12:16,821 - INFO - D:\WorkSpace\Education-RAG\rag_qa\core\document_processor.py - process_documents - document_processor - 148 - 处理文档成功:父块doc_1_parent_0:子块:doc_1_parent_0_child_3
2026-07-27 15:12:16,821 - WARNING - D:\WorkSpace\Education-RAG\rag_qa\core\document_processor.py - process_documents - document_processor - 149 - ====================================================================================================
2026-07-27 15:12:16,821 - INFO - D:\WorkSpace\Education-RAG\rag_qa\core\document_processor.py - process_documents - document_processor - 148 - 处理文档成功:父块doc_1_parent_0:子块:doc_1_parent_0_child_4
2026-07-27 15:12:16,821 - WARNING - D:\WorkSpace\Education-RAG\rag_qa\core\document_processor.py - process_documents - document_processor - 149 - ====================================================================================================
2026-07-27 15:12:16,821 - INFO - D:\WorkSpace\Education-RAG\rag_qa\core\document_processor.py - process_documents - document_processor - 148 - 处理文档成功:父块doc_1_parent_0:子块:doc_1_parent_0_child_5
2026-07-27 15:12:16,821 - WARNING - D:\WorkSpace\Education-RAG\rag_qa\core\document_processor.py - process_documents - document_processor - 149 - ====================================================================================================
2026-07-27 15:12:16,822 - INFO - D:\WorkSpace\Education-RAG\rag_qa\core\document_processor.py - process_documents - document_processor - 148 - 处理文档成功:父块doc_1_parent_1:子块:doc_1_parent_1_child_0
2026-07-27 15:12:16,822 - WARNING - D:\WorkSpace\Education-RAG\rag_qa\core\document_processor.py - process_documents - document_processor - 149 - ====================================================================================================
2026-07-27 15:12:16,822 - INFO - D:\WorkSpace\Education-RAG\rag_qa\core\document_processor.py - process_documents - document_processor - 148 - 处理文档成功:父块doc_1_parent_1:子块:doc_1_parent_1_child_1
2026-07-27 15:12:16,822 - WARNING - D:\WorkSpace\Education-RAG\rag_qa\core\document_processor.py - process_documents - document_processor - 149 - ====================================================================================================
2026-07-27 15:12:16,822 - INFO - D:\WorkSpace\Education-RAG\rag_qa\core\document_processor.py - process_documents - document_processor - 148 - 处理文档成功:父块doc_1_parent_1:子块:doc_1_parent_1_child_2
2026-07-27 15:12:16,822 - WARNING - D:\WorkSpace\Education-RAG\rag_qa\core\document_processor.py - process_documents - document_processor - 149 - ====================================================================================================
2026-07-27 15:12:16,822 - INFO - D:\WorkSpace\Education-RAG\rag_qa\core\document_processor.py - process_documents - document_processor - 148 - 处理文档成功:父块doc_1_parent_1:子块:doc_1_parent_1_child_3
2026-07-27 15:12:16,822 - WARNING - D:\WorkSpace\Education-RAG\rag_qa\core\document_processor.py - process_documents - document_processor - 149 - ====================================================================================================
2026-07-27 15:12:16,822 - INFO - D:\WorkSpace\Education-RAG\rag_qa\core\document_processor.py - process_documents - document_processor - 148 - 处理文档成功:父块doc_1_parent_1:子块:doc_1_parent_1_child_4
2026-07-27 15:12:16,822 - WARNING - D:\WorkSpace\Education-RAG\rag_qa\core\document_processor.py - process_documents - document_processor - 149 - ====================================================================================================
2026-07-27 15:12:16,822 - INFO - D:\WorkSpace\Education-RAG\rag_qa\core\document_processor.py - process_documents - document_processor - 148 - 处理文档成功:父块doc_1_parent_2:子块:doc_1_parent_2_child_0
2026-07-27 15:12:16,822 - WARNING - D:\WorkSpace\Education-RAG\rag_qa\core\document_processor.py - process_documents - document_processor - 149 - ====================================================================================================
2026-07-27 15:12:16,822 - INFO - D:\WorkSpace\Education-RAG\rag_qa\core\document_processor.py - process_documents - document_processor - 148 - 处理文档成功:父块doc_1_parent_2:子块:doc_1_parent_2_child_1
2026-07-27 15:12:16,822 - WARNING - D:\WorkSpace\Education-RAG\rag_qa\core\document_processor.py - process_documents - document_processor - 149 - ====================================================================================================
2026-07-27 15:12:16,822 - INFO - D:\WorkSpace\Education-RAG\rag_qa\core\document_processor.py - process_documents - document_processor - 148 - 处理文档成功:父块doc_1_parent_2:子块:doc_1_parent_2_child_2
2026-07-27 15:12:16,822 - WARNING - D:\WorkSpace\Education-RAG\rag_qa\core\document_processor.py - process_documents - document_processor - 149 - ====================================================================================================
2026-07-27 15:12:16,822 - INFO - D:\WorkSpace\Education-RAG\rag_qa\core\document_processor.py - process_documents - document_processor - 148 - 处理文档成功:父块doc_1_parent_2:子块:doc_1_parent_2_child_3
2026-07-27 15:12:16,822 - WARNING - D:\WorkSpace\Education-RAG\rag_qa\core\document_processor.py - process_documents - document_processor - 149 - ====================================================================================================
2026-07-27 15:12:16,822 - INFO - D:\WorkSpace\Education-RAG\rag_qa\core\document_processor.py - process_documents - document_processor - 148 - 处理文档成功:父块doc_1_parent_2:子块:doc_1_parent_2_child_4
2026-07-27 15:12:16,822 - WARNING - D:\WorkSpace\Education-RAG\rag_qa\core\document_processor.py - process_documents - document_processor - 149 - ====================================================================================================
2026-07-27 15:12:16,824 - INFO - D:\WorkSpace\Education-RAG\rag_qa\core\document_processor.py - process_documents - document_processor - 148 - 处理文档成功:父块doc_1_parent_2:子块:doc_1_parent_2_child_5
2026-07-27 15:12:16,824 - WARNING - D:\WorkSpace\Education-RAG\rag_qa\core\document_processor.py - process_documents - document_processor - 149 - ====================================================================================================
2026-07-27 15:12:16,824 - INFO - D:\WorkSpace\Education-RAG\rag_qa\core\document_processor.py - process_documents - document_processor - 148 - 处理文档成功:父块doc_1_parent_3:子块:doc_1_parent_3_child_0
2026-07-27 15:12:16,824 - WARNING - D:\WorkSpace\Education-RAG\rag_qa\core\document_processor.py - process_documents - document_processor - 149 - ====================================================================================================
2026-07-27 15:12:16,824 - INFO - D:\WorkSpace\Education-RAG\rag_qa\core\document_processor.py - process_documents - document_processor - 148 - 处理文档成功:父块doc_1_parent_3:子块:doc_1_parent_3_child_1
2026-07-27 15:12:16,824 - WARNING - D:\WorkSpace\Education-RAG\rag_qa\core\document_processor.py - process_documents - document_processor - 149 - ====================================================================================================
2026-07-27 15:12:16,824 - INFO - D:\WorkSpace\Education-RAG\rag_qa\core\document_processor.py - process_documents - document_processor - 148 - 处理文档成功:父块doc_1_parent_3:子块:doc_1_parent_3_child_2
2026-07-27 15:12:16,824 - WARNING - D:\WorkSpace\Education-RAG\rag_qa\core\document_processor.py - process_documents - document_processor - 149 - ====================================================================================================
2026-07-27 15:12:16,824 - INFO - D:\WorkSpace\Education-RAG\rag_qa\core\document_processor.py - process_documents - document_processor - 148 - 处理文档成功:父块doc_1_parent_3:子块:doc_1_parent_3_child_3
2026-07-27 15:12:16,824 - WARNING - D:\WorkSpace\Education-RAG\rag_qa\core\document_processor.py - process_documents - document_processor - 149 - ====================================================================================================
2026-07-27 15:12:16,824 - INFO - D:\WorkSpace\Education-RAG\rag_qa\core\document_processor.py - process_documents - document_processor - 148 - 处理文档成功:父块doc_1_parent_3:子块:doc_1_parent_3_child_4
2026-07-27 15:12:16,824 - WARNING - D:\WorkSpace\Education-RAG\rag_qa\core\document_processor.py - process_documents - document_processor - 149 - ====================================================================================================
2026-07-27 15:12:16,825 - INFO - D:\WorkSpace\Education-RAG\rag_qa\core\document_processor.py - process_documents - document_processor - 148 - 处理文档成功:父块doc_1_parent_4:子块:doc_1_parent_4_child_0
2026-07-27 15:12:16,825 - WARNING - D:\WorkSpace\Education-RAG\rag_qa\core\document_processor.py - process_documents - document_processor - 149 - ====================================================================================================
2026-07-27 15:12:16,825 - INFO - D:\WorkSpace\Education-RAG\rag_qa\core\document_processor.py - process_documents - document_processor - 148 - 处理文档成功:父块doc_1_parent_4:子块:doc_1_parent_4_child_1
2026-07-27 15:12:16,825 - WARNING - D:\WorkSpace\Education-RAG\rag_qa\core\document_processor.py - process_documents - document_processor - 149 - ====================================================================================================
2026-07-27 15:12:16,825 - INFO - D:\WorkSpace\Education-RAG\rag_qa\core\document_processor.py - process_documents - document_processor - 148 - 处理文档成功:父块doc_1_parent_4:子块:doc_1_parent_4_child_2
2026-07-27 15:12:16,825 - WARNING - D:\WorkSpace\Education-RAG\rag_qa\core\document_processor.py - process_documents - document_processor - 149 - ====================================================================================================
2026-07-27 15:12:16,825 - INFO - D:\WorkSpace\Education-RAG\rag_qa\core\document_processor.py - process_documents - document_processor - 148 - 处理文档成功:父块doc_1_parent_4:子块:doc_1_parent_4_child_3
2026-07-27 15:12:16,825 - WARNING - D:\WorkSpace\Education-RAG\rag_qa\core\document_processor.py - process_documents - document_processor - 149 - ====================================================================================================
2026-07-27 15:12:16,826 - INFO - D:\WorkSpace\Education-RAG\rag_qa\core\document_processor.py - process_documents - document_processor - 148 - 处理文档成功:父块doc_1_parent_4:子块:doc_1_parent_4_child_4
2026-07-27 15:12:16,826 - WARNING - D:\WorkSpace\Education-RAG\rag_qa\core\document_processor.py - process_documents - document_processor - 149 - ====================================================================================================
2026-07-27 15:12:16,826 - INFO - D:\WorkSpace\Education-RAG\rag_qa\core\document_processor.py - process_documents - document_processor - 148 - 处理文档成功:父块doc_1_parent_5:子块:doc_1_parent_5_child_0
2026-07-27 15:12:16,827 - WARNING - D:\WorkSpace\Education-RAG\rag_qa\core\document_processor.py - process_documents - document_processor - 149 - ====================================================================================================
2026-07-27 15:12:16,827 - INFO - D:\WorkSpace\Education-RAG\rag_qa\core\document_processor.py - process_documents - document_processor - 148 - 处理文档成功:父块doc_1_parent_5:子块:doc_1_parent_5_child_1
2026-07-27 15:12:16,827 - WARNING - D:\WorkSpace\Education-RAG\rag_qa\core\document_processor.py - process_documents - document_processor - 149 - ====================================================================================================
2026-07-27 15:12:16,827 - INFO - D:\WorkSpace\Education-RAG\rag_qa\core\document_processor.py - process_documents - document_processor - 148 - 处理文档成功:父块doc_1_parent_5:子块:doc_1_parent_5_child_2
2026-07-27 15:12:16,827 - WARNING - D:\WorkSpace\Education-RAG\rag_qa\core\document_processor.py - process_documents - document_processor - 149 - ====================================================================================================
2026-07-27 15:12:16,827 - INFO - D:\WorkSpace\Education-RAG\rag_qa\core\document_processor.py - process_documents - document_processor - 148 - 处理文档成功:父块doc_1_parent_5:子块:doc_1_parent_5_child_3
2026-07-27 15:12:16,827 - WARNING - D:\WorkSpace\Education-RAG\rag_qa\core\document_processor.py - process_documents - document_processor - 149 - ====================================================================================================
2026-07-27 15:12:16,827 - INFO - D:\WorkSpace\Education-RAG\rag_qa\core\document_processor.py - process_documents - document_processor - 148 - 处理文档成功:父块doc_1_parent_5:子块:doc_1_parent_5_child_4
2026-07-27 15:12:16,827 - WARNING - D:\WorkSpace\Education-RAG\rag_qa\core\document_processor.py - process_documents - document_processor - 149 - ====================================================================================================
2026-07-27 15:12:16,827 - INFO - D:\WorkSpace\Education-RAG\rag_qa\core\document_processor.py - process_documents - document_processor - 148 - 处理文档成功:父块doc_1_parent_6:子块:doc_1_parent_6_child_0
2026-07-27 15:12:16,827 - WARNING - D:\WorkSpace\Education-RAG\rag_qa\core\document_processor.py - process_documents - document_processor - 149 - ====================================================================================================
2026-07-27 15:12:16,827 - INFO - D:\WorkSpace\Education-RAG\rag_qa\core\document_processor.py - process_documents - document_processor - 148 - 处理文档成功:父块doc_1_parent_6:子块:doc_1_parent_6_child_1
2026-07-27 15:12:16,827 - WARNING - D:\WorkSpace\Education-RAG\rag_qa\core\document_processor.py - process_documents - document_processor - 149 - ====================================================================================================
2026-07-27 15:12:16,827 - INFO - D:\WorkSpace\Education-RAG\rag_qa\core\document_processor.py - process_documents - document_processor - 148 - 处理文档成功:父块doc_1_parent_6:子块:doc_1_parent_6_child_2
2026-07-27 15:12:16,827 - WARNING - D:\WorkSpace\Education-RAG\rag_qa\core\document_processor.py - process_documents - document_processor - 149 - ====================================================================================================
2026-07-27 15:12:16,828 - INFO - D:\WorkSpace\Education-RAG\rag_qa\core\document_processor.py - process_documents - document_processor - 148 - 处理文档成功:父块doc_1_parent_6:子块:doc_1_parent_6_child_3
2026-07-27 15:12:16,828 - WARNING - D:\WorkSpace\Education-RAG\rag_qa\core\document_processor.py - process_documents - document_processor - 149 - ====================================================================================================
2026-07-27 15:12:16,828 - INFO - D:\WorkSpace\Education-RAG\rag_qa\core\document_processor.py - process_documents - document_processor - 148 - 处理文档成功:父块doc_1_parent_7:子块:doc_1_parent_7_child_0
2026-07-27 15:12:16,828 - WARNING - D:\WorkSpace\Education-RAG\rag_qa\core\document_processor.py - process_documents - document_processor - 149 - ====================================================================================================
2026-07-27 15:12:16,828 - INFO - D:\WorkSpace\Education-RAG\rag_qa\core\document_processor.py - process_documents - document_processor - 148 - 处理文档成功:父块doc_1_parent_7:子块:doc_1_parent_7_child_1
2026-07-27 15:12:16,828 - WARNING - D:\WorkSpace\Education-RAG\rag_qa\core\document_processor.py - process_documents - document_processor - 149 - ====================================================================================================
2026-07-27 15:12:16,828 - INFO - D:\WorkSpace\Education-RAG\rag_qa\core\document_processor.py - process_documents - document_processor - 148 - 处理文档成功:父块doc_1_parent_8:子块:doc_1_parent_8_child_0
2026-07-27 15:12:16,828 - WARNING - D:\WorkSpace\Education-RAG\rag_qa\core\document_processor.py - process_documents - document_processor - 149 - ====================================================================================================
2026-07-27 15:12:16,828 - INFO - D:\WorkSpace\Education-RAG\rag_qa\core\document_processor.py - process_documents - document_processor - 148 - 处理文档成功:父块doc_1_parent_8:子块:doc_1_parent_8_child_1
2026-07-27 15:12:16,828 - WARNING - D:\WorkSpace\Education-RAG\rag_qa\core\document_processor.py - process_documents - document_processor - 149 - ====================================================================================================
2026-07-27 15:12:16,828 - INFO - D:\WorkSpace\Education-RAG\rag_qa\core\document_processor.py - process_documents - document_processor - 148 - 处理文档成功:父块doc_1_parent_8:子块:doc_1_parent_8_child_2
2026-07-27 15:12:16,828 - WARNING - D:\WorkSpace\Education-RAG\rag_qa\core\document_processor.py - process_documents - document_processor - 149 - ====================================================================================================
2026-07-27 15:12:16,828 - INFO - D:\WorkSpace\Education-RAG\rag_qa\core\document_processor.py - process_documents - document_processor - 148 - 处理文档成功:父块doc_1_parent_8:子块:doc_1_parent_8_child_3
2026-07-27 15:12:16,828 - WARNING - D:\WorkSpace\Education-RAG\rag_qa\core\document_processor.py - process_documents - document_processor - 149 - ====================================================================================================
2026-07-27 15:12:16,828 - INFO - D:\WorkSpace\Education-RAG\rag_qa\core\document_processor.py - process_documents - document_processor - 148 - 处理文档成功:父块doc_1_parent_8:子块:doc_1_parent_8_child_4
2026-07-27 15:12:16,828 - WARNING - D:\WorkSpace\Education-RAG\rag_qa\core\document_processor.py - process_documents - document_processor - 149 - ====================================================================================================
2026-07-27 15:12:16,828 - INFO - D:\WorkSpace\Education-RAG\rag_qa\core\document_processor.py - process_documents - document_processor - 148 - 处理文档成功:父块doc_1_parent_9:子块:doc_1_parent_9_child_0
2026-07-27 15:12:16,829 - WARNING - D:\WorkSpace\Education-RAG\rag_qa\core\document_processor.py - process_documents - document_processor - 149 - ====================================================================================================
2026-07-27 15:12:16,829 - INFO - D:\WorkSpace\Education-RAG\rag_qa\core\document_processor.py - process_documents - document_processor - 148 - 处理文档成功:父块doc_1_parent_9:子块:doc_1_parent_9_child_1
2026-07-27 15:12:16,829 - WARNING - D:\WorkSpace\Education-RAG\rag_qa\core\document_processor.py - process_documents - document_processor - 149 - ====================================================================================================
2026-07-27 15:12:16,830 - INFO - D:\WorkSpace\Education-RAG\rag_qa\core\document_processor.py - process_documents - document_processor - 148 - 处理文档成功:父块doc_1_parent_9:子块:doc_1_parent_9_child_2
2026-07-27 15:12:16,830 - WARNING - D:\WorkSpace\Education-RAG\rag_qa\core\document_processor.py - process_documents - document_processor - 149 - ====================================================================================================
2026-07-27 15:12:16,830 - INFO - D:\WorkSpace\Education-RAG\rag_qa\core\document_processor.py - process_documents - document_processor - 148 - 处理文档成功:父块doc_1_parent_9:子块:doc_1_parent_9_child_3
2026-07-27 15:12:16,830 - WARNING - D:\WorkSpace\Education-RAG\rag_qa\core\document_processor.py - process_documents - document_processor - 149 - ====================================================================================================
2026-07-27 15:12:16,830 - INFO - D:\WorkSpace\Education-RAG\rag_qa\core\document_processor.py - process_documents - document_processor - 148 - 处理文档成功:父块doc_1_parent_9:子块:doc_1_parent_9_child_4
2026-07-27 15:12:16,830 - WARNING - D:\WorkSpace\Education-RAG\rag_qa\core\document_processor.py - process_documents - document_processor - 149 - ====================================================================================================
2026-07-27 15:12:16,830 - INFO - D:\WorkSpace\Education-RAG\rag_qa\core\document_processor.py - process_documents - document_processor - 148 - 处理文档成功:父块doc_1_parent_10:子块:doc_1_parent_10_child_0
2026-07-27 15:12:16,830 - WARNING - D:\WorkSpace\Education-RAG\rag_qa\core\document_processor.py - process_documents - document_processor - 149 - ====================================================================================================
2026-07-27 15:12:16,830 - INFO - D:\WorkSpace\Education-RAG\rag_qa\core\document_processor.py - process_documents - document_processor - 148 - 处理文档成功:父块doc_1_parent_10:子块:doc_1_parent_10_child_1
2026-07-27 15:12:16,830 - WARNING - D:\WorkSpace\Education-RAG\rag_qa\core\document_processor.py - process_documents - document_processor - 149 - ====================================================================================================
2026-07-27 15:12:16,830 - INFO - D:\WorkSpace\Education-RAG\rag_qa\core\document_processor.py - process_documents - document_processor - 148 - 处理文档成功:父块doc_1_parent_10:子块:doc_1_parent_10_child_2
2026-07-27 15:12:16,830 - WARNING - D:\WorkSpace\Education-RAG\rag_qa\core\document_processor.py - process_documents - document_processor - 149 - ====================================================================================================
2026-07-27 15:12:16,830 - INFO - D:\WorkSpace\Education-RAG\rag_qa\core\document_processor.py - process_documents - document_processor - 148 - 处理文档成功:父块doc_1_parent_11:子块:doc_1_parent_11_child_0
2026-07-27 15:12:16,830 - WARNING - D:\WorkSpace\Education-RAG\rag_qa\core\document_processor.py - process_documents - document_processor - 149 - ====================================================================================================
2026-07-27 15:12:16,830 - INFO - D:\WorkSpace\Education-RAG\rag_qa\core\document_processor.py - process_documents - document_processor - 148 - 处理文档成功:父块doc_1_parent_11:子块:doc_1_parent_11_child_1
2026-07-27 15:12:16,830 - WARNING - D:\WorkSpace\Education-RAG\rag_qa\core\document_processor.py - process_documents - document_processor - 149 - ====================================================================================================
2026-07-27 15:12:16,830 - INFO - D:\WorkSpace\Education-RAG\rag_qa\core\document_processor.py - process_documents - document_processor - 148 - 处理文档成功:父块doc_1_parent_11:子块:doc_1_parent_11_child_2
2026-07-27 15:12:16,830 - WARNING - D:\WorkSpace\Education-RAG\rag_qa\core\document_processor.py - process_documents - document_processor - 149 - ====================================================================================================
2026-07-27 15:12:16,831 - INFO - D:\WorkSpace\Education-RAG\rag_qa\core\document_processor.py - process_documents - document_processor - 148 - 处理文档成功:父块doc_2_parent_0:子块:doc_2_parent_0_child_0
2026-07-27 15:12:16,832 - WARNING - D:\WorkSpace\Education-RAG\rag_qa\core\document_processor.py - process_documents - document_processor - 149 - ====================================================================================================
2026-07-27 15:12:16,832 - INFO - D:\WorkSpace\Education-RAG\rag_qa\core\document_processor.py - process_documents - document_processor - 148 - 处理文档成功:父块doc_2_parent_1:子块:doc_2_parent_1_child_0
2026-07-27 15:12:16,832 - WARNING - D:\WorkSpace\Education-RAG\rag_qa\core\document_processor.py - process_documents - document_processor - 149 - ====================================================================================================
2026-07-27 15:12:16,832 - INFO - D:\WorkSpace\Education-RAG\rag_qa\core\document_processor.py - process_documents - document_processor - 148 - 处理文档成功:父块doc_2_parent_1:子块:doc_2_parent_1_child_1
2026-07-27 15:12:16,832 - WARNING - D:\WorkSpace\Education-RAG\rag_qa\core\document_processor.py - process_documents - document_processor - 149 - ====================================================================================================
2026-07-27 15:12:16,832 - INFO - D:\WorkSpace\Education-RAG\rag_qa\core\document_processor.py - process_documents - document_processor - 148 - 处理文档成功:父块doc_2_parent_1:子块:doc_2_parent_1_child_2
2026-07-27 15:12:16,832 - WARNING - D:\WorkSpace\Education-RAG\rag_qa\core\document_processor.py - process_documents - document_processor - 149 - ====================================================================================================
2026-07-27 15:12:16,832 - INFO - D:\WorkSpace\Education-RAG\rag_qa\core\document_processor.py - process_documents - document_processor - 148 - 处理文档成功:父块doc_2_parent_1:子块:doc_2_parent_1_child_3
2026-07-27 15:12:16,832 - WARNING - D:\WorkSpace\Education-RAG\rag_qa\core\document_processor.py - process_documents - document_processor - 149 - ====================================================================================================
2026-07-27 15:12:16,832 - INFO - D:\WorkSpace\Education-RAG\rag_qa\core\document_processor.py - process_documents - document_processor - 148 - 处理文档成功:父块doc_2_parent_1:子块:doc_2_parent_1_child_4
2026-07-27 15:12:16,832 - WARNING - D:\WorkSpace\Education-RAG\rag_qa\core\document_processor.py - process_documents - document_processor - 149 - ====================================================================================================
2026-07-27 15:12:16,832 - INFO - D:\WorkSpace\Education-RAG\rag_qa\core\document_processor.py - process_documents - document_processor - 148 - 处理文档成功:父块doc_2_parent_1:子块:doc_2_parent_1_child_5
2026-07-27 15:12:16,832 - WARNING - D:\WorkSpace\Education-RAG\rag_qa\core\document_processor.py - process_documents - document_processor - 149 - ====================================================================================================
2026-07-27 15:12:16,832 - INFO - D:\WorkSpace\Education-RAG\rag_qa\core\document_processor.py - process_documents - document_processor - 148 - 处理文档成功:父块doc_2_parent_2:子块:doc_2_parent_2_child_0
2026-07-27 15:12:16,832 - WARNING - D:\WorkSpace\Education-RAG\rag_qa\core\document_processor.py - process_documents - document_processor - 149 - ====================================================================================================
2026-07-27 15:12:16,832 - INFO - D:\WorkSpace\Education-RAG\rag_qa\core\document_processor.py - process_documents - document_processor - 148 - 处理文档成功:父块doc_2_parent_2:子块:doc_2_parent_2_child_1
2026-07-27 15:12:16,832 - WARNING - D:\WorkSpace\Education-RAG\rag_qa\core\document_processor.py - process_documents - document_processor - 149 - ====================================================================================================
2026-07-27 15:12:16,832 - INFO - D:\WorkSpace\Education-RAG\rag_qa\core\document_processor.py - process_documents - document_processor - 148 - 处理文档成功:父块doc_2_parent_2:子块:doc_2_parent_2_child_2
2026-07-27 15:12:16,832 - WARNING - D:\WorkSpace\Education-RAG\rag_qa\core\document_processor.py - process_documents - document_processor - 149 - ====================================================================================================
2026-07-27 15:12:16,833 - INFO - D:\WorkSpace\Education-RAG\rag_qa\core\document_processor.py - process_documents - document_processor - 148 - 处理文档成功:父块doc_2_parent_2:子块:doc_2_parent_2_child_3
2026-07-27 15:12:16,833 - WARNING - D:\WorkSpace\Education-RAG\rag_qa\core\document_processor.py - process_documents - document_processor - 149 - ====================================================================================================
2026-07-27 15:12:16,833 - INFO - D:\WorkSpace\Education-RAG\rag_qa\core\document_processor.py - process_documents - document_processor - 148 - 处理文档成功:父块doc_2_parent_2:子块:doc_2_parent_2_child_4
2026-07-27 15:12:16,833 - WARNING - D:\WorkSpace\Education-RAG\rag_qa\core\document_processor.py - process_documents - document_processor - 149 - ====================================================================================================
2026-07-27 15:12:16,833 - INFO - D:\WorkSpace\Education-RAG\rag_qa\core\document_processor.py - process_documents - document_processor - 148 - 处理文档成功:父块doc_2_parent_2:子块:doc_2_parent_2_child_5
2026-07-27 15:12:16,833 - WARNING - D:\WorkSpace\Education-RAG\rag_qa\core\document_processor.py - process_documents - document_processor - 149 - ====================================================================================================
2026-07-27 15:12:16,833 - INFO - D:\WorkSpace\Education-RAG\rag_qa\core\document_processor.py - process_documents - document_processor - 148 - 处理文档成功:父块doc_2_parent_3:子块:doc_2_parent_3_child_0
2026-07-27 15:12:16,833 - WARNING - D:\WorkSpace\Education-RAG\rag_qa\core\document_processor.py - process_documents - document_processor - 149 - ====================================================================================================
2026-07-27 15:12:16,833 - INFO - D:\WorkSpace\Education-RAG\rag_qa\core\document_processor.py - process_documents - document_processor - 148 - 处理文档成功:父块doc_2_parent_4:子块:doc_2_parent_4_child_0
2026-07-27 15:12:16,833 - WARNING - D:\WorkSpace\Education-RAG\rag_qa\core\document_processor.py - process_documents - document_processor - 149 - ====================================================================================================
2026-07-27 15:12:16,833 - INFO - D:\WorkSpace\Education-RAG\rag_qa\core\document_processor.py - process_documents - document_processor - 148 - 处理文档成功:父块doc_2_parent_4:子块:doc_2_parent_4_child_1
2026-07-27 15:12:16,833 - WARNING - D:\WorkSpace\Education-RAG\rag_qa\core\document_processor.py - process_documents - document_processor - 149 - ====================================================================================================
2026-07-27 15:12:16,833 - INFO - D:\WorkSpace\Education-RAG\rag_qa\core\document_processor.py - process_documents - document_processor - 148 - 处理文档成功:父块doc_2_parent_4:子块:doc_2_parent_4_child_2
2026-07-27 15:12:16,833 - WARNING - D:\WorkSpace\Education-RAG\rag_qa\core\document_processor.py - process_documents - document_processor - 149 - ====================================================================================================
2026-07-27 15:12:16,833 - INFO - D:\WorkSpace\Education-RAG\rag_qa\core\document_processor.py - process_documents - document_processor - 148 - 处理文档成功:父块doc_3_parent_0:子块:doc_3_parent_0_child_0
2026-07-27 15:12:16,833 - WARNING - D:\WorkSpace\Education-RAG\rag_qa\core\document_processor.py - process_documents - document_processor - 149 - ====================================================================================================
2026-07-27 15:12:16,833 - INFO - D:\WorkSpace\Education-RAG\rag_qa\core\document_processor.py - process_documents - document_processor - 148 - 处理文档成功:父块doc_3_parent_0:子块:doc_3_parent_0_child_1
2026-07-27 15:12:16,833 - WARNING - D:\WorkSpace\Education-RAG\rag_qa\core\document_processor.py - process_documents - document_processor - 149 - ====================================================================================================
2026-07-27 15:12:16,833 - INFO - D:\WorkSpace\Education-RAG\rag_qa\core\document_processor.py - process_documents - document_processor - 148 - 处理文档成功:父块doc_3_parent_0:子块:doc_3_parent_0_child_2
2026-07-27 15:12:16,833 - WARNING - D:\WorkSpace\Education-RAG\rag_qa\core\document_processor.py - process_documents - document_processor - 149 - ====================================================================================================
2026-07-27 15:12:16,834 - INFO - D:\WorkSpace\Education-RAG\rag_qa\core\document_processor.py - process_documents - document_processor - 148 - 处理文档成功:父块doc_3_parent_0:子块:doc_3_parent_0_child_3
2026-07-27 15:12:16,834 - WARNING - D:\WorkSpace\Education-RAG\rag_qa\core\document_processor.py - process_documents - document_processor - 149 - ====================================================================================================
2026-07-27 15:12:16,834 - INFO - D:\WorkSpace\Education-RAG\rag_qa\core\document_processor.py - process_documents - document_processor - 148 - 处理文档成功:父块doc_3_parent_0:子块:doc_3_parent_0_child_4
2026-07-27 15:12:16,835 - WARNING - D:\WorkSpace\Education-RAG\rag_qa\core\document_processor.py - process_documents - document_processor - 149 - ====================================================================================================
2026-07-27 15:21:54,978 - INFO - D:\WorkSpace\Education-RAG\rag_qa\core\vector_store.py - _create_or_load_collection - vector_store - 109 - 已加载集合 edurag
2026-07-27 15:21:55,909 - INFO - D:\WorkSpace\Education-RAG\rag_qa\core\document_processor.py - load_documents_from_directory - document_processor - 101 - 加载文件成功:D:\WorkSpace\Education-RAG\rag_qa/data/ai_data\LLM基础知识.pdf
2026-07-27 15:21:56,614 - INFO - D:\WorkSpace\Education-RAG\rag_qa\core\document_processor.py - load_documents_from_directory - document_processor - 101 - 加载文件成功:D:\WorkSpace\Education-RAG\rag_qa/data/ai_data\人工智能就业课课程大纲.docx
2026-07-27 15:22:11,334 - INFO - D:\WorkSpace\Education-RAG\rag_qa\core\document_processor.py - load_documents_from_directory - document_processor - 101 - 加载文件成功:D:\WorkSpace\Education-RAG\rag_qa/data/ai_data\就业指导课.pptx
2026-07-27 15:22:18,833 - INFO - D:\WorkSpace\Education-RAG\rag_qa\core\document_processor.py - load_documents_from_directory - document_processor - 101 - 加载文件成功:D:\WorkSpace\Education-RAG\rag_qa/data/ai_data\语言模型.png
2026-07-27 15:22:18,833 - INFO - D:\WorkSpace\Education-RAG\rag_qa\core\document_processor.py - process_documents - document_processor - 148 - 处理文档成功:父块doc_0_parent_0:子块:doc_0_parent_0_child_0
2026-07-27 15:22:18,834 - WARNING - D:\WorkSpace\Education-RAG\rag_qa\core\document_processor.py - process_documents - document_processor - 149 - ====================================================================================================
2026-07-27 15:22:18,834 - INFO - D:\WorkSpace\Education-RAG\rag_qa\core\document_processor.py - process_documents - document_processor - 148 - 处理文档成功:父块doc_0_parent_0:子块:doc_0_parent_0_child_1
2026-07-27 15:22:18,834 - WARNING - D:\WorkSpace\Education-RAG\rag_qa\core\document_processor.py - process_documents - document_processor - 149 - ====================================================================================================
2026-07-27 15:22:18,834 - INFO - D:\WorkSpace\Education-RAG\rag_qa\core\document_processor.py - process_documents - document_processor - 148 - 处理文档成功:父块doc_0_parent_0:子块:doc_0_parent_0_child_2
2026-07-27 15:22:18,834 - WARNING - D:\WorkSpace\Education-RAG\rag_qa\core\document_processor.py - process_documents - document_processor - 149 - ====================================================================================================
2026-07-27 15:22:18,834 - INFO - D:\WorkSpace\Education-RAG\rag_qa\core\document_processor.py - process_documents - document_processor - 148 - 处理文档成功:父块doc_0_parent_1:子块:doc_0_parent_1_child_0
2026-07-27 15:22:18,834 - WARNING - D:\WorkSpace\Education-RAG\rag_qa\core\document_processor.py - process_documents - document_processor - 149 - ====================================================================================================
2026-07-27 15:22:18,835 - INFO - D:\WorkSpace\Education-RAG\rag_qa\core\document_processor.py - process_documents - document_processor - 148 - 处理文档成功:父块doc_0_parent_1:子块:doc_0_parent_1_child_1
2026-07-27 15:22:18,835 - WARNING - D:\WorkSpace\Education-RAG\rag_qa\core\document_processor.py - process_documents - document_processor - 149 - ====================================================================================================
2026-07-27 15:22:18,835 - INFO - D:\WorkSpace\Education-RAG\rag_qa\core\document_processor.py - process_documents - document_processor - 148 - 处理文档成功:父块doc_0_parent_1:子块:doc_0_parent_1_child_2
2026-07-27 15:22:18,835 - WARNING - D:\WorkSpace\Education-RAG\rag_qa\core\document_processor.py - process_documents - document_processor - 149 - ====================================================================================================
2026-07-27 15:22:18,835 - INFO - D:\WorkSpace\Education-RAG\rag_qa\core\document_processor.py - process_documents - document_processor - 148 - 处理文档成功:父块doc_0_parent_1:子块:doc_0_parent_1_child_3
2026-07-27 15:22:18,835 - WARNING - D:\WorkSpace\Education-RAG\rag_qa\core\document_processor.py - process_documents - document_processor - 149 - ====================================================================================================
2026-07-27 15:22:18,835 - INFO - D:\WorkSpace\Education-RAG\rag_qa\core\document_processor.py - process_documents - document_processor - 148 - 处理文档成功:父块doc_0_parent_1:子块:doc_0_parent_1_child_4
2026-07-27 15:22:18,835 - WARNING - D:\WorkSpace\Education-RAG\rag_qa\core\document_processor.py - process_documents - document_processor - 149 - ====================================================================================================
2026-07-27 15:22:18,835 - INFO - D:\WorkSpace\Education-RAG\rag_qa\core\document_processor.py - process_documents - document_processor - 148 - 处理文档成功:父块doc_0_parent_1:子块:doc_0_parent_1_child_5
2026-07-27 15:22:18,836 - WARNING - D:\WorkSpace\Education-RAG\rag_qa\core\document_processor.py - process_documents - document_processor - 149 - ====================================================================================================
2026-07-27 15:22:18,836 - INFO - D:\WorkSpace\Education-RAG\rag_qa\core\document_processor.py - process_documents - document_processor - 148 - 处理文档成功:父块doc_0_parent_2:子块:doc_0_parent_2_child_0
2026-07-27 15:22:18,836 - WARNING - D:\WorkSpace\Education-RAG\rag_qa\core\document_processor.py - process_documents - document_processor - 149 - ====================================================================================================
2026-07-27 15:22:18,836 - INFO - D:\WorkSpace\Education-RAG\rag_qa\core\document_processor.py - process_documents - document_processor - 148 - 处理文档成功:父块doc_0_parent_2:子块:doc_0_parent_2_child_1
2026-07-27 15:22:18,836 - WARNING - D:\WorkSpace\Education-RAG\rag_qa\core\document_processor.py - process_documents - document_processor - 149 - ====================================================================================================
2026-07-27 15:22:18,836 - INFO - D:\WorkSpace\Education-RAG\rag_qa\core\document_processor.py - process_documents - document_processor - 148 - 处理文档成功:父块doc_0_parent_2:子块:doc_0_parent_2_child_2
2026-07-27 15:22:18,836 - WARNING - D:\WorkSpace\Education-RAG\rag_qa\core\document_processor.py - process_documents - document_processor - 149 - ====================================================================================================
2026-07-27 15:22:18,836 - INFO - D:\WorkSpace\Education-RAG\rag_qa\core\document_processor.py - process_documents - document_processor - 148 - 处理文档成功:父块doc_0_parent_2:子块:doc_0_parent_2_child_3
2026-07-27 15:22:18,836 - WARNING - D:\WorkSpace\Education-RAG\rag_qa\core\document_processor.py - process_documents - document_processor - 149 - ====================================================================================================
2026-07-27 15:22:18,836 - INFO - D:\WorkSpace\Education-RAG\rag_qa\core\document_processor.py - process_documents - document_processor - 148 - 处理文档成功:父块doc_0_parent_2:子块:doc_0_parent_2_child_4
2026-07-27 15:22:18,836 - WARNING - D:\WorkSpace\Education-RAG\rag_qa\core\document_processor.py - process_documents - document_processor - 149 - ====================================================================================================
2026-07-27 15:22:18,836 - INFO - D:\WorkSpace\Education-RAG\rag_qa\core\document_processor.py - process_documents - document_processor - 148 - 处理文档成功:父块doc_0_parent_2:子块:doc_0_parent_2_child_5
2026-07-27 15:22:18,836 - WARNING - D:\WorkSpace\Education-RAG\rag_qa\core\document_processor.py - process_documents - document_processor - 149 - ====================================================================================================
2026-07-27 15:22:18,836 - INFO - D:\WorkSpace\Education-RAG\rag_qa\core\document_processor.py - process_documents - document_processor - 148 - 处理文档成功:父块doc_0_parent_3:子块:doc_0_parent_3_child_0
2026-07-27 15:22:18,836 - WARNING - D:\WorkSpace\Education-RAG\rag_qa\core\document_processor.py - process_documents - document_processor - 149 - ====================================================================================================
2026-07-27 15:22:18,836 - INFO - D:\WorkSpace\Education-RAG\rag_qa\core\document_processor.py - process_documents - document_processor - 148 - 处理文档成功:父块doc_0_parent_3:子块:doc_0_parent_3_child_1
2026-07-27 15:22:18,836 - WARNING - D:\WorkSpace\Education-RAG\rag_qa\core\document_processor.py - process_documents - document_processor - 149 - ====================================================================================================
2026-07-27 15:22:18,837 - INFO - D:\WorkSpace\Education-RAG\rag_qa\core\document_processor.py - process_documents - document_processor - 148 - 处理文档成功:父块doc_0_parent_3:子块:doc_0_parent_3_child_2
2026-07-27 15:22:18,837 - WARNING - D:\WorkSpace\Education-RAG\rag_qa\core\document_processor.py - process_documents - document_processor - 149 - ====================================================================================================
2026-07-27 15:22:18,837 - INFO - D:\WorkSpace\Education-RAG\rag_qa\core\document_processor.py - process_documents - document_processor - 148 - 处理文档成功:父块doc_0_parent_3:子块:doc_0_parent_3_child_3
2026-07-27 15:22:18,837 - WARNING - D:\WorkSpace\Education-RAG\rag_qa\core\document_processor.py - process_documents - document_processor - 149 - ====================================================================================================
2026-07-27 15:22:18,837 - INFO - D:\WorkSpace\Education-RAG\rag_qa\core\document_processor.py - process_documents - document_processor - 148 - 处理文档成功:父块doc_0_parent_3:子块:doc_0_parent_3_child_4
2026-07-27 15:22:18,837 - WARNING - D:\WorkSpace\Education-RAG\rag_qa\core\document_processor.py - process_documents - document_processor - 149 - ====================================================================================================
2026-07-27 15:22:18,837 - INFO - D:\WorkSpace\Education-RAG\rag_qa\core\document_processor.py - process_documents - document_processor - 148 - 处理文档成功:父块doc_0_parent_4:子块:doc_0_parent_4_child_0
2026-07-27 15:22:18,837 - WARNING - D:\WorkSpace\Education-RAG\rag_qa\core\document_processor.py - process_documents - document_processor - 149 - ====================================================================================================
2026-07-27 15:22:18,837 - INFO - D:\WorkSpace\Education-RAG\rag_qa\core\document_processor.py - process_documents - document_processor - 148 - 处理文档成功:父块doc_0_parent_4:子块:doc_0_parent_4_child_1
2026-07-27 15:22:18,837 - WARNING - D:\WorkSpace\Education-RAG\rag_qa\core\document_processor.py - process_documents - document_processor - 149 - ====================================================================================================
2026-07-27 15:22:18,837 - INFO - D:\WorkSpace\Education-RAG\rag_qa\core\document_processor.py - process_documents - document_processor - 148 - 处理文档成功:父块doc_0_parent_4:子块:doc_0_parent_4_child_2
2026-07-27 15:22:18,837 - WARNING - D:\WorkSpace\Education-RAG\rag_qa\core\document_processor.py - process_documents - document_processor - 149 - ====================================================================================================
2026-07-27 15:22:18,837 - INFO - D:\WorkSpace\Education-RAG\rag_qa\core\document_processor.py - process_documents - document_processor - 148 - 处理文档成功:父块doc_0_parent_4:子块:doc_0_parent_4_child_3
2026-07-27 15:22:18,837 - WARNING - D:\WorkSpace\Education-RAG\rag_qa\core\document_processor.py - process_documents - document_processor - 149 - ====================================================================================================
2026-07-27 15:22:18,837 - INFO - D:\WorkSpace\Education-RAG\rag_qa\core\document_processor.py - process_documents - document_processor - 148 - 处理文档成功:父块doc_0_parent_4:子块:doc_0_parent_4_child_4
2026-07-27 15:22:18,837 - WARNING - D:\WorkSpace\Education-RAG\rag_qa\core\document_processor.py - process_documents - document_processor - 149 - ====================================================================================================
2026-07-27 15:22:18,837 - INFO - D:\WorkSpace\Education-RAG\rag_qa\core\document_processor.py - process_documents - document_processor - 148 - 处理文档成功:父块doc_0_parent_4:子块:doc_0_parent_4_child_5
2026-07-27 15:22:18,837 - WARNING - D:\WorkSpace\Education-RAG\rag_qa\core\document_processor.py - process_documents - document_processor - 149 - ====================================================================================================
2026-07-27 15:22:18,837 - INFO - D:\WorkSpace\Education-RAG\rag_qa\core\document_processor.py - process_documents - document_processor - 148 - 处理文档成功:父块doc_0_parent_5:子块:doc_0_parent_5_child_0
2026-07-27 15:22:18,837 - WARNING - D:\WorkSpace\Education-RAG\rag_qa\core\document_processor.py - process_documents - document_processor - 149 - ====================================================================================================
2026-07-27 15:22:18,839 - INFO - D:\WorkSpace\Education-RAG\rag_qa\core\document_processor.py - process_documents - document_processor - 148 - 处理文档成功:父块doc_0_parent_6:子块:doc_0_parent_6_child_0
2026-07-27 15:22:18,839 - WARNING - D:\WorkSpace\Education-RAG\rag_qa\core\document_processor.py - process_documents - document_processor - 149 - ====================================================================================================
2026-07-27 15:22:18,839 - INFO - D:\WorkSpace\Education-RAG\rag_qa\core\document_processor.py - process_documents - document_processor - 148 - 处理文档成功:父块doc_0_parent_6:子块:doc_0_parent_6_child_1
2026-07-27 15:22:18,839 - WARNING - D:\WorkSpace\Education-RAG\rag_qa\core\document_processor.py - process_documents - document_processor - 149 - ====================================================================================================
2026-07-27 15:22:18,839 - INFO - D:\WorkSpace\Education-RAG\rag_qa\core\document_processor.py - process_documents - document_processor - 148 - 处理文档成功:父块doc_0_parent_6:子块:doc_0_parent_6_child_2
2026-07-27 15:22:18,839 - WARNING - D:\WorkSpace\Education-RAG\rag_qa\core\document_processor.py - process_documents - document_processor - 149 - ====================================================================================================
2026-07-27 15:22:18,839 - INFO - D:\WorkSpace\Education-RAG\rag_qa\core\document_processor.py - process_documents - document_processor - 148 - 处理文档成功:父块doc_0_parent_6:子块:doc_0_parent_6_child_3
2026-07-27 15:22:18,839 - WARNING - D:\WorkSpace\Education-RAG\rag_qa\core\document_processor.py - process_documents - document_processor - 149 - ====================================================================================================
2026-07-27 15:22:18,839 - INFO - D:\WorkSpace\Education-RAG\rag_qa\core\document_processor.py - process_documents - document_processor - 148 - 处理文档成功:父块doc_0_parent_6:子块:doc_0_parent_6_child_4
2026-07-27 15:22:18,839 - WARNING - D:\WorkSpace\Education-RAG\rag_qa\core\document_processor.py - process_documents - document_processor - 149 - ====================================================================================================
2026-07-27 15:22:18,839 - INFO - D:\WorkSpace\Education-RAG\rag_qa\core\document_processor.py - process_documents - document_processor - 148 - 处理文档成功:父块doc_0_parent_7:子块:doc_0_parent_7_child_0
2026-07-27 15:22:18,839 - WARNING - D:\WorkSpace\Education-RAG\rag_qa\core\document_processor.py - process_documents - document_processor - 149 - ====================================================================================================
2026-07-27 15:22:18,839 - INFO - D:\WorkSpace\Education-RAG\rag_qa\core\document_processor.py - process_documents - document_processor - 148 - 处理文档成功:父块doc_0_parent_7:子块:doc_0_parent_7_child_1
2026-07-27 15:22:18,839 - WARNING - D:\WorkSpace\Education-RAG\rag_qa\core\document_processor.py - process_documents - document_processor - 149 - ====================================================================================================
2026-07-27 15:22:18,839 - INFO - D:\WorkSpace\Education-RAG\rag_qa\core\document_processor.py - process_documents - document_processor - 148 - 处理文档成功:父块doc_0_parent_7:子块:doc_0_parent_7_child_2
2026-07-27 15:22:18,839 - WARNING - D:\WorkSpace\Education-RAG\rag_qa\core\document_processor.py - process_documents - document_processor - 149 - ====================================================================================================
2026-07-27 15:22:18,839 - INFO - D:\WorkSpace\Education-RAG\rag_qa\core\document_processor.py - process_documents - document_processor - 148 - 处理文档成功:父块doc_0_parent_7:子块:doc_0_parent_7_child_3
2026-07-27 15:22:18,839 - WARNING - D:\WorkSpace\Education-RAG\rag_qa\core\document_processor.py - process_documents - document_processor - 149 - ====================================================================================================
2026-07-27 15:22:18,841 - INFO - D:\WorkSpace\Education-RAG\rag_qa\core\document_processor.py - process_documents - document_processor - 148 - 处理文档成功:父块doc_0_parent_7:子块:doc_0_parent_7_child_4
2026-07-27 15:22:18,841 - WARNING - D:\WorkSpace\Education-RAG\rag_qa\core\document_processor.py - process_documents - document_processor - 149 - ====================================================================================================
2026-07-27 15:22:18,841 - INFO - D:\WorkSpace\Education-RAG\rag_qa\core\document_processor.py - process_documents - document_processor - 148 - 处理文档成功:父块doc_0_parent_7:子块:doc_0_parent_7_child_5
2026-07-27 15:22:18,841 - WARNING - D:\WorkSpace\Education-RAG\rag_qa\core\document_processor.py - process_documents - document_processor - 149 - ====================================================================================================
2026-07-27 15:22:18,841 - INFO - D:\WorkSpace\Education-RAG\rag_qa\core\document_processor.py - process_documents - document_processor - 148 - 处理文档成功:父块doc_0_parent_8:子块:doc_0_parent_8_child_0
2026-07-27 15:22:18,841 - WARNING - D:\WorkSpace\Education-RAG\rag_qa\core\document_processor.py - process_documents - document_processor - 149 - ====================================================================================================
2026-07-27 15:22:18,841 - INFO - D:\WorkSpace\Education-RAG\rag_qa\core\document_processor.py - process_documents - document_processor - 148 - 处理文档成功:父块doc_0_parent_8:子块:doc_0_parent_8_child_1
2026-07-27 15:22:18,841 - WARNING - D:\WorkSpace\Education-RAG\rag_qa\core\document_processor.py - process_documents - document_processor - 149 - ====================================================================================================
2026-07-27 15:22:18,841 - INFO - D:\WorkSpace\Education-RAG\rag_qa\core\document_processor.py - process_documents - document_processor - 148 - 处理文档成功:父块doc_0_parent_8:子块:doc_0_parent_8_child_2
2026-07-27 15:22:18,841 - WARNING - D:\WorkSpace\Education-RAG\rag_qa\core\document_processor.py - process_documents - document_processor - 149 - ====================================================================================================
2026-07-27 15:22:18,841 - INFO - D:\WorkSpace\Education-RAG\rag_qa\core\document_processor.py - process_documents - document_processor - 148 - 处理文档成功:父块doc_0_parent_9:子块:doc_0_parent_9_child_0
2026-07-27 15:22:18,841 - WARNING - D:\WorkSpace\Education-RAG\rag_qa\core\document_processor.py - process_documents - document_processor - 149 - ====================================================================================================
2026-07-27 15:22:18,841 - INFO - D:\WorkSpace\Education-RAG\rag_qa\core\document_processor.py - process_documents - document_processor - 148 - 处理文档成功:父块doc_0_parent_9:子块:doc_0_parent_9_child_1
2026-07-27 15:22:18,841 - WARNING - D:\WorkSpace\Education-RAG\rag_qa\core\document_processor.py - process_documents - document_processor - 149 - ====================================================================================================
2026-07-27 15:22:18,841 - INFO - D:\WorkSpace\Education-RAG\rag_qa\core\document_processor.py - process_documents - document_processor - 148 - 处理文档成功:父块doc_0_parent_9:子块:doc_0_parent_9_child_2
2026-07-27 15:22:18,841 - WARNING - D:\WorkSpace\Education-RAG\rag_qa\core\document_processor.py - process_documents - document_processor - 149 - ====================================================================================================
2026-07-27 15:22:18,842 - INFO - D:\WorkSpace\Education-RAG\rag_qa\core\document_processor.py - process_documents - document_processor - 148 - 处理文档成功:父块doc_0_parent_9:子块:doc_0_parent_9_child_3
2026-07-27 15:22:18,842 - WARNING - D:\WorkSpace\Education-RAG\rag_qa\core\document_processor.py - process_documents - document_processor - 149 - ====================================================================================================
2026-07-27 15:22:18,843 - INFO - D:\WorkSpace\Education-RAG\rag_qa\core\document_processor.py - process_documents - document_processor - 148 - 处理文档成功:父块doc_0_parent_9:子块:doc_0_parent_9_child_4
2026-07-27 15:22:18,843 - WARNING - D:\WorkSpace\Education-RAG\rag_qa\core\document_processor.py - process_documents - document_processor - 149 - ====================================================================================================
2026-07-27 15:22:18,843 - INFO - D:\WorkSpace\Education-RAG\rag_qa\core\document_processor.py - process_documents - document_processor - 148 - 处理文档成功:父块doc_0_parent_9:子块:doc_0_parent_9_child_5
2026-07-27 15:22:18,843 - WARNING - D:\WorkSpace\Education-RAG\rag_qa\core\document_processor.py - process_documents - document_processor - 149 - ====================================================================================================
2026-07-27 15:22:18,843 - INFO - D:\WorkSpace\Education-RAG\rag_qa\core\document_processor.py - process_documents - document_processor - 148 - 处理文档成功:父块doc_0_parent_10:子块:doc_0_parent_10_child_0
2026-07-27 15:22:18,843 - WARNING - D:\WorkSpace\Education-RAG\rag_qa\core\document_processor.py - process_documents - document_processor - 149 - ====================================================================================================
2026-07-27 15:22:18,843 - INFO - D:\WorkSpace\Education-RAG\rag_qa\core\document_processor.py - process_documents - document_processor - 148 - 处理文档成功:父块doc_0_parent_11:子块:doc_0_parent_11_child_0
2026-07-27 15:22:18,843 - WARNING - D:\WorkSpace\Education-RAG\rag_qa\core\document_processor.py - process_documents - document_processor - 149 - ====================================================================================================
2026-07-27 15:22:18,843 - INFO - D:\WorkSpace\Education-RAG\rag_qa\core\document_processor.py - process_documents - document_processor - 148 - 处理文档成功:父块doc_0_parent_11:子块:doc_0_parent_11_child_1
2026-07-27 15:22:18,843 - WARNING - D:\WorkSpace\Education-RAG\rag_qa\core\document_processor.py - process_documents - document_processor - 149 - ====================================================================================================
2026-07-27 15:22:18,843 - INFO - D:\WorkSpace\Education-RAG\rag_qa\core\document_processor.py - process_documents - document_processor - 148 - 处理文档成功:父块doc_0_parent_11:子块:doc_0_parent_11_child_2
2026-07-27 15:22:18,843 - WARNING - D:\WorkSpace\Education-RAG\rag_qa\core\document_processor.py - process_documents - document_processor - 149 - ====================================================================================================
2026-07-27 15:22:18,843 - INFO - D:\WorkSpace\Education-RAG\rag_qa\core\document_processor.py - process_documents - document_processor - 148 - 处理文档成功:父块doc_0_parent_11:子块:doc_0_parent_11_child_3
2026-07-27 15:22:18,843 - WARNING - D:\WorkSpace\Education-RAG\rag_qa\core\document_processor.py - process_documents - document_processor - 149 - ====================================================================================================
2026-07-27 15:22:18,844 - INFO - D:\WorkSpace\Education-RAG\rag_qa\core\document_processor.py - process_documents - document_processor - 148 - 处理文档成功:父块doc_1_parent_0:子块:doc_1_parent_0_child_0
2026-07-27 15:22:18,844 - WARNING - D:\WorkSpace\Education-RAG\rag_qa\core\document_processor.py - process_documents - document_processor - 149 - ====================================================================================================
2026-07-27 15:22:18,844 - INFO - D:\WorkSpace\Education-RAG\rag_qa\core\document_processor.py - process_documents - document_processor - 148 - 处理文档成功:父块doc_1_parent_0:子块:doc_1_parent_0_child_1
2026-07-27 15:22:18,844 - WARNING - D:\WorkSpace\Education-RAG\rag_qa\core\document_processor.py - process_documents - document_processor - 149 - ====================================================================================================
2026-07-27 15:22:18,844 - INFO - D:\WorkSpace\Education-RAG\rag_qa\core\document_processor.py - process_documents - document_processor - 148 - 处理文档成功:父块doc_1_parent_0:子块:doc_1_parent_0_child_2
2026-07-27 15:22:18,844 - WARNING - D:\WorkSpace\Education-RAG\rag_qa\core\document_processor.py - process_documents - document_processor - 149 - ====================================================================================================
2026-07-27 15:22:18,844 - INFO - D:\WorkSpace\Education-RAG\rag_qa\core\document_processor.py - process_documents - document_processor - 148 - 处理文档成功:父块doc_1_parent_0:子块:doc_1_parent_0_child_3
2026-07-27 15:22:18,844 - WARNING - D:\WorkSpace\Education-RAG\rag_qa\core\document_processor.py - process_documents - document_processor - 149 - ====================================================================================================
2026-07-27 15:22:18,844 - INFO - D:\WorkSpace\Education-RAG\rag_qa\core\document_processor.py - process_documents - document_processor - 148 - 处理文档成功:父块doc_1_parent_0:子块:doc_1_parent_0_child_4
2026-07-27 15:22:18,844 - WARNING - D:\WorkSpace\Education-RAG\rag_qa\core\document_processor.py - process_documents - document_processor - 149 - ====================================================================================================
2026-07-27 15:22:18,844 - INFO - D:\WorkSpace\Education-RAG\rag_qa\core\document_processor.py - process_documents - document_processor - 148 - 处理文档成功:父块doc_1_parent_0:子块:doc_1_parent_0_child_5
2026-07-27 15:22:18,844 - WARNING - D:\WorkSpace\Education-RAG\rag_qa\core\document_processor.py - process_documents - document_processor - 149 - ====================================================================================================
2026-07-27 15:22:18,845 - INFO - D:\WorkSpace\Education-RAG\rag_qa\core\document_processor.py - process_documents - document_processor - 148 - 处理文档成功:父块doc_1_parent_1:子块:doc_1_parent_1_child_0
2026-07-27 15:22:18,845 - WARNING - D:\WorkSpace\Education-RAG\rag_qa\core\document_processor.py - process_documents - document_processor - 149 - ====================================================================================================
2026-07-27 15:22:18,845 - INFO - D:\WorkSpace\Education-RAG\rag_qa\core\document_processor.py - process_documents - document_processor - 148 - 处理文档成功:父块doc_1_parent_1:子块:doc_1_parent_1_child_1
2026-07-27 15:22:18,845 - WARNING - D:\WorkSpace\Education-RAG\rag_qa\core\document_processor.py - process_documents - document_processor - 149 - ====================================================================================================
2026-07-27 15:22:18,845 - INFO - D:\WorkSpace\Education-RAG\rag_qa\core\document_processor.py - process_documents - document_processor - 148 - 处理文档成功:父块doc_1_parent_1:子块:doc_1_parent_1_child_2
2026-07-27 15:22:18,845 - WARNING - D:\WorkSpace\Education-RAG\rag_qa\core\document_processor.py - process_documents - document_processor - 149 - ====================================================================================================
2026-07-27 15:22:18,845 - INFO - D:\WorkSpace\Education-RAG\rag_qa\core\document_processor.py - process_documents - document_processor - 148 - 处理文档成功:父块doc_1_parent_1:子块:doc_1_parent_1_child_3
2026-07-27 15:22:18,845 - WARNING - D:\WorkSpace\Education-RAG\rag_qa\core\document_processor.py - process_documents - document_processor - 149 - ====================================================================================================
2026-07-27 15:22:18,845 - INFO - D:\WorkSpace\Education-RAG\rag_qa\core\document_processor.py - process_documents - document_processor - 148 - 处理文档成功:父块doc_1_parent_1:子块:doc_1_parent_1_child_4
2026-07-27 15:22:18,845 - WARNING - D:\WorkSpace\Education-RAG\rag_qa\core\document_processor.py - process_documents - document_processor - 149 - ====================================================================================================
2026-07-27 15:22:18,846 - INFO - D:\WorkSpace\Education-RAG\rag_qa\core\document_processor.py - process_documents - document_processor - 148 - 处理文档成功:父块doc_1_parent_2:子块:doc_1_parent_2_child_0
2026-07-27 15:22:18,846 - WARNING - D:\WorkSpace\Education-RAG\rag_qa\core\document_processor.py - process_documents - document_processor - 149 - ====================================================================================================
2026-07-27 15:22:18,846 - INFO - D:\WorkSpace\Education-RAG\rag_qa\core\document_processor.py - process_documents - document_processor - 148 - 处理文档成功:父块doc_1_parent_2:子块:doc_1_parent_2_child_1
2026-07-27 15:22:18,846 - WARNING - D:\WorkSpace\Education-RAG\rag_qa\core\document_processor.py - process_documents - document_processor - 149 - ====================================================================================================
2026-07-27 15:22:18,846 - INFO - D:\WorkSpace\Education-RAG\rag_qa\core\document_processor.py - process_documents - document_processor - 148 - 处理文档成功:父块doc_1_parent_2:子块:doc_1_parent_2_child_2
2026-07-27 15:22:18,846 - WARNING - D:\WorkSpace\Education-RAG\rag_qa\core\document_processor.py - process_documents - document_processor - 149 - ====================================================================================================
2026-07-27 15:22:18,846 - INFO - D:\WorkSpace\Education-RAG\rag_qa\core\document_processor.py - process_documents - document_processor - 148 - 处理文档成功:父块doc_1_parent_2:子块:doc_1_parent_2_child_3
2026-07-27 15:22:18,846 - WARNING - D:\WorkSpace\Education-RAG\rag_qa\core\document_processor.py - process_documents - document_processor - 149 - ====================================================================================================
2026-07-27 15:22:18,846 - INFO - D:\WorkSpace\Education-RAG\rag_qa\core\document_processor.py - process_documents - document_processor - 148 - 处理文档成功:父块doc_1_parent_2:子块:doc_1_parent_2_child_4
2026-07-27 15:22:18,846 - WARNING - D:\WorkSpace\Education-RAG\rag_qa\core\document_processor.py - process_documents - document_processor - 149 - ====================================================================================================
2026-07-27 15:22:18,846 - INFO - D:\WorkSpace\Education-RAG\rag_qa\core\document_processor.py - process_documents - document_processor - 148 - 处理文档成功:父块doc_1_parent_2:子块:doc_1_parent_2_child_5
2026-07-27 15:22:18,846 - WARNING - D:\WorkSpace\Education-RAG\rag_qa\core\document_processor.py - process_documents - document_processor - 149 - ====================================================================================================
2026-07-27 15:22:18,846 - INFO - D:\WorkSpace\Education-RAG\rag_qa\core\document_processor.py - process_documents - document_processor - 148 - 处理文档成功:父块doc_1_parent_3:子块:doc_1_parent_3_child_0
2026-07-27 15:22:18,846 - WARNING - D:\WorkSpace\Education-RAG\rag_qa\core\document_processor.py - process_documents - document_processor - 149 - ====================================================================================================
2026-07-27 15:22:18,846 - INFO - D:\WorkSpace\Education-RAG\rag_qa\core\document_processor.py - process_documents - document_processor - 148 - 处理文档成功:父块doc_1_parent_3:子块:doc_1_parent_3_child_1
2026-07-27 15:22:18,846 - WARNING - D:\WorkSpace\Education-RAG\rag_qa\core\document_processor.py - process_documents - document_processor - 149 - ====================================================================================================
2026-07-27 15:22:18,846 - INFO - D:\WorkSpace\Education-RAG\rag_qa\core\document_processor.py - process_documents - document_processor - 148 - 处理文档成功:父块doc_1_parent_3:子块:doc_1_parent_3_child_2
2026-07-27 15:22:18,847 - WARNING - D:\WorkSpace\Education-RAG\rag_qa\core\document_processor.py - process_documents - document_processor - 149 - ====================================================================================================
2026-07-27 15:22:18,847 - INFO - D:\WorkSpace\Education-RAG\rag_qa\core\document_processor.py - process_documents - document_processor - 148 - 处理文档成功:父块doc_1_parent_3:子块:doc_1_parent_3_child_3
2026-07-27 15:22:18,848 - WARNING - D:\WorkSpace\Education-RAG\rag_qa\core\document_processor.py - process_documents - document_processor - 149 - ====================================================================================================
2026-07-27 15:22:18,848 - INFO - D:\WorkSpace\Education-RAG\rag_qa\core\document_processor.py - process_documents - document_processor - 148 - 处理文档成功:父块doc_1_parent_3:子块:doc_1_parent_3_child_4
2026-07-27 15:22:18,848 - WARNING - D:\WorkSpace\Education-RAG\rag_qa\core\document_processor.py - process_documents - document_processor - 149 - ====================================================================================================
2026-07-27 15:22:18,848 - INFO - D:\WorkSpace\Education-RAG\rag_qa\core\document_processor.py - process_documents - document_processor - 148 - 处理文档成功:父块doc_1_parent_4:子块:doc_1_parent_4_child_0
2026-07-27 15:22:18,848 - WARNING - D:\WorkSpace\Education-RAG\rag_qa\core\document_processor.py - process_documents - document_processor - 149 - ====================================================================================================
2026-07-27 15:22:18,848 - INFO - D:\WorkSpace\Education-RAG\rag_qa\core\document_processor.py - process_documents - document_processor - 148 - 处理文档成功:父块doc_1_parent_4:子块:doc_1_parent_4_child_1
2026-07-27 15:22:18,848 - WARNING - D:\WorkSpace\Education-RAG\rag_qa\core\document_processor.py - process_documents - document_processor - 149 - ====================================================================================================
2026-07-27 15:22:18,848 - INFO - D:\WorkSpace\Education-RAG\rag_qa\core\document_processor.py - process_documents - document_processor - 148 - 处理文档成功:父块doc_1_parent_4:子块:doc_1_parent_4_child_2
2026-07-27 15:22:18,848 - WARNING - D:\WorkSpace\Education-RAG\rag_qa\core\document_processor.py - process_documents - document_processor - 149 - ====================================================================================================
2026-07-27 15:22:18,848 - INFO - D:\WorkSpace\Education-RAG\rag_qa\core\document_processor.py - process_documents - document_processor - 148 - 处理文档成功:父块doc_1_parent_4:子块:doc_1_parent_4_child_3
2026-07-27 15:22:18,848 - WARNING - D:\WorkSpace\Education-RAG\rag_qa\core\document_processor.py - process_documents - document_processor - 149 - ====================================================================================================
2026-07-27 15:22:18,848 - INFO - D:\WorkSpace\Education-RAG\rag_qa\core\document_processor.py - process_documents - document_processor - 148 - 处理文档成功:父块doc_1_parent_4:子块:doc_1_parent_4_child_4
2026-07-27 15:22:18,848 - WARNING - D:\WorkSpace\Education-RAG\rag_qa\core\document_processor.py - process_documents - document_processor - 149 - ====================================================================================================
2026-07-27 15:22:18,849 - INFO - D:\WorkSpace\Education-RAG\rag_qa\core\document_processor.py - process_documents - document_processor - 148 - 处理文档成功:父块doc_1_parent_5:子块:doc_1_parent_5_child_0
2026-07-27 15:22:18,849 - WARNING - D:\WorkSpace\Education-RAG\rag_qa\core\document_processor.py - process_documents - document_processor - 149 - ====================================================================================================
2026-07-27 15:22:18,849 - INFO - D:\WorkSpace\Education-RAG\rag_qa\core\document_processor.py - process_documents - document_processor - 148 - 处理文档成功:父块doc_1_parent_5:子块:doc_1_parent_5_child_1
2026-07-27 15:22:18,849 - WARNING - D:\WorkSpace\Education-RAG\rag_qa\core\document_processor.py - process_documents - document_processor - 149 - ====================================================================================================
2026-07-27 15:22:18,849 - INFO - D:\WorkSpace\Education-RAG\rag_qa\core\document_processor.py - process_documents - document_processor - 148 - 处理文档成功:父块doc_1_parent_5:子块:doc_1_parent_5_child_2
2026-07-27 15:22:18,849 - WARNING - D:\WorkSpace\Education-RAG\rag_qa\core\document_processor.py - process_documents - document_processor - 149 - ====================================================================================================
2026-07-27 15:22:18,849 - INFO - D:\WorkSpace\Education-RAG\rag_qa\core\document_processor.py - process_documents - document_processor - 148 - 处理文档成功:父块doc_1_parent_5:子块:doc_1_parent_5_child_3
2026-07-27 15:22:18,849 - WARNING - D:\WorkSpace\Education-RAG\rag_qa\core\document_processor.py - process_documents - document_processor - 149 - ====================================================================================================
2026-07-27 15:22:18,849 - INFO - D:\WorkSpace\Education-RAG\rag_qa\core\document_processor.py - process_documents - document_processor - 148 - 处理文档成功:父块doc_1_parent_5:子块:doc_1_parent_5_child_4
2026-07-27 15:22:18,849 - WARNING - D:\WorkSpace\Education-RAG\rag_qa\core\document_processor.py - process_documents - document_processor - 149 - ====================================================================================================
2026-07-27 15:22:18,849 - INFO - D:\WorkSpace\Education-RAG\rag_qa\core\document_processor.py - process_documents - document_processor - 148 - 处理文档成功:父块doc_1_parent_6:子块:doc_1_parent_6_child_0
2026-07-27 15:22:18,849 - WARNING - D:\WorkSpace\Education-RAG\rag_qa\core\document_processor.py - process_documents - document_processor - 149 - ====================================================================================================
2026-07-27 15:22:18,849 - INFO - D:\WorkSpace\Education-RAG\rag_qa\core\document_processor.py - process_documents - document_processor - 148 - 处理文档成功:父块doc_1_parent_6:子块:doc_1_parent_6_child_1
2026-07-27 15:22:18,849 - WARNING - D:\WorkSpace\Education-RAG\rag_qa\core\document_processor.py - process_documents - document_processor - 149 - ====================================================================================================
2026-07-27 15:22:18,850 - INFO - D:\WorkSpace\Education-RAG\rag_qa\core\document_processor.py - process_documents - document_processor - 148 - 处理文档成功:父块doc_1_parent_6:子块:doc_1_parent_6_child_2
2026-07-27 15:22:18,850 - WARNING - D:\WorkSpace\Education-RAG\rag_qa\core\document_processor.py - process_documents - document_processor - 149 - ====================================================================================================
2026-07-27 15:22:18,850 - INFO - D:\WorkSpace\Education-RAG\rag_qa\core\document_processor.py - process_documents - document_processor - 148 - 处理文档成功:父块doc_1_parent_6:子块:doc_1_parent_6_child_3
2026-07-27 15:22:18,850 - WARNING - D:\WorkSpace\Education-RAG\rag_qa\core\document_processor.py - process_documents - document_processor - 149 - ====================================================================================================
2026-07-27 15:22:18,850 - INFO - D:\WorkSpace\Education-RAG\rag_qa\core\document_processor.py - process_documents - document_processor - 148 - 处理文档成功:父块doc_1_parent_7:子块:doc_1_parent_7_child_0
2026-07-27 15:22:18,850 - WARNING - D:\WorkSpace\Education-RAG\rag_qa\core\document_processor.py - process_documents - document_processor - 149 - ====================================================================================================
2026-07-27 15:22:18,850 - INFO - D:\WorkSpace\Education-RAG\rag_qa\core\document_processor.py - process_documents - document_processor - 148 - 处理文档成功:父块doc_1_parent_7:子块:doc_1_parent_7_child_1
2026-07-27 15:22:18,850 - WARNING - D:\WorkSpace\Education-RAG\rag_qa\core\document_processor.py - process_documents - document_processor - 149 - ====================================================================================================
2026-07-27 15:22:18,850 - INFO - D:\WorkSpace\Education-RAG\rag_qa\core\document_processor.py - process_documents - document_processor - 148 - 处理文档成功:父块doc_1_parent_8:子块:doc_1_parent_8_child_0
2026-07-27 15:22:18,850 - WARNING - D:\WorkSpace\Education-RAG\rag_qa\core\document_processor.py - process_documents - document_processor - 149 - ====================================================================================================
2026-07-27 15:22:18,850 - INFO - D:\WorkSpace\Education-RAG\rag_qa\core\document_processor.py - process_documents - document_processor - 148 - 处理文档成功:父块doc_1_parent_8:子块:doc_1_parent_8_child_1
2026-07-27 15:22:18,850 - WARNING - D:\WorkSpace\Education-RAG\rag_qa\core\document_processor.py - process_documents - document_processor - 149 - ====================================================================================================
2026-07-27 15:22:18,850 - INFO - D:\WorkSpace\Education-RAG\rag_qa\core\document_processor.py - process_documents - document_processor - 148 - 处理文档成功:父块doc_1_parent_8:子块:doc_1_parent_8_child_2
2026-07-27 15:22:18,850 - WARNING - D:\WorkSpace\Education-RAG\rag_qa\core\document_processor.py - process_documents - document_processor - 149 - ====================================================================================================
2026-07-27 15:22:18,850 - INFO - D:\WorkSpace\Education-RAG\rag_qa\core\document_processor.py - process_documents - document_processor - 148 - 处理文档成功:父块doc_1_parent_8:子块:doc_1_parent_8_child_3
2026-07-27 15:22:18,850 - WARNING - D:\WorkSpace\Education-RAG\rag_qa\core\document_processor.py - process_documents - document_processor - 149 - ====================================================================================================
2026-07-27 15:22:18,850 - INFO - D:\WorkSpace\Education-RAG\rag_qa\core\document_processor.py - process_documents - document_processor - 148 - 处理文档成功:父块doc_1_parent_8:子块:doc_1_parent_8_child_4
2026-07-27 15:22:18,850 - WARNING - D:\WorkSpace\Education-RAG\rag_qa\core\document_processor.py - process_documents - document_processor - 149 - ====================================================================================================
2026-07-27 15:22:18,851 - INFO - D:\WorkSpace\Education-RAG\rag_qa\core\document_processor.py - process_documents - document_processor - 148 - 处理文档成功:父块doc_1_parent_9:子块:doc_1_parent_9_child_0
2026-07-27 15:22:18,851 - WARNING - D:\WorkSpace\Education-RAG\rag_qa\core\document_processor.py - process_documents - document_processor - 149 - ====================================================================================================
2026-07-27 15:22:18,851 - INFO - D:\WorkSpace\Education-RAG\rag_qa\core\document_processor.py - process_documents - document_processor - 148 - 处理文档成功:父块doc_1_parent_9:子块:doc_1_parent_9_child_1
2026-07-27 15:22:18,851 - WARNING - D:\WorkSpace\Education-RAG\rag_qa\core\document_processor.py - process_documents - document_processor - 149 - ====================================================================================================
2026-07-27 15:22:18,851 - INFO - D:\WorkSpace\Education-RAG\rag_qa\core\document_processor.py - process_documents - document_processor - 148 - 处理文档成功:父块doc_1_parent_9:子块:doc_1_parent_9_child_2
2026-07-27 15:22:18,851 - WARNING - D:\WorkSpace\Education-RAG\rag_qa\core\document_processor.py - process_documents - document_processor - 149 - ====================================================================================================
2026-07-27 15:22:18,851 - INFO - D:\WorkSpace\Education-RAG\rag_qa\core\document_processor.py - process_documents - document_processor - 148 - 处理文档成功:父块doc_1_parent_9:子块:doc_1_parent_9_child_3
2026-07-27 15:22:18,851 - WARNING - D:\WorkSpace\Education-RAG\rag_qa\core\document_processor.py - process_documents - document_processor - 149 - ====================================================================================================
2026-07-27 15:22:18,851 - INFO - D:\WorkSpace\Education-RAG\rag_qa\core\document_processor.py - process_documents - document_processor - 148 - 处理文档成功:父块doc_1_parent_9:子块:doc_1_parent_9_child_4
2026-07-27 15:22:18,851 - WARNING - D:\WorkSpace\Education-RAG\rag_qa\core\document_processor.py - process_documents - document_processor - 149 - ====================================================================================================
2026-07-27 15:22:18,851 - INFO - D:\WorkSpace\Education-RAG\rag_qa\core\document_processor.py - process_documents - document_processor - 148 - 处理文档成功:父块doc_1_parent_10:子块:doc_1_parent_10_child_0
2026-07-27 15:22:18,851 - WARNING - D:\WorkSpace\Education-RAG\rag_qa\core\document_processor.py - process_documents - document_processor - 149 - ====================================================================================================
2026-07-27 15:22:18,851 - INFO - D:\WorkSpace\Education-RAG\rag_qa\core\document_processor.py - process_documents - document_processor - 148 - 处理文档成功:父块doc_1_parent_10:子块:doc_1_parent_10_child_1
2026-07-27 15:22:18,851 - WARNING - D:\WorkSpace\Education-RAG\rag_qa\core\document_processor.py - process_documents - document_processor - 149 - ====================================================================================================
2026-07-27 15:22:18,851 - INFO - D:\WorkSpace\Education-RAG\rag_qa\core\document_processor.py - process_documents - document_processor - 148 - 处理文档成功:父块doc_1_parent_10:子块:doc_1_parent_10_child_2
2026-07-27 15:22:18,851 - WARNING - D:\WorkSpace\Education-RAG\rag_qa\core\document_processor.py - process_documents - document_processor - 149 - ====================================================================================================
2026-07-27 15:22:18,851 - INFO - D:\WorkSpace\Education-RAG\rag_qa\core\document_processor.py - process_documents - document_processor - 148 - 处理文档成功:父块doc_1_parent_11:子块:doc_1_parent_11_child_0
2026-07-27 15:22:18,852 - WARNING - D:\WorkSpace\Education-RAG\rag_qa\core\document_processor.py - process_documents - document_processor - 149 - ====================================================================================================
2026-07-27 15:22:18,852 - INFO - D:\WorkSpace\Education-RAG\rag_qa\core\document_processor.py - process_documents - document_processor - 148 - 处理文档成功:父块doc_1_parent_11:子块:doc_1_parent_11_child_1
2026-07-27 15:22:18,852 - WARNING - D:\WorkSpace\Education-RAG\rag_qa\core\document_processor.py - process_documents - document_processor - 149 - ====================================================================================================
2026-07-27 15:22:18,852 - INFO - D:\WorkSpace\Education-RAG\rag_qa\core\document_processor.py - process_documents - document_processor - 148 - 处理文档成功:父块doc_1_parent_11:子块:doc_1_parent_11_child_2
2026-07-27 15:22:18,852 - WARNING - D:\WorkSpace\Education-RAG\rag_qa\core\document_processor.py - process_documents - document_processor - 149 - ====================================================================================================
2026-07-27 15:22:18,852 - INFO - D:\WorkSpace\Education-RAG\rag_qa\core\document_processor.py - process_documents - document_processor - 148 - 处理文档成功:父块doc_2_parent_0:子块:doc_2_parent_0_child_0
2026-07-27 15:22:18,852 - WARNING - D:\WorkSpace\Education-RAG\rag_qa\core\document_processor.py - process_documents - document_processor - 149 - ====================================================================================================
2026-07-27 15:22:18,852 - INFO - D:\WorkSpace\Education-RAG\rag_qa\core\document_processor.py - process_documents - document_processor - 148 - 处理文档成功:父块doc_2_parent_1:子块:doc_2_parent_1_child_0
2026-07-27 15:22:18,852 - WARNING - D:\WorkSpace\Education-RAG\rag_qa\core\document_processor.py - process_documents - document_processor - 149 - ====================================================================================================
2026-07-27 15:22:18,852 - INFO - D:\WorkSpace\Education-RAG\rag_qa\core\document_processor.py - process_documents - document_processor - 148 - 处理文档成功:父块doc_2_parent_1:子块:doc_2_parent_1_child_1
2026-07-27 15:22:18,852 - WARNING - D:\WorkSpace\Education-RAG\rag_qa\core\document_processor.py - process_documents - document_processor - 149 - ====================================================================================================
2026-07-27 15:22:18,853 - INFO - D:\WorkSpace\Education-RAG\rag_qa\core\document_processor.py - process_documents - document_processor - 148 - 处理文档成功:父块doc_2_parent_1:子块:doc_2_parent_1_child_2
2026-07-27 15:22:18,853 - WARNING - D:\WorkSpace\Education-RAG\rag_qa\core\document_processor.py - process_documents - document_processor - 149 - ====================================================================================================
2026-07-27 15:22:18,853 - INFO - D:\WorkSpace\Education-RAG\rag_qa\core\document_processor.py - process_documents - document_processor - 148 - 处理文档成功:父块doc_2_parent_1:子块:doc_2_parent_1_child_3
2026-07-27 15:22:18,853 - WARNING - D:\WorkSpace\Education-RAG\rag_qa\core\document_processor.py - process_documents - document_processor - 149 - ====================================================================================================
2026-07-27 15:22:18,853 - INFO - D:\WorkSpace\Education-RAG\rag_qa\core\document_processor.py - process_documents - document_processor - 148 - 处理文档成功:父块doc_2_parent_1:子块:doc_2_parent_1_child_4
2026-07-27 15:22:18,853 - WARNING - D:\WorkSpace\Education-RAG\rag_qa\core\document_processor.py - process_documents - document_processor - 149 - ====================================================================================================
2026-07-27 15:22:18,853 - INFO - D:\WorkSpace\Education-RAG\rag_qa\core\document_processor.py - process_documents - document_processor - 148 - 处理文档成功:父块doc_2_parent_1:子块:doc_2_parent_1_child_5
2026-07-27 15:22:18,853 - WARNING - D:\WorkSpace\Education-RAG\rag_qa\core\document_processor.py - process_documents - document_processor - 149 - ====================================================================================================
2026-07-27 15:22:18,853 - INFO - D:\WorkSpace\Education-RAG\rag_qa\core\document_processor.py - process_documents - document_processor - 148 - 处理文档成功:父块doc_2_parent_2:子块:doc_2_parent_2_child_0
2026-07-27 15:22:18,853 - WARNING - D:\WorkSpace\Education-RAG\rag_qa\core\document_processor.py - process_documents - document_processor - 149 - ====================================================================================================
2026-07-27 15:22:18,854 - INFO - D:\WorkSpace\Education-RAG\rag_qa\core\document_processor.py - process_documents - document_processor - 148 - 处理文档成功:父块doc_2_parent_2:子块:doc_2_parent_2_child_1
2026-07-27 15:22:18,854 - WARNING - D:\WorkSpace\Education-RAG\rag_qa\core\document_processor.py - process_documents - document_processor - 149 - ====================================================================================================
2026-07-27 15:22:18,854 - INFO - D:\WorkSpace\Education-RAG\rag_qa\core\document_processor.py - process_documents - document_processor - 148 - 处理文档成功:父块doc_2_parent_2:子块:doc_2_parent_2_child_2
2026-07-27 15:22:18,854 - WARNING - D:\WorkSpace\Education-RAG\rag_qa\core\document_processor.py - process_documents - document_processor - 149 - ====================================================================================================
2026-07-27 15:22:18,854 - INFO - D:\WorkSpace\Education-RAG\rag_qa\core\document_processor.py - process_documents - document_processor - 148 - 处理文档成功:父块doc_2_parent_2:子块:doc_2_parent_2_child_3
2026-07-27 15:22:18,854 - WARNING - D:\WorkSpace\Education-RAG\rag_qa\core\document_processor.py - process_documents - document_processor - 149 - ====================================================================================================
2026-07-27 15:22:18,854 - INFO - D:\WorkSpace\Education-RAG\rag_qa\core\document_processor.py - process_documents - document_processor - 148 - 处理文档成功:父块doc_2_parent_2:子块:doc_2_parent_2_child_4
2026-07-27 15:22:18,854 - WARNING - D:\WorkSpace\Education-RAG\rag_qa\core\document_processor.py - process_documents - document_processor - 149 - ====================================================================================================
2026-07-27 15:22:18,854 - INFO - D:\WorkSpace\Education-RAG\rag_qa\core\document_processor.py - process_documents - document_processor - 148 - 处理文档成功:父块doc_2_parent_2:子块:doc_2_parent_2_child_5
2026-07-27 15:22:18,854 - WARNING - D:\WorkSpace\Education-RAG\rag_qa\core\document_processor.py - process_documents - document_processor - 149 - ====================================================================================================
2026-07-27 15:22:18,854 - INFO - D:\WorkSpace\Education-RAG\rag_qa\core\document_processor.py - process_documents - document_processor - 148 - 处理文档成功:父块doc_2_parent_3:子块:doc_2_parent_3_child_0
2026-07-27 15:22:18,854 - WARNING - D:\WorkSpace\Education-RAG\rag_qa\core\document_processor.py - process_documents - document_processor - 149 - ====================================================================================================
2026-07-27 15:22:18,855 - INFO - D:\WorkSpace\Education-RAG\rag_qa\core\document_processor.py - process_documents - document_processor - 148 - 处理文档成功:父块doc_2_parent_4:子块:doc_2_parent_4_child_0
2026-07-27 15:22:18,855 - WARNING - D:\WorkSpace\Education-RAG\rag_qa\core\document_processor.py - process_documents - document_processor - 149 - ====================================================================================================
2026-07-27 15:22:18,855 - INFO - D:\WorkSpace\Education-RAG\rag_qa\core\document_processor.py - process_documents - document_processor - 148 - 处理文档成功:父块doc_2_parent_4:子块:doc_2_parent_4_child_1
2026-07-27 15:22:18,855 - WARNING - D:\WorkSpace\Education-RAG\rag_qa\core\document_processor.py - process_documents - document_processor - 149 - ====================================================================================================
2026-07-27 15:22:18,855 - INFO - D:\WorkSpace\Education-RAG\rag_qa\core\document_processor.py - process_documents - document_processor - 148 - 处理文档成功:父块doc_2_parent_4:子块:doc_2_parent_4_child_2
2026-07-27 15:22:18,855 - WARNING - D:\WorkSpace\Education-RAG\rag_qa\core\document_processor.py - process_documents - document_processor - 149 - ====================================================================================================
2026-07-27 15:22:18,855 - INFO - D:\WorkSpace\Education-RAG\rag_qa\core\document_processor.py - process_documents - document_processor - 148 - 处理文档成功:父块doc_3_parent_0:子块:doc_3_parent_0_child_0
2026-07-27 15:22:18,855 - WARNING - D:\WorkSpace\Education-RAG\rag_qa\core\document_processor.py - process_documents - document_processor - 149 - ====================================================================================================
2026-07-27 15:22:18,855 - INFO - D:\WorkSpace\Education-RAG\rag_qa\core\document_processor.py - process_documents - document_processor - 148 - 处理文档成功:父块doc_3_parent_0:子块:doc_3_parent_0_child_1
2026-07-27 15:22:18,855 - WARNING - D:\WorkSpace\Education-RAG\rag_qa\core\document_processor.py - process_documents - document_processor - 149 - ====================================================================================================
2026-07-27 15:22:18,855 - INFO - D:\WorkSpace\Education-RAG\rag_qa\core\document_processor.py - process_documents - document_processor - 148 - 处理文档成功:父块doc_3_parent_0:子块:doc_3_parent_0_child_2
2026-07-27 15:22:18,855 - WARNING - D:\WorkSpace\Education-RAG\rag_qa\core\document_processor.py - process_documents - document_processor - 149 - ====================================================================================================
2026-07-27 15:22:18,855 - INFO - D:\WorkSpace\Education-RAG\rag_qa\core\document_processor.py - process_documents - document_processor - 148 - 处理文档成功:父块doc_3_parent_0:子块:doc_3_parent_0_child_3
2026-07-27 15:22:18,855 - WARNING - D:\WorkSpace\Education-RAG\rag_qa\core\document_processor.py - process_documents - document_processor - 149 - ====================================================================================================
2026-07-27 15:22:18,855 - INFO - D:\WorkSpace\Education-RAG\rag_qa\core\document_processor.py - process_documents - document_processor - 148 - 处理文档成功:父块doc_3_parent_0:子块:doc_3_parent_0_child_4
2026-07-27 15:22:18,855 - WARNING - D:\WorkSpace\Education-RAG\rag_qa\core\document_processor.py - process_documents - document_processor - 149 - ====================================================================================================
2026-07-27 15:22:58,354 - INFO - D:\WorkSpace\Education-RAG\rag_qa\core\vector_store.py - add_documents - vector_store - 141 - 已插入 1 条数据到集合 edurag
2026-07-27 15:22:58,374 - INFO - D:\WorkSpace\Education-RAG\rag_qa\core\vector_store.py - add_documents - vector_store - 141 - 已插入 2 条数据到集合 edurag
2026-07-27 15:22:58,386 - INFO - D:\WorkSpace\Education-RAG\rag_qa\core\vector_store.py - add_documents - vector_store - 141 - 已插入 3 条数据到集合 edurag
2026-07-27 15:22:58,402 - INFO - D:\WorkSpace\Education-RAG\rag_qa\core\vector_store.py - add_documents - vector_store - 141 - 已插入 4 条数据到集合 edurag
2026-07-27 15:22:58,414 - INFO - D:\WorkSpace\Education-RAG\rag_qa\core\vector_store.py - add_documents - vector_store - 141 - 已插入 5 条数据到集合 edurag
2026-07-27 15:22:58,429 - INFO - D:\WorkSpace\Education-RAG\rag_qa\core\vector_store.py - add_documents - vector_store - 141 - 已插入 6 条数据到集合 edurag
2026-07-27 15:22:58,445 - INFO - D:\WorkSpace\Education-RAG\rag_qa\core\vector_store.py - add_documents - vector_store - 141 - 已插入 7 条数据到集合 edurag
2026-07-27 15:22:58,460 - INFO - D:\WorkSpace\Education-RAG\rag_qa\core\vector_store.py - add_documents - vector_store - 141 - 已插入 8 条数据到集合 edurag
2026-07-27 15:22:58,473 - INFO - D:\WorkSpace\Education-RAG\rag_qa\core\vector_store.py - add_documents - vector_store - 141 - 已插入 9 条数据到集合 edurag
2026-07-27 15:22:58,493 - INFO - D:\WorkSpace\Education-RAG\rag_qa\core\vector_store.py - add_documents - vector_store - 141 - 已插入 10 条数据到集合 edurag
2026-07-27 15:22:58,514 - INFO - D:\WorkSpace\Education-RAG\rag_qa\core\vector_store.py - add_documents - vector_store - 141 - 已插入 11 条数据到集合 edurag
2026-07-27 15:22:58,542 - INFO - D:\WorkSpace\Education-RAG\rag_qa\core\vector_store.py - add_documents - vector_store - 141 - 已插入 12 条数据到集合 edurag
2026-07-27 15:22:58,558 - INFO - D:\WorkSpace\Education-RAG\rag_qa\core\vector_store.py - add_documents - vector_store - 141 - 已插入 13 条数据到集合 edurag
2026-07-27 15:22:58,574 - INFO - D:\WorkSpace\Education-RAG\rag_qa\core\vector_store.py - add_documents - vector_store - 141 - 已插入 14 条数据到集合 edurag
2026-07-27 15:22:58,590 - INFO - D:\WorkSpace\Education-RAG\rag_qa\core\vector_store.py - add_documents - vector_store - 141 - 已插入 15 条数据到集合 edurag
2026-07-27 15:22:58,604 - INFO - D:\WorkSpace\Education-RAG\rag_qa\core\vector_store.py - add_documents - vector_store - 141 - 已插入 16 条数据到集合 edurag
2026-07-27 15:22:58,619 - INFO - D:\WorkSpace\Education-RAG\rag_qa\core\vector_store.py - add_documents - vector_store - 141 - 已插入 17 条数据到集合 edurag
2026-07-27 15:22:58,637 - INFO - D:\WorkSpace\Education-RAG\rag_qa\core\vector_store.py - add_documents - vector_store - 141 - 已插入 18 条数据到集合 edurag
2026-07-27 15:22:58,659 - INFO - D:\WorkSpace\Education-RAG\rag_qa\core\vector_store.py - add_documents - vector_store - 141 - 已插入 19 条数据到集合 edurag
2026-07-27 15:22:58,679 - INFO - D:\WorkSpace\Education-RAG\rag_qa\core\vector_store.py - add_documents - vector_store - 141 - 已插入 20 条数据到集合 edurag
2026-07-27 15:22:58,697 - INFO - D:\WorkSpace\Education-RAG\rag_qa\core\vector_store.py - add_documents - vector_store - 141 - 已插入 21 条数据到集合 edurag
2026-07-27 15:22:58,714 - INFO - D:\WorkSpace\Education-RAG\rag_qa\core\vector_store.py - add_documents - vector_store - 141 - 已插入 22 条数据到集合 edurag
2026-07-27 15:22:58,733 - INFO - D:\WorkSpace\Education-RAG\rag_qa\core\vector_store.py - add_documents - vector_store - 141 - 已插入 23 条数据到集合 edurag
2026-07-27 15:22:58,753 - INFO - D:\WorkSpace\Education-RAG\rag_qa\core\vector_store.py - add_documents - vector_store - 141 - 已插入 24 条数据到集合 edurag
2026-07-27 15:22:58,770 - INFO - D:\WorkSpace\Education-RAG\rag_qa\core\vector_store.py - add_documents - vector_store - 141 - 已插入 25 条数据到集合 edurag
2026-07-27 15:22:58,801 - INFO - D:\WorkSpace\Education-RAG\rag_qa\core\vector_store.py - add_documents - vector_store - 141 - 已插入 26 条数据到集合 edurag
2026-07-27 15:22:58,845 - INFO - D:\WorkSpace\Education-RAG\rag_qa\core\vector_store.py - add_documents - vector_store - 141 - 已插入 27 条数据到集合 edurag
2026-07-27 15:22:58,877 - INFO - D:\WorkSpace\Education-RAG\rag_qa\core\vector_store.py - add_documents - vector_store - 141 - 已插入 28 条数据到集合 edurag
2026-07-27 15:22:58,912 - INFO - D:\WorkSpace\Education-RAG\rag_qa\core\vector_store.py - add_documents - vector_store - 141 - 已插入 29 条数据到集合 edurag
2026-07-27 15:22:58,967 - INFO - D:\WorkSpace\Education-RAG\rag_qa\core\vector_store.py - add_documents - vector_store - 141 - 已插入 30 条数据到集合 edurag
2026-07-27 15:22:58,992 - INFO - D:\WorkSpace\Education-RAG\rag_qa\core\vector_store.py - add_documents - vector_store - 141 - 已插入 31 条数据到集合 edurag
2026-07-27 15:22:59,016 - INFO - D:\WorkSpace\Education-RAG\rag_qa\core\vector_store.py - add_documents - vector_store - 141 - 已插入 32 条数据到集合 edurag
2026-07-27 15:22:59,041 - INFO - D:\WorkSpace\Education-RAG\rag_qa\core\vector_store.py - add_documents - vector_store - 141 - 已插入 33 条数据到集合 edurag
2026-07-27 15:22:59,065 - INFO - D:\WorkSpace\Education-RAG\rag_qa\core\vector_store.py - add_documents - vector_store - 141 - 已插入 34 条数据到集合 edurag
2026-07-27 15:22:59,089 - INFO - D:\WorkSpace\Education-RAG\rag_qa\core\vector_store.py - add_documents - vector_store - 141 - 已插入 35 条数据到集合 edurag
2026-07-27 15:22:59,114 - INFO - D:\WorkSpace\Education-RAG\rag_qa\core\vector_store.py - add_documents - vector_store - 141 - 已插入 36 条数据到集合 edurag
2026-07-27 15:22:59,143 - INFO - D:\WorkSpace\Education-RAG\rag_qa\core\vector_store.py - add_documents - vector_store - 141 - 已插入 37 条数据到集合 edurag
2026-07-27 15:22:59,175 - INFO - D:\WorkSpace\Education-RAG\rag_qa\core\vector_store.py - add_documents - vector_store - 141 - 已插入 38 条数据到集合 edurag
2026-07-27 15:22:59,236 - INFO - D:\WorkSpace\Education-RAG\rag_qa\core\vector_store.py - add_documents - vector_store - 141 - 已插入 39 条数据到集合 edurag
2026-07-27 15:22:59,298 - INFO - D:\WorkSpace\Education-RAG\rag_qa\core\vector_store.py - add_documents - vector_store - 141 - 已插入 40 条数据到集合 edurag
2026-07-27 15:22:59,332 - INFO - D:\WorkSpace\Education-RAG\rag_qa\core\vector_store.py - add_documents - vector_store - 141 - 已插入 41 条数据到集合 edurag
2026-07-27 15:22:59,362 - INFO - D:\WorkSpace\Education-RAG\rag_qa\core\vector_store.py - add_documents - vector_store - 141 - 已插入 42 条数据到集合 edurag
2026-07-27 15:22:59,389 - INFO - D:\WorkSpace\Education-RAG\rag_qa\core\vector_store.py - add_documents - vector_store - 141 - 已插入 43 条数据到集合 edurag
2026-07-27 15:22:59,414 - INFO - D:\WorkSpace\Education-RAG\rag_qa\core\vector_store.py - add_documents - vector_store - 141 - 已插入 44 条数据到集合 edurag
2026-07-27 15:22:59,440 - INFO - D:\WorkSpace\Education-RAG\rag_qa\core\vector_store.py - add_documents - vector_store - 141 - 已插入 45 条数据到集合 edurag
2026-07-27 15:22:59,471 - INFO - D:\WorkSpace\Education-RAG\rag_qa\core\vector_store.py - add_documents - vector_store - 141 - 已插入 46 条数据到集合 edurag
2026-07-27 15:22:59,500 - INFO - D:\WorkSpace\Education-RAG\rag_qa\core\vector_store.py - add_documents - vector_store - 141 - 已插入 47 条数据到集合 edurag
2026-07-27 15:22:59,566 - INFO - D:\WorkSpace\Education-RAG\rag_qa\core\vector_store.py - add_documents - vector_store - 141 - 已插入 48 条数据到集合 edurag
2026-07-27 15:22:59,640 - INFO - D:\WorkSpace\Education-RAG\rag_qa\core\vector_store.py - add_documents - vector_store - 141 - 已插入 49 条数据到集合 edurag
2026-07-27 15:22:59,687 - INFO - D:\WorkSpace\Education-RAG\rag_qa\core\vector_store.py - add_documents - vector_store - 141 - 已插入 50 条数据到集合 edurag
2026-07-27 15:22:59,735 - INFO - D:\WorkSpace\Education-RAG\rag_qa\core\vector_store.py - add_documents - vector_store - 141 - 已插入 51 条数据到集合 edurag
2026-07-27 15:22:59,765 - INFO - D:\WorkSpace\Education-RAG\rag_qa\core\vector_store.py - add_documents - vector_store - 141 - 已插入 52 条数据到集合 edurag
2026-07-27 15:22:59,798 - INFO - D:\WorkSpace\Education-RAG\rag_qa\core\vector_store.py - add_documents - vector_store - 141 - 已插入 53 条数据到集合 edurag
2026-07-27 15:22:59,834 - INFO - D:\WorkSpace\Education-RAG\rag_qa\core\vector_store.py - add_documents - vector_store - 141 - 已插入 54 条数据到集合 edurag
2026-07-27 15:22:59,866 - INFO - D:\WorkSpace\Education-RAG\rag_qa\core\vector_store.py - add_documents - vector_store - 141 - 已插入 55 条数据到集合 edurag
2026-07-27 15:22:59,896 - INFO - D:\WorkSpace\Education-RAG\rag_qa\core\vector_store.py - add_documents - vector_store - 141 - 已插入 56 条数据到集合 edurag
2026-07-27 15:22:59,930 - INFO - D:\WorkSpace\Education-RAG\rag_qa\core\vector_store.py - add_documents - vector_store - 141 - 已插入 57 条数据到集合 edurag
2026-07-27 15:22:59,993 - INFO - D:\WorkSpace\Education-RAG\rag_qa\core\vector_store.py - add_documents - vector_store - 141 - 已插入 58 条数据到集合 edurag
2026-07-27 15:23:00,092 - INFO - D:\WorkSpace\Education-RAG\rag_qa\core\vector_store.py - add_documents - vector_store - 141 - 已插入 59 条数据到集合 edurag
2026-07-27 15:23:00,133 - INFO - D:\WorkSpace\Education-RAG\rag_qa\core\vector_store.py - add_documents - vector_store - 141 - 已插入 60 条数据到集合 edurag
2026-07-27 15:23:00,172 - INFO - D:\WorkSpace\Education-RAG\rag_qa\core\vector_store.py - add_documents - vector_store - 141 - 已插入 61 条数据到集合 edurag
2026-07-27 15:23:00,239 - INFO - D:\WorkSpace\Education-RAG\rag_qa\core\vector_store.py - add_documents - vector_store - 141 - 已插入 62 条数据到集合 edurag
2026-07-27 15:23:00,271 - INFO - D:\WorkSpace\Education-RAG\rag_qa\core\vector_store.py - add_documents - vector_store - 141 - 已插入 63 条数据到集合 edurag
2026-07-27 15:23:00,344 - INFO - D:\WorkSpace\Education-RAG\rag_qa\core\vector_store.py - add_documents - vector_store - 141 - 已插入 64 条数据到集合 edurag
2026-07-27 15:23:00,434 - INFO - D:\WorkSpace\Education-RAG\rag_qa\core\vector_store.py - add_documents - vector_store - 141 - 已插入 65 条数据到集合 edurag
2026-07-27 15:23:00,490 - INFO - D:\WorkSpace\Education-RAG\rag_qa\core\vector_store.py - add_documents - vector_store - 141 - 已插入 66 条数据到集合 edurag
2026-07-27 15:23:00,538 - INFO - D:\WorkSpace\Education-RAG\rag_qa\core\vector_store.py - add_documents - vector_store - 141 - 已插入 67 条数据到集合 edurag
2026-07-27 15:23:00,579 - INFO - D:\WorkSpace\Education-RAG\rag_qa\core\vector_store.py - add_documents - vector_store - 141 - 已插入 68 条数据到集合 edurag
2026-07-27 15:23:00,624 - INFO - D:\WorkSpace\Education-RAG\rag_qa\core\vector_store.py - add_documents - vector_store - 141 - 已插入 69 条数据到集合 edurag
2026-07-27 15:23:00,667 - INFO - D:\WorkSpace\Education-RAG\rag_qa\core\vector_store.py - add_documents - vector_store - 141 - 已插入 70 条数据到集合 edurag
2026-07-27 15:23:00,771 - INFO - D:\WorkSpace\Education-RAG\rag_qa\core\vector_store.py - add_documents - vector_store - 141 - 已插入 71 条数据到集合 edurag
2026-07-27 15:23:00,830 - INFO - D:\WorkSpace\Education-RAG\rag_qa\core\vector_store.py - add_documents - vector_store - 141 - 已插入 72 条数据到集合 edurag
2026-07-27 15:23:00,973 - INFO - D:\WorkSpace\Education-RAG\rag_qa\core\vector_store.py - add_documents - vector_store - 141 - 已插入 73 条数据到集合 edurag
2026-07-27 15:23:01,075 - INFO - D:\WorkSpace\Education-RAG\rag_qa\core\vector_store.py - add_documents - vector_store - 141 - 已插入 74 条数据到集合 edurag
2026-07-27 15:23:01,124 - INFO - D:\WorkSpace\Education-RAG\rag_qa\core\vector_store.py - add_documents - vector_store - 141 - 已插入 75 条数据到集合 edurag
2026-07-27 15:23:01,171 - INFO - D:\WorkSpace\Education-RAG\rag_qa\core\vector_store.py - add_documents - vector_store - 141 - 已插入 76 条数据到集合 edurag
2026-07-27 15:23:01,220 - INFO - D:\WorkSpace\Education-RAG\rag_qa\core\vector_store.py - add_documents - vector_store - 141 - 已插入 77 条数据到集合 edurag
2026-07-27 15:23:01,375 - INFO - D:\WorkSpace\Education-RAG\rag_qa\core\vector_store.py - add_documents - vector_store - 141 - 已插入 78 条数据到集合 edurag
2026-07-27 15:23:01,418 - INFO - D:\WorkSpace\Education-RAG\rag_qa\core\vector_store.py - add_documents - vector_store - 141 - 已插入 79 条数据到集合 edurag
2026-07-27 15:23:01,522 - INFO - D:\WorkSpace\Education-RAG\rag_qa\core\vector_store.py - add_documents - vector_store - 141 - 已插入 80 条数据到集合 edurag
2026-07-27 15:23:01,574 - INFO - D:\WorkSpace\Education-RAG\rag_qa\core\vector_store.py - add_documents - vector_store - 141 - 已插入 81 条数据到集合 edurag
2026-07-27 15:23:01,622 - INFO - D:\WorkSpace\Education-RAG\rag_qa\core\vector_store.py - add_documents - vector_store - 141 - 已插入 82 条数据到集合 edurag
2026-07-27 15:23:01,666 - INFO - D:\WorkSpace\Education-RAG\rag_qa\core\vector_store.py - add_documents - vector_store - 141 - 已插入 83 条数据到集合 edurag
2026-07-27 15:23:01,710 - INFO - D:\WorkSpace\Education-RAG\rag_qa\core\vector_store.py - add_documents - vector_store - 141 - 已插入 84 条数据到集合 edurag
2026-07-27 15:23:01,756 - INFO - D:\WorkSpace\Education-RAG\rag_qa\core\vector_store.py - add_documents - vector_store - 141 - 已插入 85 条数据到集合 edurag
2026-07-27 15:23:01,803 - INFO - D:\WorkSpace\Education-RAG\rag_qa\core\vector_store.py - add_documents - vector_store - 141 - 已插入 86 条数据到集合 edurag
2026-07-27 15:23:01,850 - INFO - D:\WorkSpace\Education-RAG\rag_qa\core\vector_store.py - add_documents - vector_store - 141 - 已插入 87 条数据到集合 edurag
2026-07-27 15:23:01,898 - INFO - D:\WorkSpace\Education-RAG\rag_qa\core\vector_store.py - add_documents - vector_store - 141 - 已插入 88 条数据到集合 edurag
2026-07-27 15:23:01,954 - INFO - D:\WorkSpace\Education-RAG\rag_qa\core\vector_store.py - add_documents - vector_store - 141 - 已插入 89 条数据到集合 edurag
2026-07-27 15:23:02,004 - INFO - D:\WorkSpace\Education-RAG\rag_qa\core\vector_store.py - add_documents - vector_store - 141 - 已插入 90 条数据到集合 edurag
2026-07-27 15:23:02,048 - INFO - D:\WorkSpace\Education-RAG\rag_qa\core\vector_store.py - add_documents - vector_store - 141 - 已插入 91 条数据到集合 edurag
2026-07-27 15:23:02,110 - INFO - D:\WorkSpace\Education-RAG\rag_qa\core\vector_store.py - add_documents - vector_store - 141 - 已插入 92 条数据到集合 edurag
2026-07-27 15:23:02,189 - INFO - D:\WorkSpace\Education-RAG\rag_qa\core\vector_store.py - add_documents - vector_store - 141 - 已插入 93 条数据到集合 edurag
2026-07-27 15:23:02,239 - INFO - D:\WorkSpace\Education-RAG\rag_qa\core\vector_store.py - add_documents - vector_store - 141 - 已插入 94 条数据到集合 edurag
2026-07-27 15:23:02,315 - INFO - D:\WorkSpace\Education-RAG\rag_qa\core\vector_store.py - add_documents - vector_store - 141 - 已插入 95 条数据到集合 edurag
2026-07-27 15:23:02,375 - INFO - D:\WorkSpace\Education-RAG\rag_qa\core\vector_store.py - add_documents - vector_store - 141 - 已插入 96 条数据到集合 edurag
2026-07-27 15:23:02,445 - INFO - D:\WorkSpace\Education-RAG\rag_qa\core\vector_store.py - add_documents - vector_store - 141 - 已插入 97 条数据到集合 edurag
2026-07-27 15:23:02,501 - INFO - D:\WorkSpace\Education-RAG\rag_qa\core\vector_store.py - add_documents - vector_store - 141 - 已插入 98 条数据到集合 edurag
2026-07-27 15:23:02,551 - INFO - D:\WorkSpace\Education-RAG\rag_qa\core\vector_store.py - add_documents - vector_store - 141 - 已插入 99 条数据到集合 edurag
2026-07-27 15:23:02,600 - INFO - D:\WorkSpace\Education-RAG\rag_qa\core\vector_store.py - add_documents - vector_store - 141 - 已插入 100 条数据到集合 edurag
2026-07-27 15:23:02,645 - INFO - D:\WorkSpace\Education-RAG\rag_qa\core\vector_store.py - add_documents - vector_store - 141 - 已插入 101 条数据到集合 edurag
2026-07-27 15:23:02,698 - INFO - D:\WorkSpace\Education-RAG\rag_qa\core\vector_store.py - add_documents - vector_store - 141 - 已插入 102 条数据到集合 edurag
2026-07-27 15:23:02,766 - INFO - D:\WorkSpace\Education-RAG\rag_qa\core\vector_store.py - add_documents - vector_store - 141 - 已插入 103 条数据到集合 edurag
2026-07-27 15:23:02,838 - INFO - D:\WorkSpace\Education-RAG\rag_qa\core\vector_store.py - add_documents - vector_store - 141 - 已插入 104 条数据到集合 edurag
2026-07-27 15:23:02,937 - INFO - D:\WorkSpace\Education-RAG\rag_qa\core\vector_store.py - add_documents - vector_store - 141 - 已插入 105 条数据到集合 edurag
2026-07-27 15:23:03,026 - INFO - D:\WorkSpace\Education-RAG\rag_qa\core\vector_store.py - add_documents - vector_store - 141 - 已插入 106 条数据到集合 edurag
2026-07-27 15:23:03,176 - INFO - D:\WorkSpace\Education-RAG\rag_qa\core\vector_store.py - add_documents - vector_store - 141 - 已插入 107 条数据到集合 edurag
2026-07-27 15:23:03,301 - INFO - D:\WorkSpace\Education-RAG\rag_qa\core\vector_store.py - add_documents - vector_store - 141 - 已插入 108 条数据到集合 edurag
2026-07-27 15:23:03,373 - INFO - D:\WorkSpace\Education-RAG\rag_qa\core\vector_store.py - add_documents - vector_store - 141 - 已插入 109 条数据到集合 edurag
2026-07-27 15:23:03,488 - INFO - D:\WorkSpace\Education-RAG\rag_qa\core\vector_store.py - add_documents - vector_store - 141 - 已插入 110 条数据到集合 edurag
2026-07-27 15:23:03,558 - INFO - D:\WorkSpace\Education-RAG\rag_qa\core\vector_store.py - add_documents - vector_store - 141 - 已插入 111 条数据到集合 edurag
2026-07-27 15:23:03,649 - INFO - D:\WorkSpace\Education-RAG\rag_qa\core\vector_store.py - add_documents - vector_store - 141 - 已插入 112 条数据到集合 edurag
2026-07-27 15:23:03,712 - INFO - D:\WorkSpace\Education-RAG\rag_qa\core\vector_store.py - add_documents - vector_store - 141 - 已插入 113 条数据到集合 edurag
2026-07-27 15:23:03,806 - INFO - D:\WorkSpace\Education-RAG\rag_qa\core\vector_store.py - add_documents - vector_store - 141 - 已插入 114 条数据到集合 edurag
2026-07-27 15:23:03,907 - INFO - D:\WorkSpace\Education-RAG\rag_qa\core\vector_store.py - add_documents - vector_store - 141 - 已插入 115 条数据到集合 edurag
2026-07-27 15:23:03,968 - INFO - D:\WorkSpace\Education-RAG\rag_qa\core\vector_store.py - add_documents - vector_store - 141 - 已插入 116 条数据到集合 edurag
2026-07-27 15:23:04,018 - INFO - D:\WorkSpace\Education-RAG\rag_qa\core\vector_store.py - add_documents - vector_store - 141 - 已插入 117 条数据到集合 edurag
2026-07-27 15:23:04,068 - INFO - D:\WorkSpace\Education-RAG\rag_qa\core\vector_store.py - add_documents - vector_store - 141 - 已插入 118 条数据到集合 edurag
2026-07-27 15:23:04,124 - INFO - D:\WorkSpace\Education-RAG\rag_qa\core\vector_store.py - add_documents - vector_store - 141 - 已插入 119 条数据到集合 edurag
2026-07-27 15:23:04,180 - INFO - D:\WorkSpace\Education-RAG\rag_qa\core\vector_store.py - add_documents - vector_store - 141 - 已插入 120 条数据到集合 edurag
2026-07-27 15:23:04,229 - INFO - D:\WorkSpace\Education-RAG\rag_qa\core\vector_store.py - add_documents - vector_store - 141 - 已插入 121 条数据到集合 edurag
2026-07-27 15:23:04,293 - INFO - D:\WorkSpace\Education-RAG\rag_qa\core\vector_store.py - add_documents - vector_store - 141 - 已插入 122 条数据到集合 edurag
2026-07-27 15:23:04,354 - INFO - D:\WorkSpace\Education-RAG\rag_qa\core\vector_store.py - add_documents - vector_store - 141 - 已插入 123 条数据到集合 edurag
2026-07-27 15:23:04,435 - INFO - D:\WorkSpace\Education-RAG\rag_qa\core\vector_store.py - add_documents - vector_store - 141 - 已插入 124 条数据到集合 edurag
2026-07-27 15:23:04,511 - INFO - D:\WorkSpace\Education-RAG\rag_qa\core\vector_store.py - add_documents - vector_store - 141 - 已插入 125 条数据到集合 edurag
2026-07-27 15:23:04,565 - INFO - D:\WorkSpace\Education-RAG\rag_qa\core\vector_store.py - add_documents - vector_store - 141 - 已插入 126 条数据到集合 edurag
2026-07-27 15:23:04,628 - INFO - D:\WorkSpace\Education-RAG\rag_qa\core\vector_store.py - add_documents - vector_store - 141 - 已插入 127 条数据到集合 edurag
2026-07-27 15:23:04,722 - INFO - D:\WorkSpace\Education-RAG\rag_qa\core\vector_store.py - add_documents - vector_store - 141 - 已插入 128 条数据到集合 edurag
2026-07-27 15:53:55,436 - INFO - D:\WorkSpace\Education-RAG\rag_qa\core\vector_store.py - _create_or_load_collection - vector_store - 106 - 已创建集合 edurag
2026-07-27 15:53:56,640 - INFO - D:\WorkSpace\Education-RAG\rag_qa\core\document_processor.py - load_documents_from_directory - document_processor - 101 - 加载文件成功:D:\WorkSpace\Education-RAG\rag_qa/data/ai_data\LLM基础知识.pdf
2026-07-27 15:53:57,556 - INFO - D:\WorkSpace\Education-RAG\rag_qa\core\document_processor.py - load_documents_from_directory - document_processor - 101 - 加载文件成功:D:\WorkSpace\Education-RAG\rag_qa/data/ai_data\人工智能就业课课程大纲.docx
2026-07-27 15:54:11,444 - INFO - D:\WorkSpace\Education-RAG\rag_qa\core\document_processor.py - load_documents_from_directory - document_processor - 101 - 加载文件成功:D:\WorkSpace\Education-RAG\rag_qa/data/ai_data\就业指导课.pptx
2026-07-27 15:54:18,748 - INFO - D:\WorkSpace\Education-RAG\rag_qa\core\document_processor.py - load_documents_from_directory - document_processor - 101 - 加载文件成功:D:\WorkSpace\Education-RAG\rag_qa/data/ai_data\语言模型.png
2026-07-27 15:54:18,749 - INFO - D:\WorkSpace\Education-RAG\rag_qa\core\document_processor.py - process_documents - document_processor - 148 - 处理文档成功:父块doc_0_parent_0:子块:doc_0_parent_0_child_0
2026-07-27 15:54:18,749 - WARNING - D:\WorkSpace\Education-RAG\rag_qa\core\document_processor.py - process_documents - document_processor - 149 - ====================================================================================================
2026-07-27 15:54:18,749 - INFO - D:\WorkSpace\Education-RAG\rag_qa\core\document_processor.py - process_documents - document_processor - 148 - 处理文档成功:父块doc_0_parent_0:子块:doc_0_parent_0_child_1
2026-07-27 15:54:18,749 - WARNING - D:\WorkSpace\Education-RAG\rag_qa\core\document_processor.py - process_documents - document_processor - 149 - ====================================================================================================
2026-07-27 15:54:18,749 - INFO - D:\WorkSpace\Education-RAG\rag_qa\core\document_processor.py - process_documents - document_processor - 148 - 处理文档成功:父块doc_0_parent_0:子块:doc_0_parent_0_child_2
2026-07-27 15:54:18,749 - WARNING - D:\WorkSpace\Education-RAG\rag_qa\core\document_processor.py - process_documents - document_processor - 149 - ====================================================================================================
2026-07-27 15:54:18,749 - INFO - D:\WorkSpace\Education-RAG\rag_qa\core\document_processor.py - process_documents - document_processor - 148 - 处理文档成功:父块doc_0_parent_1:子块:doc_0_parent_1_child_0
2026-07-27 15:54:18,749 - WARNING - D:\WorkSpace\Education-RAG\rag_qa\core\document_processor.py - process_documents - document_processor - 149 - ====================================================================================================
2026-07-27 15:54:18,749 - INFO - D:\WorkSpace\Education-RAG\rag_qa\core\document_processor.py - process_documents - document_processor - 148 - 处理文档成功:父块doc_0_parent_1:子块:doc_0_parent_1_child_1
2026-07-27 15:54:18,749 - WARNING - D:\WorkSpace\Education-RAG\rag_qa\core\document_processor.py - process_documents - document_processor - 149 - ====================================================================================================
2026-07-27 15:54:18,749 - INFO - D:\WorkSpace\Education-RAG\rag_qa\core\document_processor.py - process_documents - document_processor - 148 - 处理文档成功:父块doc_0_parent_1:子块:doc_0_parent_1_child_2
2026-07-27 15:54:18,749 - WARNING - D:\WorkSpace\Education-RAG\rag_qa\core\document_processor.py - process_documents - document_processor - 149 - ====================================================================================================
2026-07-27 15:54:18,749 - INFO - D:\WorkSpace\Education-RAG\rag_qa\core\document_processor.py - process_documents - document_processor - 148 - 处理文档成功:父块doc_0_parent_1:子块:doc_0_parent_1_child_3
2026-07-27 15:54:18,749 - WARNING - D:\WorkSpace\Education-RAG\rag_qa\core\document_processor.py - process_documents - document_processor - 149 - ====================================================================================================
2026-07-27 15:54:18,749 - INFO - D:\WorkSpace\Education-RAG\rag_qa\core\document_processor.py - process_documents - document_processor - 148 - 处理文档成功:父块doc_0_parent_1:子块:doc_0_parent_1_child_4
2026-07-27 15:54:18,750 - WARNING - D:\WorkSpace\Education-RAG\rag_qa\core\document_processor.py - process_documents - document_processor - 149 - ====================================================================================================
2026-07-27 15:54:18,750 - INFO - D:\WorkSpace\Education-RAG\rag_qa\core\document_processor.py - process_documents - document_processor - 148 - 处理文档成功:父块doc_0_parent_1:子块:doc_0_parent_1_child_5
2026-07-27 15:54:18,752 - WARNING - D:\WorkSpace\Education-RAG\rag_qa\core\document_processor.py - process_documents - document_processor - 149 - ====================================================================================================
2026-07-27 15:54:18,752 - INFO - D:\WorkSpace\Education-RAG\rag_qa\core\document_processor.py - process_documents - document_processor - 148 - 处理文档成功:父块doc_0_parent_2:子块:doc_0_parent_2_child_0
2026-07-27 15:54:18,752 - WARNING - D:\WorkSpace\Education-RAG\rag_qa\core\document_processor.py - process_documents - document_processor - 149 - ====================================================================================================
2026-07-27 15:54:18,752 - INFO - D:\WorkSpace\Education-RAG\rag_qa\core\document_processor.py - process_documents - document_processor - 148 - 处理文档成功:父块doc_0_parent_2:子块:doc_0_parent_2_child_1
2026-07-27 15:54:18,752 - WARNING - D:\WorkSpace\Education-RAG\rag_qa\core\document_processor.py - process_documents - document_processor - 149 - ====================================================================================================
2026-07-27 15:54:18,752 - INFO - D:\WorkSpace\Education-RAG\rag_qa\core\document_processor.py - process_documents - document_processor - 148 - 处理文档成功:父块doc_0_parent_2:子块:doc_0_parent_2_child_2
2026-07-27 15:54:18,753 - WARNING - D:\WorkSpace\Education-RAG\rag_qa\core\document_processor.py - process_documents - document_processor - 149 - ====================================================================================================
2026-07-27 15:54:18,753 - INFO - D:\WorkSpace\Education-RAG\rag_qa\core\document_processor.py - process_documents - document_processor - 148 - 处理文档成功:父块doc_0_parent_2:子块:doc_0_parent_2_child_3
2026-07-27 15:54:18,753 - WARNING - D:\WorkSpace\Education-RAG\rag_qa\core\document_processor.py - process_documents - document_processor - 149 - ====================================================================================================
2026-07-27 15:54:18,753 - INFO - D:\WorkSpace\Education-RAG\rag_qa\core\document_processor.py - process_documents - document_processor - 148 - 处理文档成功:父块doc_0_parent_2:子块:doc_0_parent_2_child_4
2026-07-27 15:54:18,753 - WARNING - D:\WorkSpace\Education-RAG\rag_qa\core\document_processor.py - process_documents - document_processor - 149 - ====================================================================================================
2026-07-27 15:54:18,753 - INFO - D:\WorkSpace\Education-RAG\rag_qa\core\document_processor.py - process_documents - document_processor - 148 - 处理文档成功:父块doc_0_parent_2:子块:doc_0_parent_2_child_5
2026-07-27 15:54:18,753 - WARNING - D:\WorkSpace\Education-RAG\rag_qa\core\document_processor.py - process_documents - document_processor - 149 - ====================================================================================================
2026-07-27 15:54:18,753 - INFO - D:\WorkSpace\Education-RAG\rag_qa\core\document_processor.py - process_documents - document_processor - 148 - 处理文档成功:父块doc_0_parent_3:子块:doc_0_parent_3_child_0
2026-07-27 15:54:18,753 - WARNING - D:\WorkSpace\Education-RAG\rag_qa\core\document_processor.py - process_documents - document_processor - 149 - ====================================================================================================
2026-07-27 15:54:18,754 - INFO - D:\WorkSpace\Education-RAG\rag_qa\core\document_processor.py - process_documents - document_processor - 148 - 处理文档成功:父块doc_0_parent_3:子块:doc_0_parent_3_child_1
2026-07-27 15:54:18,754 - WARNING - D:\WorkSpace\Education-RAG\rag_qa\core\document_processor.py - process_documents - document_processor - 149 - ====================================================================================================
2026-07-27 15:54:18,754 - INFO - D:\WorkSpace\Education-RAG\rag_qa\core\document_processor.py - process_documents - document_processor - 148 - 处理文档成功:父块doc_0_parent_3:子块:doc_0_parent_3_child_2
2026-07-27 15:54:18,754 - WARNING - D:\WorkSpace\Education-RAG\rag_qa\core\document_processor.py - process_documents - document_processor - 149 - ====================================================================================================
2026-07-27 15:54:18,754 - INFO - D:\WorkSpace\Education-RAG\rag_qa\core\document_processor.py - process_documents - document_processor - 148 - 处理文档成功:父块doc_0_parent_3:子块:doc_0_parent_3_child_3
2026-07-27 15:54:18,754 - WARNING - D:\WorkSpace\Education-RAG\rag_qa\core\document_processor.py - process_documents - document_processor - 149 - ====================================================================================================
2026-07-27 15:54:18,754 - INFO - D:\WorkSpace\Education-RAG\rag_qa\core\document_processor.py - process_documents - document_processor - 148 - 处理文档成功:父块doc_0_parent_3:子块:doc_0_parent_3_child_4
2026-07-27 15:54:18,754 - WARNING - D:\WorkSpace\Education-RAG\rag_qa\core\document_processor.py - process_documents - document_processor - 149 - ====================================================================================================
2026-07-27 15:54:18,754 - INFO - D:\WorkSpace\Education-RAG\rag_qa\core\document_processor.py - process_documents - document_processor - 148 - 处理文档成功:父块doc_0_parent_4:子块:doc_0_parent_4_child_0
2026-07-27 15:54:18,754 - WARNING - D:\WorkSpace\Education-RAG\rag_qa\core\document_processor.py - process_documents - document_processor - 149 - ====================================================================================================
2026-07-27 15:54:18,754 - INFO - D:\WorkSpace\Education-RAG\rag_qa\core\document_processor.py - process_documents - document_processor - 148 - 处理文档成功:父块doc_0_parent_4:子块:doc_0_parent_4_child_1
2026-07-27 15:54:18,754 - WARNING - D:\WorkSpace\Education-RAG\rag_qa\core\document_processor.py - process_documents - document_processor - 149 - ====================================================================================================
2026-07-27 15:54:18,754 - INFO - D:\WorkSpace\Education-RAG\rag_qa\core\document_processor.py - process_documents - document_processor - 148 - 处理文档成功:父块doc_0_parent_4:子块:doc_0_parent_4_child_2
2026-07-27 15:54:18,754 - WARNING - D:\WorkSpace\Education-RAG\rag_qa\core\document_processor.py - process_documents - document_processor - 149 - ====================================================================================================
2026-07-27 15:54:18,754 - INFO - D:\WorkSpace\Education-RAG\rag_qa\core\document_processor.py - process_documents - document_processor - 148 - 处理文档成功:父块doc_0_parent_4:子块:doc_0_parent_4_child_3
2026-07-27 15:54:18,754 - WARNING - D:\WorkSpace\Education-RAG\rag_qa\core\document_processor.py - process_documents - document_processor - 149 - ====================================================================================================
2026-07-27 15:54:18,755 - INFO - D:\WorkSpace\Education-RAG\rag_qa\core\document_processor.py - process_documents - document_processor - 148 - 处理文档成功:父块doc_0_parent_4:子块:doc_0_parent_4_child_4
2026-07-27 15:54:18,755 - WARNING - D:\WorkSpace\Education-RAG\rag_qa\core\document_processor.py - process_documents - document_processor - 149 - ====================================================================================================
2026-07-27 15:54:18,755 - INFO - D:\WorkSpace\Education-RAG\rag_qa\core\document_processor.py - process_documents - document_processor - 148 - 处理文档成功:父块doc_0_parent_4:子块:doc_0_parent_4_child_5
2026-07-27 15:54:18,755 - WARNING - D:\WorkSpace\Education-RAG\rag_qa\core\document_processor.py - process_documents - document_processor - 149 - ====================================================================================================
2026-07-27 15:54:18,755 - INFO - D:\WorkSpace\Education-RAG\rag_qa\core\document_processor.py - process_documents - document_processor - 148 - 处理文档成功:父块doc_0_parent_5:子块:doc_0_parent_5_child_0
2026-07-27 15:54:18,755 - WARNING - D:\WorkSpace\Education-RAG\rag_qa\core\document_processor.py - process_documents - document_processor - 149 - ====================================================================================================
2026-07-27 15:54:18,756 - INFO - D:\WorkSpace\Education-RAG\rag_qa\core\document_processor.py - process_documents - document_processor - 148 - 处理文档成功:父块doc_0_parent_6:子块:doc_0_parent_6_child_0
2026-07-27 15:54:18,756 - WARNING - D:\WorkSpace\Education-RAG\rag_qa\core\document_processor.py - process_documents - document_processor - 149 - ====================================================================================================
2026-07-27 15:54:18,756 - INFO - D:\WorkSpace\Education-RAG\rag_qa\core\document_processor.py - process_documents - document_processor - 148 - 处理文档成功:父块doc_0_parent_6:子块:doc_0_parent_6_child_1
2026-07-27 15:54:18,756 - WARNING - D:\WorkSpace\Education-RAG\rag_qa\core\document_processor.py - process_documents - document_processor - 149 - ====================================================================================================
2026-07-27 15:54:18,756 - INFO - D:\WorkSpace\Education-RAG\rag_qa\core\document_processor.py - process_documents - document_processor - 148 - 处理文档成功:父块doc_0_parent_6:子块:doc_0_parent_6_child_2
2026-07-27 15:54:18,756 - WARNING - D:\WorkSpace\Education-RAG\rag_qa\core\document_processor.py - process_documents - document_processor - 149 - ====================================================================================================
2026-07-27 15:54:18,756 - INFO - D:\WorkSpace\Education-RAG\rag_qa\core\document_processor.py - process_documents - document_processor - 148 - 处理文档成功:父块doc_0_parent_6:子块:doc_0_parent_6_child_3
2026-07-27 15:54:18,756 - WARNING - D:\WorkSpace\Education-RAG\rag_qa\core\document_processor.py - process_documents - document_processor - 149 - ====================================================================================================
2026-07-27 15:54:18,756 - INFO - D:\WorkSpace\Education-RAG\rag_qa\core\document_processor.py - process_documents - document_processor - 148 - 处理文档成功:父块doc_0_parent_6:子块:doc_0_parent_6_child_4
2026-07-27 15:54:18,756 - WARNING - D:\WorkSpace\Education-RAG\rag_qa\core\document_processor.py - process_documents - document_processor - 149 - ====================================================================================================
2026-07-27 15:54:18,756 - INFO - D:\WorkSpace\Education-RAG\rag_qa\core\document_processor.py - process_documents - document_processor - 148 - 处理文档成功:父块doc_0_parent_7:子块:doc_0_parent_7_child_0
2026-07-27 15:54:18,757 - WARNING - D:\WorkSpace\Education-RAG\rag_qa\core\document_processor.py - process_documents - document_processor - 149 - ====================================================================================================
2026-07-27 15:54:18,757 - INFO - D:\WorkSpace\Education-RAG\rag_qa\core\document_processor.py - process_documents - document_processor - 148 - 处理文档成功:父块doc_0_parent_7:子块:doc_0_parent_7_child_1
2026-07-27 15:54:18,757 - WARNING - D:\WorkSpace\Education-RAG\rag_qa\core\document_processor.py - process_documents - document_processor - 149 - ====================================================================================================
2026-07-27 15:54:18,757 - INFO - D:\WorkSpace\Education-RAG\rag_qa\core\document_processor.py - process_documents - document_processor - 148 - 处理文档成功:父块doc_0_parent_7:子块:doc_0_parent_7_child_2
2026-07-27 15:54:18,757 - WARNING - D:\WorkSpace\Education-RAG\rag_qa\core\document_processor.py - process_documents - document_processor - 149 - ====================================================================================================
2026-07-27 15:54:18,757 - INFO - D:\WorkSpace\Education-RAG\rag_qa\core\document_processor.py - process_documents - document_processor - 148 - 处理文档成功:父块doc_0_parent_7:子块:doc_0_parent_7_child_3
2026-07-27 15:54:18,757 - WARNING - D:\WorkSpace\Education-RAG\rag_qa\core\document_processor.py - process_documents - document_processor - 149 - ====================================================================================================
2026-07-27 15:54:18,757 - INFO - D:\WorkSpace\Education-RAG\rag_qa\core\document_processor.py - process_documents - document_processor - 148 - 处理文档成功:父块doc_0_parent_7:子块:doc_0_parent_7_child_4
2026-07-27 15:54:18,757 - WARNING - D:\WorkSpace\Education-RAG\rag_qa\core\document_processor.py - process_documents - document_processor - 149 - ====================================================================================================
2026-07-27 15:54:18,757 - INFO - D:\WorkSpace\Education-RAG\rag_qa\core\document_processor.py - process_documents - document_processor - 148 - 处理文档成功:父块doc_0_parent_7:子块:doc_0_parent_7_child_5
2026-07-27 15:54:18,757 - WARNING - D:\WorkSpace\Education-RAG\rag_qa\core\document_processor.py - process_documents - document_processor - 149 - ====================================================================================================
2026-07-27 15:54:18,757 - INFO - D:\WorkSpace\Education-RAG\rag_qa\core\document_processor.py - process_documents - document_processor - 148 - 处理文档成功:父块doc_0_parent_8:子块:doc_0_parent_8_child_0
2026-07-27 15:54:18,757 - WARNING - D:\WorkSpace\Education-RAG\rag_qa\core\document_processor.py - process_documents - document_processor - 149 - ====================================================================================================
2026-07-27 15:54:18,757 - INFO - D:\WorkSpace\Education-RAG\rag_qa\core\document_processor.py - process_documents - document_processor - 148 - 处理文档成功:父块doc_0_parent_8:子块:doc_0_parent_8_child_1
2026-07-27 15:54:18,758 - WARNING - D:\WorkSpace\Education-RAG\rag_qa\core\document_processor.py - process_documents - document_processor - 149 - ====================================================================================================
2026-07-27 15:54:18,758 - INFO - D:\WorkSpace\Education-RAG\rag_qa\core\document_processor.py - process_documents - document_processor - 148 - 处理文档成功:父块doc_0_parent_8:子块:doc_0_parent_8_child_2
2026-07-27 15:54:18,758 - WARNING - D:\WorkSpace\Education-RAG\rag_qa\core\document_processor.py - process_documents - document_processor - 149 - ====================================================================================================
2026-07-27 15:54:18,758 - INFO - D:\WorkSpace\Education-RAG\rag_qa\core\document_processor.py - process_documents - document_processor - 148 - 处理文档成功:父块doc_0_parent_9:子块:doc_0_parent_9_child_0
2026-07-27 15:54:18,758 - WARNING - D:\WorkSpace\Education-RAG\rag_qa\core\document_processor.py - process_documents - document_processor - 149 - ====================================================================================================
2026-07-27 15:54:18,758 - INFO - D:\WorkSpace\Education-RAG\rag_qa\core\document_processor.py - process_documents - document_processor - 148 - 处理文档成功:父块doc_0_parent_9:子块:doc_0_parent_9_child_1
2026-07-27 15:54:18,758 - WARNING - D:\WorkSpace\Education-RAG\rag_qa\core\document_processor.py - process_documents - document_processor - 149 - ====================================================================================================
2026-07-27 15:54:18,758 - INFO - D:\WorkSpace\Education-RAG\rag_qa\core\document_processor.py - process_documents - document_processor - 148 - 处理文档成功:父块doc_0_parent_9:子块:doc_0_parent_9_child_2
2026-07-27 15:54:18,758 - WARNING - D:\WorkSpace\Education-RAG\rag_qa\core\document_processor.py - process_documents - document_processor - 149 - ====================================================================================================
2026-07-27 15:54:18,758 - INFO - D:\WorkSpace\Education-RAG\rag_qa\core\document_processor.py - process_documents - document_processor - 148 - 处理文档成功:父块doc_0_parent_9:子块:doc_0_parent_9_child_3
2026-07-27 15:54:18,758 - WARNING - D:\WorkSpace\Education-RAG\rag_qa\core\document_processor.py - process_documents - document_processor - 149 - ====================================================================================================
2026-07-27 15:54:18,758 - INFO - D:\WorkSpace\Education-RAG\rag_qa\core\document_processor.py - process_documents - document_processor - 148 - 处理文档成功:父块doc_0_parent_9:子块:doc_0_parent_9_child_4
2026-07-27 15:54:18,758 - WARNING - D:\WorkSpace\Education-RAG\rag_qa\core\document_processor.py - process_documents - document_processor - 149 - ====================================================================================================
2026-07-27 15:54:18,759 - INFO - D:\WorkSpace\Education-RAG\rag_qa\core\document_processor.py - process_documents - document_processor - 148 - 处理文档成功:父块doc_0_parent_9:子块:doc_0_parent_9_child_5
2026-07-27 15:54:18,759 - WARNING - D:\WorkSpace\Education-RAG\rag_qa\core\document_processor.py - process_documents - document_processor - 149 - ====================================================================================================
2026-07-27 15:54:18,759 - INFO - D:\WorkSpace\Education-RAG\rag_qa\core\document_processor.py - process_documents - document_processor - 148 - 处理文档成功:父块doc_0_parent_10:子块:doc_0_parent_10_child_0
2026-07-27 15:54:18,759 - WARNING - D:\WorkSpace\Education-RAG\rag_qa\core\document_processor.py - process_documents - document_processor - 149 - ====================================================================================================
2026-07-27 15:54:18,759 - INFO - D:\WorkSpace\Education-RAG\rag_qa\core\document_processor.py - process_documents - document_processor - 148 - 处理文档成功:父块doc_0_parent_11:子块:doc_0_parent_11_child_0
2026-07-27 15:54:18,759 - WARNING - D:\WorkSpace\Education-RAG\rag_qa\core\document_processor.py - process_documents - document_processor - 149 - ====================================================================================================
2026-07-27 15:54:18,759 - INFO - D:\WorkSpace\Education-RAG\rag_qa\core\document_processor.py - process_documents - document_processor - 148 - 处理文档成功:父块doc_0_parent_11:子块:doc_0_parent_11_child_1
2026-07-27 15:54:18,759 - WARNING - D:\WorkSpace\Education-RAG\rag_qa\core\document_processor.py - process_documents - document_processor - 149 - ====================================================================================================
2026-07-27 15:54:18,759 - INFO - D:\WorkSpace\Education-RAG\rag_qa\core\document_processor.py - process_documents - document_processor - 148 - 处理文档成功:父块doc_0_parent_11:子块:doc_0_parent_11_child_2
2026-07-27 15:54:18,759 - WARNING - D:\WorkSpace\Education-RAG\rag_qa\core\document_processor.py - process_documents - document_processor - 149 - ====================================================================================================
2026-07-27 15:54:18,759 - INFO - D:\WorkSpace\Education-RAG\rag_qa\core\document_processor.py - process_documents - document_processor - 148 - 处理文档成功:父块doc_0_parent_11:子块:doc_0_parent_11_child_3
2026-07-27 15:54:18,760 - WARNING - D:\WorkSpace\Education-RAG\rag_qa\core\document_processor.py - process_documents - document_processor - 149 - ====================================================================================================
2026-07-27 15:54:18,760 - INFO - D:\WorkSpace\Education-RAG\rag_qa\core\document_processor.py - process_documents - document_processor - 148 - 处理文档成功:父块doc_1_parent_0:子块:doc_1_parent_0_child_0
2026-07-27 15:54:18,761 - WARNING - D:\WorkSpace\Education-RAG\rag_qa\core\document_processor.py - process_documents - document_processor - 149 - ====================================================================================================
2026-07-27 15:54:18,761 - INFO - D:\WorkSpace\Education-RAG\rag_qa\core\document_processor.py - process_documents - document_processor - 148 - 处理文档成功:父块doc_1_parent_0:子块:doc_1_parent_0_child_1
2026-07-27 15:54:18,761 - WARNING - D:\WorkSpace\Education-RAG\rag_qa\core\document_processor.py - process_documents - document_processor - 149 - ====================================================================================================
2026-07-27 15:54:18,761 - INFO - D:\WorkSpace\Education-RAG\rag_qa\core\document_processor.py - process_documents - document_processor - 148 - 处理文档成功:父块doc_1_parent_0:子块:doc_1_parent_0_child_2
2026-07-27 15:54:18,761 - WARNING - D:\WorkSpace\Education-RAG\rag_qa\core\document_processor.py - process_documents - document_processor - 149 - ====================================================================================================
2026-07-27 15:54:18,761 - INFO - D:\WorkSpace\Education-RAG\rag_qa\core\document_processor.py - process_documents - document_processor - 148 - 处理文档成功:父块doc_1_parent_0:子块:doc_1_parent_0_child_3
2026-07-27 15:54:18,761 - WARNING - D:\WorkSpace\Education-RAG\rag_qa\core\document_processor.py - process_documents - document_processor - 149 - ====================================================================================================
2026-07-27 15:54:18,761 - INFO - D:\WorkSpace\Education-RAG\rag_qa\core\document_processor.py - process_documents - document_processor - 148 - 处理文档成功:父块doc_1_parent_0:子块:doc_1_parent_0_child_4
2026-07-27 15:54:18,761 - WARNING - D:\WorkSpace\Education-RAG\rag_qa\core\document_processor.py - process_documents - document_processor - 149 - ====================================================================================================
2026-07-27 15:54:18,761 - INFO - D:\WorkSpace\Education-RAG\rag_qa\core\document_processor.py - process_documents - document_processor - 148 - 处理文档成功:父块doc_1_parent_0:子块:doc_1_parent_0_child_5
2026-07-27 15:54:18,762 - WARNING - D:\WorkSpace\Education-RAG\rag_qa\core\document_processor.py - process_documents - document_processor - 149 - ====================================================================================================
2026-07-27 15:54:18,763 - INFO - D:\WorkSpace\Education-RAG\rag_qa\core\document_processor.py - process_documents - document_processor - 148 - 处理文档成功:父块doc_1_parent_1:子块:doc_1_parent_1_child_0
2026-07-27 15:54:18,763 - WARNING - D:\WorkSpace\Education-RAG\rag_qa\core\document_processor.py - process_documents - document_processor - 149 - ====================================================================================================
2026-07-27 15:54:18,763 - INFO - D:\WorkSpace\Education-RAG\rag_qa\core\document_processor.py - process_documents - document_processor - 148 - 处理文档成功:父块doc_1_parent_1:子块:doc_1_parent_1_child_1
2026-07-27 15:54:18,763 - WARNING - D:\WorkSpace\Education-RAG\rag_qa\core\document_processor.py - process_documents - document_processor - 149 - ====================================================================================================
2026-07-27 15:54:18,763 - INFO - D:\WorkSpace\Education-RAG\rag_qa\core\document_processor.py - process_documents - document_processor - 148 - 处理文档成功:父块doc_1_parent_1:子块:doc_1_parent_1_child_2
2026-07-27 15:54:18,763 - WARNING - D:\WorkSpace\Education-RAG\rag_qa\core\document_processor.py - process_documents - document_processor - 149 - ====================================================================================================
2026-07-27 15:54:18,763 - INFO - D:\WorkSpace\Education-RAG\rag_qa\core\document_processor.py - process_documents - document_processor - 148 - 处理文档成功:父块doc_1_parent_1:子块:doc_1_parent_1_child_3
2026-07-27 15:54:18,763 - WARNING - D:\WorkSpace\Education-RAG\rag_qa\core\document_processor.py - process_documents - document_processor - 149 - ====================================================================================================
2026-07-27 15:54:18,763 - INFO - D:\WorkSpace\Education-RAG\rag_qa\core\document_processor.py - process_documents - document_processor - 148 - 处理文档成功:父块doc_1_parent_1:子块:doc_1_parent_1_child_4
2026-07-27 15:54:18,763 - WARNING - D:\WorkSpace\Education-RAG\rag_qa\core\document_processor.py - process_documents - document_processor - 149 - ====================================================================================================
2026-07-27 15:54:18,763 - INFO - D:\WorkSpace\Education-RAG\rag_qa\core\document_processor.py - process_documents - document_processor - 148 - 处理文档成功:父块doc_1_parent_2:子块:doc_1_parent_2_child_0
2026-07-27 15:54:18,763 - WARNING - D:\WorkSpace\Education-RAG\rag_qa\core\document_processor.py - process_documents - document_processor - 149 - ====================================================================================================
2026-07-27 15:54:18,763 - INFO - D:\WorkSpace\Education-RAG\rag_qa\core\document_processor.py - process_documents - document_processor - 148 - 处理文档成功:父块doc_1_parent_2:子块:doc_1_parent_2_child_1
2026-07-27 15:54:18,763 - WARNING - D:\WorkSpace\Education-RAG\rag_qa\core\document_processor.py - process_documents - document_processor - 149 - ====================================================================================================
2026-07-27 15:54:18,763 - INFO - D:\WorkSpace\Education-RAG\rag_qa\core\document_processor.py - process_documents - document_processor - 148 - 处理文档成功:父块doc_1_parent_2:子块:doc_1_parent_2_child_2
2026-07-27 15:54:18,764 - WARNING - D:\WorkSpace\Education-RAG\rag_qa\core\document_processor.py - process_documents - document_processor - 149 - ====================================================================================================
2026-07-27 15:54:18,764 - INFO - D:\WorkSpace\Education-RAG\rag_qa\core\document_processor.py - process_documents - document_processor - 148 - 处理文档成功:父块doc_1_parent_2:子块:doc_1_parent_2_child_3
2026-07-27 15:54:18,764 - WARNING - D:\WorkSpace\Education-RAG\rag_qa\core\document_processor.py - process_documents - document_processor - 149 - ====================================================================================================
2026-07-27 15:54:18,764 - INFO - D:\WorkSpace\Education-RAG\rag_qa\core\document_processor.py - process_documents - document_processor - 148 - 处理文档成功:父块doc_1_parent_2:子块:doc_1_parent_2_child_4
2026-07-27 15:54:18,764 - WARNING - D:\WorkSpace\Education-RAG\rag_qa\core\document_processor.py - process_documents - document_processor - 149 - ====================================================================================================
2026-07-27 15:54:18,764 - INFO - D:\WorkSpace\Education-RAG\rag_qa\core\document_processor.py - process_documents - document_processor - 148 - 处理文档成功:父块doc_1_parent_2:子块:doc_1_parent_2_child_5
2026-07-27 15:54:18,764 - WARNING - D:\WorkSpace\Education-RAG\rag_qa\core\document_processor.py - process_documents - document_processor - 149 - ====================================================================================================
2026-07-27 15:54:18,764 - INFO - D:\WorkSpace\Education-RAG\rag_qa\core\document_processor.py - process_documents - document_processor - 148 - 处理文档成功:父块doc_1_parent_3:子块:doc_1_parent_3_child_0
2026-07-27 15:54:18,764 - WARNING - D:\WorkSpace\Education-RAG\rag_qa\core\document_processor.py - process_documents - document_processor - 149 - ====================================================================================================
2026-07-27 15:54:18,764 - INFO - D:\WorkSpace\Education-RAG\rag_qa\core\document_processor.py - process_documents - document_processor - 148 - 处理文档成功:父块doc_1_parent_3:子块:doc_1_parent_3_child_1
2026-07-27 15:54:18,764 - WARNING - D:\WorkSpace\Education-RAG\rag_qa\core\document_processor.py - process_documents - document_processor - 149 - ====================================================================================================
2026-07-27 15:54:18,764 - INFO - D:\WorkSpace\Education-RAG\rag_qa\core\document_processor.py - process_documents - document_processor - 148 - 处理文档成功:父块doc_1_parent_3:子块:doc_1_parent_3_child_2
2026-07-27 15:54:18,764 - WARNING - D:\WorkSpace\Education-RAG\rag_qa\core\document_processor.py - process_documents - document_processor - 149 - ====================================================================================================
2026-07-27 15:54:18,764 - INFO - D:\WorkSpace\Education-RAG\rag_qa\core\document_processor.py - process_documents - document_processor - 148 - 处理文档成功:父块doc_1_parent_3:子块:doc_1_parent_3_child_3
2026-07-27 15:54:18,764 - WARNING - D:\WorkSpace\Education-RAG\rag_qa\core\document_processor.py - process_documents - document_processor - 149 - ====================================================================================================
2026-07-27 15:54:18,764 - INFO - D:\WorkSpace\Education-RAG\rag_qa\core\document_processor.py - process_documents - document_processor - 148 - 处理文档成功:父块doc_1_parent_3:子块:doc_1_parent_3_child_4
2026-07-27 15:54:18,764 - WARNING - D:\WorkSpace\Education-RAG\rag_qa\core\document_processor.py - process_documents - document_processor - 149 - ====================================================================================================
2026-07-27 15:54:18,765 - INFO - D:\WorkSpace\Education-RAG\rag_qa\core\document_processor.py - process_documents - document_processor - 148 - 处理文档成功:父块doc_1_parent_4:子块:doc_1_parent_4_child_0
2026-07-27 15:54:18,765 - WARNING - D:\WorkSpace\Education-RAG\rag_qa\core\document_processor.py - process_documents - document_processor - 149 - ====================================================================================================
2026-07-27 15:54:18,765 - INFO - D:\WorkSpace\Education-RAG\rag_qa\core\document_processor.py - process_documents - document_processor - 148 - 处理文档成功:父块doc_1_parent_4:子块:doc_1_parent_4_child_1
2026-07-27 15:54:18,765 - WARNING - D:\WorkSpace\Education-RAG\rag_qa\core\document_processor.py - process_documents - document_processor - 149 - ====================================================================================================
2026-07-27 15:54:18,765 - INFO - D:\WorkSpace\Education-RAG\rag_qa\core\document_processor.py - process_documents - document_processor - 148 - 处理文档成功:父块doc_1_parent_4:子块:doc_1_parent_4_child_2
2026-07-27 15:54:18,765 - WARNING - D:\WorkSpace\Education-RAG\rag_qa\core\document_processor.py - process_documents - document_processor - 149 - ====================================================================================================
2026-07-27 15:54:18,765 - INFO - D:\WorkSpace\Education-RAG\rag_qa\core\document_processor.py - process_documents - document_processor - 148 - 处理文档成功:父块doc_1_parent_4:子块:doc_1_parent_4_child_3
2026-07-27 15:54:18,765 - WARNING - D:\WorkSpace\Education-RAG\rag_qa\core\document_processor.py - process_documents - document_processor - 149 - ====================================================================================================
2026-07-27 15:54:18,765 - INFO - D:\WorkSpace\Education-RAG\rag_qa\core\document_processor.py - process_documents - document_processor - 148 - 处理文档成功:父块doc_1_parent_4:子块:doc_1_parent_4_child_4
2026-07-27 15:54:18,765 - WARNING - D:\WorkSpace\Education-RAG\rag_qa\core\document_processor.py - process_documents - document_processor - 149 - ====================================================================================================
2026-07-27 15:54:18,766 - INFO - D:\WorkSpace\Education-RAG\rag_qa\core\document_processor.py - process_documents - document_processor - 148 - 处理文档成功:父块doc_1_parent_5:子块:doc_1_parent_5_child_0
2026-07-27 15:54:18,766 - WARNING - D:\WorkSpace\Education-RAG\rag_qa\core\document_processor.py - process_documents - document_processor - 149 - ====================================================================================================
2026-07-27 15:54:18,766 - INFO - D:\WorkSpace\Education-RAG\rag_qa\core\document_processor.py - process_documents - document_processor - 148 - 处理文档成功:父块doc_1_parent_5:子块:doc_1_parent_5_child_1
2026-07-27 15:54:18,766 - WARNING - D:\WorkSpace\Education-RAG\rag_qa\core\document_processor.py - process_documents - document_processor - 149 - ====================================================================================================
2026-07-27 15:54:18,766 - INFO - D:\WorkSpace\Education-RAG\rag_qa\core\document_processor.py - process_documents - document_processor - 148 - 处理文档成功:父块doc_1_parent_5:子块:doc_1_parent_5_child_2
2026-07-27 15:54:18,766 - WARNING - D:\WorkSpace\Education-RAG\rag_qa\core\document_processor.py - process_documents - document_processor - 149 - ====================================================================================================
2026-07-27 15:54:18,767 - INFO - D:\WorkSpace\Education-RAG\rag_qa\core\document_processor.py - process_documents - document_processor - 148 - 处理文档成功:父块doc_1_parent_5:子块:doc_1_parent_5_child_3
2026-07-27 15:54:18,767 - WARNING - D:\WorkSpace\Education-RAG\rag_qa\core\document_processor.py - process_documents - document_processor - 149 - ====================================================================================================
2026-07-27 15:54:18,767 - INFO - D:\WorkSpace\Education-RAG\rag_qa\core\document_processor.py - process_documents - document_processor - 148 - 处理文档成功:父块doc_1_parent_5:子块:doc_1_parent_5_child_4
2026-07-27 15:54:18,767 - WARNING - D:\WorkSpace\Education-RAG\rag_qa\core\document_processor.py - process_documents - document_processor - 149 - ====================================================================================================
2026-07-27 15:54:18,767 - INFO - D:\WorkSpace\Education-RAG\rag_qa\core\document_processor.py - process_documents - document_processor - 148 - 处理文档成功:父块doc_1_parent_6:子块:doc_1_parent_6_child_0
2026-07-27 15:54:18,767 - WARNING - D:\WorkSpace\Education-RAG\rag_qa\core\document_processor.py - process_documents - document_processor - 149 - ====================================================================================================
2026-07-27 15:54:18,767 - INFO - D:\WorkSpace\Education-RAG\rag_qa\core\document_processor.py - process_documents - document_processor - 148 - 处理文档成功:父块doc_1_parent_6:子块:doc_1_parent_6_child_1
2026-07-27 15:54:18,767 - WARNING - D:\WorkSpace\Education-RAG\rag_qa\core\document_processor.py - process_documents - document_processor - 149 - ====================================================================================================
2026-07-27 15:54:18,767 - INFO - D:\WorkSpace\Education-RAG\rag_qa\core\document_processor.py - process_documents - document_processor - 148 - 处理文档成功:父块doc_1_parent_6:子块:doc_1_parent_6_child_2
2026-07-27 15:54:18,767 - WARNING - D:\WorkSpace\Education-RAG\rag_qa\core\document_processor.py - process_documents - document_processor - 149 - ====================================================================================================
2026-07-27 15:54:18,767 - INFO - D:\WorkSpace\Education-RAG\rag_qa\core\document_processor.py - process_documents - document_processor - 148 - 处理文档成功:父块doc_1_parent_6:子块:doc_1_parent_6_child_3
2026-07-27 15:54:18,767 - WARNING - D:\WorkSpace\Education-RAG\rag_qa\core\document_processor.py - process_documents - document_processor - 149 - ====================================================================================================
2026-07-27 15:54:18,768 - INFO - D:\WorkSpace\Education-RAG\rag_qa\core\document_processor.py - process_documents - document_processor - 148 - 处理文档成功:父块doc_1_parent_7:子块:doc_1_parent_7_child_0
2026-07-27 15:54:18,768 - WARNING - D:\WorkSpace\Education-RAG\rag_qa\core\document_processor.py - process_documents - document_processor - 149 - ====================================================================================================
2026-07-27 15:54:18,768 - INFO - D:\WorkSpace\Education-RAG\rag_qa\core\document_processor.py - process_documents - document_processor - 148 - 处理文档成功:父块doc_1_parent_7:子块:doc_1_parent_7_child_1
2026-07-27 15:54:18,768 - WARNING - D:\WorkSpace\Education-RAG\rag_qa\core\document_processor.py - process_documents - document_processor - 149 - ====================================================================================================
2026-07-27 15:54:18,768 - INFO - D:\WorkSpace\Education-RAG\rag_qa\core\document_processor.py - process_documents - document_processor - 148 - 处理文档成功:父块doc_1_parent_8:子块:doc_1_parent_8_child_0
2026-07-27 15:54:18,768 - WARNING - D:\WorkSpace\Education-RAG\rag_qa\core\document_processor.py - process_documents - document_processor - 149 - ====================================================================================================
2026-07-27 15:54:18,768 - INFO - D:\WorkSpace\Education-RAG\rag_qa\core\document_processor.py - process_documents - document_processor - 148 - 处理文档成功:父块doc_1_parent_8:子块:doc_1_parent_8_child_1
2026-07-27 15:54:18,768 - WARNING - D:\WorkSpace\Education-RAG\rag_qa\core\document_processor.py - process_documents - document_processor - 149 - ====================================================================================================
2026-07-27 15:54:18,768 - INFO - D:\WorkSpace\Education-RAG\rag_qa\core\document_processor.py - process_documents - document_processor - 148 - 处理文档成功:父块doc_1_parent_8:子块:doc_1_parent_8_child_2
2026-07-27 15:54:18,768 - WARNING - D:\WorkSpace\Education-RAG\rag_qa\core\document_processor.py - process_documents - document_processor - 149 - ====================================================================================================
2026-07-27 15:54:18,768 - INFO - D:\WorkSpace\Education-RAG\rag_qa\core\document_processor.py - process_documents - document_processor - 148 - 处理文档成功:父块doc_1_parent_8:子块:doc_1_parent_8_child_3
2026-07-27 15:54:18,768 - WARNING - D:\WorkSpace\Education-RAG\rag_qa\core\document_processor.py - process_documents - document_processor - 149 - ====================================================================================================
2026-07-27 15:54:18,768 - INFO - D:\WorkSpace\Education-RAG\rag_qa\core\document_processor.py - process_documents - document_processor - 148 - 处理文档成功:父块doc_1_parent_8:子块:doc_1_parent_8_child_4
2026-07-27 15:54:18,768 - WARNING - D:\WorkSpace\Education-RAG\rag_qa\core\document_processor.py - process_documents - document_processor - 149 - ====================================================================================================
2026-07-27 15:54:18,769 - INFO - D:\WorkSpace\Education-RAG\rag_qa\core\document_processor.py - process_documents - document_processor - 148 - 处理文档成功:父块doc_1_parent_9:子块:doc_1_parent_9_child_0
2026-07-27 15:54:18,769 - WARNING - D:\WorkSpace\Education-RAG\rag_qa\core\document_processor.py - process_documents - document_processor - 149 - ====================================================================================================
2026-07-27 15:54:18,769 - INFO - D:\WorkSpace\Education-RAG\rag_qa\core\document_processor.py - process_documents - document_processor - 148 - 处理文档成功:父块doc_1_parent_9:子块:doc_1_parent_9_child_1
2026-07-27 15:54:18,769 - WARNING - D:\WorkSpace\Education-RAG\rag_qa\core\document_processor.py - process_documents - document_processor - 149 - ====================================================================================================
2026-07-27 15:54:18,769 - INFO - D:\WorkSpace\Education-RAG\rag_qa\core\document_processor.py - process_documents - document_processor - 148 - 处理文档成功:父块doc_1_parent_9:子块:doc_1_parent_9_child_2
2026-07-27 15:54:18,769 - WARNING - D:\WorkSpace\Education-RAG\rag_qa\core\document_processor.py - process_documents - document_processor - 149 - ====================================================================================================
2026-07-27 15:54:18,769 - INFO - D:\WorkSpace\Education-RAG\rag_qa\core\document_processor.py - process_documents - document_processor - 148 - 处理文档成功:父块doc_1_parent_9:子块:doc_1_parent_9_child_3
2026-07-27 15:54:18,769 - WARNING - D:\WorkSpace\Education-RAG\rag_qa\core\document_processor.py - process_documents - document_processor - 149 - ====================================================================================================
2026-07-27 15:54:18,769 - INFO - D:\WorkSpace\Education-RAG\rag_qa\core\document_processor.py - process_documents - document_processor - 148 - 处理文档成功:父块doc_1_parent_9:子块:doc_1_parent_9_child_4
2026-07-27 15:54:18,769 - WARNING - D:\WorkSpace\Education-RAG\rag_qa\core\document_processor.py - process_documents - document_processor - 149 - ====================================================================================================
2026-07-27 15:54:18,769 - INFO - D:\WorkSpace\Education-RAG\rag_qa\core\document_processor.py - process_documents - document_processor - 148 - 处理文档成功:父块doc_1_parent_10:子块:doc_1_parent_10_child_0
2026-07-27 15:54:18,769 - WARNING - D:\WorkSpace\Education-RAG\rag_qa\core\document_processor.py - process_documents - document_processor - 149 - ====================================================================================================
2026-07-27 15:54:18,769 - INFO - D:\WorkSpace\Education-RAG\rag_qa\core\document_processor.py - process_documents - document_processor - 148 - 处理文档成功:父块doc_1_parent_10:子块:doc_1_parent_10_child_1
2026-07-27 15:54:18,769 - WARNING - D:\WorkSpace\Education-RAG\rag_qa\core\document_processor.py - process_documents - document_processor - 149 - ====================================================================================================
2026-07-27 15:54:18,769 - INFO - D:\WorkSpace\Education-RAG\rag_qa\core\document_processor.py - process_documents - document_processor - 148 - 处理文档成功:父块doc_1_parent_10:子块:doc_1_parent_10_child_2
2026-07-27 15:54:18,769 - WARNING - D:\WorkSpace\Education-RAG\rag_qa\core\document_processor.py - process_documents - document_processor - 149 - ====================================================================================================
2026-07-27 15:54:18,769 - INFO - D:\WorkSpace\Education-RAG\rag_qa\core\document_processor.py - process_documents - document_processor - 148 - 处理文档成功:父块doc_1_parent_11:子块:doc_1_parent_11_child_0
2026-07-27 15:54:18,769 - WARNING - D:\WorkSpace\Education-RAG\rag_qa\core\document_processor.py - process_documents - document_processor - 149 - ====================================================================================================
2026-07-27 15:54:18,769 - INFO - D:\WorkSpace\Education-RAG\rag_qa\core\document_processor.py - process_documents - document_processor - 148 - 处理文档成功:父块doc_1_parent_11:子块:doc_1_parent_11_child_1
2026-07-27 15:54:18,769 - WARNING - D:\WorkSpace\Education-RAG\rag_qa\core\document_processor.py - process_documents - document_processor - 149 - ====================================================================================================
2026-07-27 15:54:18,769 - INFO - D:\WorkSpace\Education-RAG\rag_qa\core\document_processor.py - process_documents - document_processor - 148 - 处理文档成功:父块doc_1_parent_11:子块:doc_1_parent_11_child_2
2026-07-27 15:54:18,769 - WARNING - D:\WorkSpace\Education-RAG\rag_qa\core\document_processor.py - process_documents - document_processor - 149 - ====================================================================================================
2026-07-27 15:54:18,770 - INFO - D:\WorkSpace\Education-RAG\rag_qa\core\document_processor.py - process_documents - document_processor - 148 - 处理文档成功:父块doc_2_parent_0:子块:doc_2_parent_0_child_0
2026-07-27 15:54:18,770 - WARNING - D:\WorkSpace\Education-RAG\rag_qa\core\document_processor.py - process_documents - document_processor - 149 - ====================================================================================================
2026-07-27 15:54:18,770 - INFO - D:\WorkSpace\Education-RAG\rag_qa\core\document_processor.py - process_documents - document_processor - 148 - 处理文档成功:父块doc_2_parent_1:子块:doc_2_parent_1_child_0
2026-07-27 15:54:18,770 - WARNING - D:\WorkSpace\Education-RAG\rag_qa\core\document_processor.py - process_documents - document_processor - 149 - ====================================================================================================
2026-07-27 15:54:18,770 - INFO - D:\WorkSpace\Education-RAG\rag_qa\core\document_processor.py - process_documents - document_processor - 148 - 处理文档成功:父块doc_2_parent_1:子块:doc_2_parent_1_child_1
2026-07-27 15:54:18,770 - WARNING - D:\WorkSpace\Education-RAG\rag_qa\core\document_processor.py - process_documents - document_processor - 149 - ====================================================================================================
2026-07-27 15:54:18,770 - INFO - D:\WorkSpace\Education-RAG\rag_qa\core\document_processor.py - process_documents - document_processor - 148 - 处理文档成功:父块doc_2_parent_1:子块:doc_2_parent_1_child_2
2026-07-27 15:54:18,770 - WARNING - D:\WorkSpace\Education-RAG\rag_qa\core\document_processor.py - process_documents - document_processor - 149 - ====================================================================================================
2026-07-27 15:54:18,770 - INFO - D:\WorkSpace\Education-RAG\rag_qa\core\document_processor.py - process_documents - document_processor - 148 - 处理文档成功:父块doc_2_parent_1:子块:doc_2_parent_1_child_3
2026-07-27 15:54:18,770 - WARNING - D:\WorkSpace\Education-RAG\rag_qa\core\document_processor.py - process_documents - document_processor - 149 - ====================================================================================================
2026-07-27 15:54:18,770 - INFO - D:\WorkSpace\Education-RAG\rag_qa\core\document_processor.py - process_documents - document_processor - 148 - 处理文档成功:父块doc_2_parent_1:子块:doc_2_parent_1_child_4
2026-07-27 15:54:18,770 - WARNING - D:\WorkSpace\Education-RAG\rag_qa\core\document_processor.py - process_documents - document_processor - 149 - ====================================================================================================
2026-07-27 15:54:18,770 - INFO - D:\WorkSpace\Education-RAG\rag_qa\core\document_processor.py - process_documents - document_processor - 148 - 处理文档成功:父块doc_2_parent_1:子块:doc_2_parent_1_child_5
2026-07-27 15:54:18,770 - WARNING - D:\WorkSpace\Education-RAG\rag_qa\core\document_processor.py - process_documents - document_processor - 149 - ====================================================================================================
2026-07-27 15:54:18,770 - INFO - D:\WorkSpace\Education-RAG\rag_qa\core\document_processor.py - process_documents - document_processor - 148 - 处理文档成功:父块doc_2_parent_2:子块:doc_2_parent_2_child_0
2026-07-27 15:54:18,770 - WARNING - D:\WorkSpace\Education-RAG\rag_qa\core\document_processor.py - process_documents - document_processor - 149 - ====================================================================================================
2026-07-27 15:54:18,770 - INFO - D:\WorkSpace\Education-RAG\rag_qa\core\document_processor.py - process_documents - document_processor - 148 - 处理文档成功:父块doc_2_parent_2:子块:doc_2_parent_2_child_1
2026-07-27 15:54:18,770 - WARNING - D:\WorkSpace\Education-RAG\rag_qa\core\document_processor.py - process_documents - document_processor - 149 - ====================================================================================================
2026-07-27 15:54:18,770 - INFO - D:\WorkSpace\Education-RAG\rag_qa\core\document_processor.py - process_documents - document_processor - 148 - 处理文档成功:父块doc_2_parent_2:子块:doc_2_parent_2_child_2
2026-07-27 15:54:18,771 - WARNING - D:\WorkSpace\Education-RAG\rag_qa\core\document_processor.py - process_documents - document_processor - 149 - ====================================================================================================
2026-07-27 15:54:18,771 - INFO - D:\WorkSpace\Education-RAG\rag_qa\core\document_processor.py - process_documents - document_processor - 148 - 处理文档成功:父块doc_2_parent_2:子块:doc_2_parent_2_child_3
2026-07-27 15:54:18,771 - WARNING - D:\WorkSpace\Education-RAG\rag_qa\core\document_processor.py - process_documents - document_processor - 149 - ====================================================================================================
2026-07-27 15:54:18,771 - INFO - D:\WorkSpace\Education-RAG\rag_qa\core\document_processor.py - process_documents - document_processor - 148 - 处理文档成功:父块doc_2_parent_2:子块:doc_2_parent_2_child_4
2026-07-27 15:54:18,771 - WARNING - D:\WorkSpace\Education-RAG\rag_qa\core\document_processor.py - process_documents - document_processor - 149 - ====================================================================================================
2026-07-27 15:54:18,771 - INFO - D:\WorkSpace\Education-RAG\rag_qa\core\document_processor.py - process_documents - document_processor - 148 - 处理文档成功:父块doc_2_parent_2:子块:doc_2_parent_2_child_5
2026-07-27 15:54:18,771 - WARNING - D:\WorkSpace\Education-RAG\rag_qa\core\document_processor.py - process_documents - document_processor - 149 - ====================================================================================================
2026-07-27 15:54:18,772 - INFO - D:\WorkSpace\Education-RAG\rag_qa\core\document_processor.py - process_documents - document_processor - 148 - 处理文档成功:父块doc_2_parent_3:子块:doc_2_parent_3_child_0
2026-07-27 15:54:18,772 - WARNING - D:\WorkSpace\Education-RAG\rag_qa\core\document_processor.py - process_documents - document_processor - 149 - ====================================================================================================
2026-07-27 15:54:18,772 - INFO - D:\WorkSpace\Education-RAG\rag_qa\core\document_processor.py - process_documents - document_processor - 148 - 处理文档成功:父块doc_2_parent_4:子块:doc_2_parent_4_child_0
2026-07-27 15:54:18,772 - WARNING - D:\WorkSpace\Education-RAG\rag_qa\core\document_processor.py - process_documents - document_processor - 149 - ====================================================================================================
2026-07-27 15:54:18,772 - INFO - D:\WorkSpace\Education-RAG\rag_qa\core\document_processor.py - process_documents - document_processor - 148 - 处理文档成功:父块doc_2_parent_4:子块:doc_2_parent_4_child_1
2026-07-27 15:54:18,772 - WARNING - D:\WorkSpace\Education-RAG\rag_qa\core\document_processor.py - process_documents - document_processor - 149 - ====================================================================================================
2026-07-27 15:54:18,772 - INFO - D:\WorkSpace\Education-RAG\rag_qa\core\document_processor.py - process_documents - document_processor - 148 - 处理文档成功:父块doc_2_parent_4:子块:doc_2_parent_4_child_2
2026-07-27 15:54:18,772 - WARNING - D:\WorkSpace\Education-RAG\rag_qa\core\document_processor.py - process_documents - document_processor - 149 - ====================================================================================================
2026-07-27 15:54:18,772 - INFO - D:\WorkSpace\Education-RAG\rag_qa\core\document_processor.py - process_documents - document_processor - 148 - 处理文档成功:父块doc_3_parent_0:子块:doc_3_parent_0_child_0
2026-07-27 15:54:18,772 - WARNING - D:\WorkSpace\Education-RAG\rag_qa\core\document_processor.py - process_documents - document_processor - 149 - ====================================================================================================
2026-07-27 15:54:18,772 - INFO - D:\WorkSpace\Education-RAG\rag_qa\core\document_processor.py - process_documents - document_processor - 148 - 处理文档成功:父块doc_3_parent_0:子块:doc_3_parent_0_child_1
2026-07-27 15:54:18,772 - WARNING - D:\WorkSpace\Education-RAG\rag_qa\core\document_processor.py - process_documents - document_processor - 149 - ====================================================================================================
2026-07-27 15:54:18,772 - INFO - D:\WorkSpace\Education-RAG\rag_qa\core\document_processor.py - process_documents - document_processor - 148 - 处理文档成功:父块doc_3_parent_0:子块:doc_3_parent_0_child_2
2026-07-27 15:54:18,772 - WARNING - D:\WorkSpace\Education-RAG\rag_qa\core\document_processor.py - process_documents - document_processor - 149 - ====================================================================================================
2026-07-27 15:54:18,772 - INFO - D:\WorkSpace\Education-RAG\rag_qa\core\document_processor.py - process_documents - document_processor - 148 - 处理文档成功:父块doc_3_parent_0:子块:doc_3_parent_0_child_3
2026-07-27 15:54:18,772 - WARNING - D:\WorkSpace\Education-RAG\rag_qa\core\document_processor.py - process_documents - document_processor - 149 - ====================================================================================================
2026-07-27 15:54:18,772 - INFO - D:\WorkSpace\Education-RAG\rag_qa\core\document_processor.py - process_documents - document_processor - 148 - 处理文档成功:父块doc_3_parent_0:子块:doc_3_parent_0_child_4
2026-07-27 15:54:18,772 - WARNING - D:\WorkSpace\Education-RAG\rag_qa\core\document_processor.py - process_documents - document_processor - 149 - ====================================================================================================
2026-07-27 15:54:54,531 - INFO - D:\WorkSpace\Education-RAG\rag_qa\core\vector_store.py - add_documents - vector_store - 141 - 已插入 1 条数据到集合 edurag
2026-07-27 15:54:54,547 - INFO - D:\WorkSpace\Education-RAG\rag_qa\core\vector_store.py - add_documents - vector_store - 141 - 已插入 2 条数据到集合 edurag
2026-07-27 15:54:54,561 - INFO - D:\WorkSpace\Education-RAG\rag_qa\core\vector_store.py - add_documents - vector_store - 141 - 已插入 3 条数据到集合 edurag
2026-07-27 15:54:54,579 - INFO - D:\WorkSpace\Education-RAG\rag_qa\core\vector_store.py - add_documents - vector_store - 141 - 已插入 4 条数据到集合 edurag
2026-07-27 15:54:54,595 - INFO - D:\WorkSpace\Education-RAG\rag_qa\core\vector_store.py - add_documents - vector_store - 141 - 已插入 5 条数据到集合 edurag
2026-07-27 15:54:54,609 - INFO - D:\WorkSpace\Education-RAG\rag_qa\core\vector_store.py - add_documents - vector_store - 141 - 已插入 6 条数据到集合 edurag
2026-07-27 15:54:54,622 - INFO - D:\WorkSpace\Education-RAG\rag_qa\core\vector_store.py - add_documents - vector_store - 141 - 已插入 7 条数据到集合 edurag
2026-07-27 15:54:54,637 - INFO - D:\WorkSpace\Education-RAG\rag_qa\core\vector_store.py - add_documents - vector_store - 141 - 已插入 8 条数据到集合 edurag
2026-07-27 15:54:54,650 - INFO - D:\WorkSpace\Education-RAG\rag_qa\core\vector_store.py - add_documents - vector_store - 141 - 已插入 9 条数据到集合 edurag
2026-07-27 15:54:54,665 - INFO - D:\WorkSpace\Education-RAG\rag_qa\core\vector_store.py - add_documents - vector_store - 141 - 已插入 10 条数据到集合 edurag
2026-07-27 15:54:54,681 - INFO - D:\WorkSpace\Education-RAG\rag_qa\core\vector_store.py - add_documents - vector_store - 141 - 已插入 11 条数据到集合 edurag
2026-07-27 15:54:54,695 - INFO - D:\WorkSpace\Education-RAG\rag_qa\core\vector_store.py - add_documents - vector_store - 141 - 已插入 12 条数据到集合 edurag
2026-07-27 15:54:54,713 - INFO - D:\WorkSpace\Education-RAG\rag_qa\core\vector_store.py - add_documents - vector_store - 141 - 已插入 13 条数据到集合 edurag
2026-07-27 15:54:54,731 - INFO - D:\WorkSpace\Education-RAG\rag_qa\core\vector_store.py - add_documents - vector_store - 141 - 已插入 14 条数据到集合 edurag
2026-07-27 15:54:54,750 - INFO - D:\WorkSpace\Education-RAG\rag_qa\core\vector_store.py - add_documents - vector_store - 141 - 已插入 15 条数据到集合 edurag
2026-07-27 15:54:54,768 - INFO - D:\WorkSpace\Education-RAG\rag_qa\core\vector_store.py - add_documents - vector_store - 141 - 已插入 16 条数据到集合 edurag
2026-07-27 15:54:54,788 - INFO - D:\WorkSpace\Education-RAG\rag_qa\core\vector_store.py - add_documents - vector_store - 141 - 已插入 17 条数据到集合 edurag
2026-07-27 15:54:54,812 - INFO - D:\WorkSpace\Education-RAG\rag_qa\core\vector_store.py - add_documents - vector_store - 141 - 已插入 18 条数据到集合 edurag
2026-07-27 15:54:54,836 - INFO - D:\WorkSpace\Education-RAG\rag_qa\core\vector_store.py - add_documents - vector_store - 141 - 已插入 19 条数据到集合 edurag
2026-07-27 15:54:54,861 - INFO - D:\WorkSpace\Education-RAG\rag_qa\core\vector_store.py - add_documents - vector_store - 141 - 已插入 20 条数据到集合 edurag
2026-07-27 15:54:54,887 - INFO - D:\WorkSpace\Education-RAG\rag_qa\core\vector_store.py - add_documents - vector_store - 141 - 已插入 21 条数据到集合 edurag
2026-07-27 15:54:54,908 - INFO - D:\WorkSpace\Education-RAG\rag_qa\core\vector_store.py - add_documents - vector_store - 141 - 已插入 22 条数据到集合 edurag
2026-07-27 15:54:54,935 - INFO - D:\WorkSpace\Education-RAG\rag_qa\core\vector_store.py - add_documents - vector_store - 141 - 已插入 23 条数据到集合 edurag
2026-07-27 15:54:54,963 - INFO - D:\WorkSpace\Education-RAG\rag_qa\core\vector_store.py - add_documents - vector_store - 141 - 已插入 24 条数据到集合 edurag
2026-07-27 15:54:54,983 - INFO - D:\WorkSpace\Education-RAG\rag_qa\core\vector_store.py - add_documents - vector_store - 141 - 已插入 25 条数据到集合 edurag
2026-07-27 15:54:55,002 - INFO - D:\WorkSpace\Education-RAG\rag_qa\core\vector_store.py - add_documents - vector_store - 141 - 已插入 26 条数据到集合 edurag
2026-07-27 15:54:55,025 - INFO - D:\WorkSpace\Education-RAG\rag_qa\core\vector_store.py - add_documents - vector_store - 141 - 已插入 27 条数据到集合 edurag
2026-07-27 15:54:55,049 - INFO - D:\WorkSpace\Education-RAG\rag_qa\core\vector_store.py - add_documents - vector_store - 141 - 已插入 28 条数据到集合 edurag
2026-07-27 15:54:55,079 - INFO - D:\WorkSpace\Education-RAG\rag_qa\core\vector_store.py - add_documents - vector_store - 141 - 已插入 29 条数据到集合 edurag
2026-07-27 15:54:55,109 - INFO - D:\WorkSpace\Education-RAG\rag_qa\core\vector_store.py - add_documents - vector_store - 141 - 已插入 30 条数据到集合 edurag
2026-07-27 15:54:55,136 - INFO - D:\WorkSpace\Education-RAG\rag_qa\core\vector_store.py - add_documents - vector_store - 141 - 已插入 31 条数据到集合 edurag
2026-07-27 15:54:55,160 - INFO - D:\WorkSpace\Education-RAG\rag_qa\core\vector_store.py - add_documents - vector_store - 141 - 已插入 32 条数据到集合 edurag
2026-07-27 15:54:55,186 - INFO - D:\WorkSpace\Education-RAG\rag_qa\core\vector_store.py - add_documents - vector_store - 141 - 已插入 33 条数据到集合 edurag
2026-07-27 15:54:55,209 - INFO - D:\WorkSpace\Education-RAG\rag_qa\core\vector_store.py - add_documents - vector_store - 141 - 已插入 34 条数据到集合 edurag
2026-07-27 15:54:55,232 - INFO - D:\WorkSpace\Education-RAG\rag_qa\core\vector_store.py - add_documents - vector_store - 141 - 已插入 35 条数据到集合 edurag
2026-07-27 15:54:55,257 - INFO - D:\WorkSpace\Education-RAG\rag_qa\core\vector_store.py - add_documents - vector_store - 141 - 已插入 36 条数据到集合 edurag
2026-07-27 15:54:55,280 - INFO - D:\WorkSpace\Education-RAG\rag_qa\core\vector_store.py - add_documents - vector_store - 141 - 已插入 37 条数据到集合 edurag
2026-07-27 15:54:55,310 - INFO - D:\WorkSpace\Education-RAG\rag_qa\core\vector_store.py - add_documents - vector_store - 141 - 已插入 38 条数据到集合 edurag
2026-07-27 15:54:55,338 - INFO - D:\WorkSpace\Education-RAG\rag_qa\core\vector_store.py - add_documents - vector_store - 141 - 已插入 39 条数据到集合 edurag
2026-07-27 15:54:55,365 - INFO - D:\WorkSpace\Education-RAG\rag_qa\core\vector_store.py - add_documents - vector_store - 141 - 已插入 40 条数据到集合 edurag
2026-07-27 15:54:55,399 - INFO - D:\WorkSpace\Education-RAG\rag_qa\core\vector_store.py - add_documents - vector_store - 141 - 已插入 41 条数据到集合 edurag
2026-07-27 15:54:55,431 - INFO - D:\WorkSpace\Education-RAG\rag_qa\core\vector_store.py - add_documents - vector_store - 141 - 已插入 42 条数据到集合 edurag
2026-07-27 15:54:55,464 - INFO - D:\WorkSpace\Education-RAG\rag_qa\core\vector_store.py - add_documents - vector_store - 141 - 已插入 43 条数据到集合 edurag
2026-07-27 15:54:55,500 - INFO - D:\WorkSpace\Education-RAG\rag_qa\core\vector_store.py - add_documents - vector_store - 141 - 已插入 44 条数据到集合 edurag
2026-07-27 15:54:55,528 - INFO - D:\WorkSpace\Education-RAG\rag_qa\core\vector_store.py - add_documents - vector_store - 141 - 已插入 45 条数据到集合 edurag
2026-07-27 15:54:55,553 - INFO - D:\WorkSpace\Education-RAG\rag_qa\core\vector_store.py - add_documents - vector_store - 141 - 已插入 46 条数据到集合 edurag
2026-07-27 15:54:55,609 - INFO - D:\WorkSpace\Education-RAG\rag_qa\core\vector_store.py - add_documents - vector_store - 141 - 已插入 47 条数据到集合 edurag
2026-07-27 15:54:55,659 - INFO - D:\WorkSpace\Education-RAG\rag_qa\core\vector_store.py - add_documents - vector_store - 141 - 已插入 48 条数据到集合 edurag
2026-07-27 15:54:55,751 - INFO - D:\WorkSpace\Education-RAG\rag_qa\core\vector_store.py - add_documents - vector_store - 141 - 已插入 49 条数据到集合 edurag
2026-07-27 15:54:55,799 - INFO - D:\WorkSpace\Education-RAG\rag_qa\core\vector_store.py - add_documents - vector_store - 141 - 已插入 50 条数据到集合 edurag
2026-07-27 15:54:55,835 - INFO - D:\WorkSpace\Education-RAG\rag_qa\core\vector_store.py - add_documents - vector_store - 141 - 已插入 51 条数据到集合 edurag
2026-07-27 15:54:55,877 - INFO - D:\WorkSpace\Education-RAG\rag_qa\core\vector_store.py - add_documents - vector_store - 141 - 已插入 52 条数据到集合 edurag
2026-07-27 15:54:55,926 - INFO - D:\WorkSpace\Education-RAG\rag_qa\core\vector_store.py - add_documents - vector_store - 141 - 已插入 53 条数据到集合 edurag
2026-07-27 15:54:55,974 - INFO - D:\WorkSpace\Education-RAG\rag_qa\core\vector_store.py - add_documents - vector_store - 141 - 已插入 54 条数据到集合 edurag
2026-07-27 15:54:56,018 - INFO - D:\WorkSpace\Education-RAG\rag_qa\core\vector_store.py - add_documents - vector_store - 141 - 已插入 55 条数据到集合 edurag
2026-07-27 15:54:56,074 - INFO - D:\WorkSpace\Education-RAG\rag_qa\core\vector_store.py - add_documents - vector_store - 141 - 已插入 56 条数据到集合 edurag
2026-07-27 15:54:56,112 - INFO - D:\WorkSpace\Education-RAG\rag_qa\core\vector_store.py - add_documents - vector_store - 141 - 已插入 57 条数据到集合 edurag
2026-07-27 15:54:56,166 - INFO - D:\WorkSpace\Education-RAG\rag_qa\core\vector_store.py - add_documents - vector_store - 141 - 已插入 58 条数据到集合 edurag
2026-07-27 15:54:56,213 - INFO - D:\WorkSpace\Education-RAG\rag_qa\core\vector_store.py - add_documents - vector_store - 141 - 已插入 59 条数据到集合 edurag
2026-07-27 15:54:56,252 - INFO - D:\WorkSpace\Education-RAG\rag_qa\core\vector_store.py - add_documents - vector_store - 141 - 已插入 60 条数据到集合 edurag
2026-07-27 15:54:56,288 - INFO - D:\WorkSpace\Education-RAG\rag_qa\core\vector_store.py - add_documents - vector_store - 141 - 已插入 61 条数据到集合 edurag
2026-07-27 15:54:56,325 - INFO - D:\WorkSpace\Education-RAG\rag_qa\core\vector_store.py - add_documents - vector_store - 141 - 已插入 62 条数据到集合 edurag
2026-07-27 15:54:56,359 - INFO - D:\WorkSpace\Education-RAG\rag_qa\core\vector_store.py - add_documents - vector_store - 141 - 已插入 63 条数据到集合 edurag
2026-07-27 15:54:56,393 - INFO - D:\WorkSpace\Education-RAG\rag_qa\core\vector_store.py - add_documents - vector_store - 141 - 已插入 64 条数据到集合 edurag
2026-07-27 15:54:56,432 - INFO - D:\WorkSpace\Education-RAG\rag_qa\core\vector_store.py - add_documents - vector_store - 141 - 已插入 65 条数据到集合 edurag
2026-07-27 15:54:56,479 - INFO - D:\WorkSpace\Education-RAG\rag_qa\core\vector_store.py - add_documents - vector_store - 141 - 已插入 66 条数据到集合 edurag
2026-07-27 15:54:56,526 - INFO - D:\WorkSpace\Education-RAG\rag_qa\core\vector_store.py - add_documents - vector_store - 141 - 已插入 67 条数据到集合 edurag
2026-07-27 15:54:56,571 - INFO - D:\WorkSpace\Education-RAG\rag_qa\core\vector_store.py - add_documents - vector_store - 141 - 已插入 68 条数据到集合 edurag
2026-07-27 15:54:56,611 - INFO - D:\WorkSpace\Education-RAG\rag_qa\core\vector_store.py - add_documents - vector_store - 141 - 已插入 69 条数据到集合 edurag
2026-07-27 15:54:56,649 - INFO - D:\WorkSpace\Education-RAG\rag_qa\core\vector_store.py - add_documents - vector_store - 141 - 已插入 70 条数据到集合 edurag
2026-07-27 15:54:56,689 - INFO - D:\WorkSpace\Education-RAG\rag_qa\core\vector_store.py - add_documents - vector_store - 141 - 已插入 71 条数据到集合 edurag
2026-07-27 15:54:56,733 - INFO - D:\WorkSpace\Education-RAG\rag_qa\core\vector_store.py - add_documents - vector_store - 141 - 已插入 72 条数据到集合 edurag
2026-07-27 15:54:56,772 - INFO - D:\WorkSpace\Education-RAG\rag_qa\core\vector_store.py - add_documents - vector_store - 141 - 已插入 73 条数据到集合 edurag
2026-07-27 15:54:56,807 - INFO - D:\WorkSpace\Education-RAG\rag_qa\core\vector_store.py - add_documents - vector_store - 141 - 已插入 74 条数据到集合 edurag
2026-07-27 15:54:56,856 - INFO - D:\WorkSpace\Education-RAG\rag_qa\core\vector_store.py - add_documents - vector_store - 141 - 已插入 75 条数据到集合 edurag
2026-07-27 15:54:56,901 - INFO - D:\WorkSpace\Education-RAG\rag_qa\core\vector_store.py - add_documents - vector_store - 141 - 已插入 76 条数据到集合 edurag
2026-07-27 15:54:56,948 - INFO - D:\WorkSpace\Education-RAG\rag_qa\core\vector_store.py - add_documents - vector_store - 141 - 已插入 77 条数据到集合 edurag
2026-07-27 15:54:57,045 - INFO - D:\WorkSpace\Education-RAG\rag_qa\core\vector_store.py - add_documents - vector_store - 141 - 已插入 78 条数据到集合 edurag
2026-07-27 15:54:57,100 - INFO - D:\WorkSpace\Education-RAG\rag_qa\core\vector_store.py - add_documents - vector_store - 141 - 已插入 79 条数据到集合 edurag
2026-07-27 15:54:57,152 - INFO - D:\WorkSpace\Education-RAG\rag_qa\core\vector_store.py - add_documents - vector_store - 141 - 已插入 80 条数据到集合 edurag
2026-07-27 15:54:57,198 - INFO - D:\WorkSpace\Education-RAG\rag_qa\core\vector_store.py - add_documents - vector_store - 141 - 已插入 81 条数据到集合 edurag
2026-07-27 15:54:57,240 - INFO - D:\WorkSpace\Education-RAG\rag_qa\core\vector_store.py - add_documents - vector_store - 141 - 已插入 82 条数据到集合 edurag
2026-07-27 15:54:57,290 - INFO - D:\WorkSpace\Education-RAG\rag_qa\core\vector_store.py - add_documents - vector_store - 141 - 已插入 83 条数据到集合 edurag
2026-07-27 15:54:57,337 - INFO - D:\WorkSpace\Education-RAG\rag_qa\core\vector_store.py - add_documents - vector_store - 141 - 已插入 84 条数据到集合 edurag
2026-07-27 15:54:57,387 - INFO - D:\WorkSpace\Education-RAG\rag_qa\core\vector_store.py - add_documents - vector_store - 141 - 已插入 85 条数据到集合 edurag
2026-07-27 15:54:57,451 - INFO - D:\WorkSpace\Education-RAG\rag_qa\core\vector_store.py - add_documents - vector_store - 141 - 已插入 86 条数据到集合 edurag
2026-07-27 15:54:57,503 - INFO - D:\WorkSpace\Education-RAG\rag_qa\core\vector_store.py - add_documents - vector_store - 141 - 已插入 87 条数据到集合 edurag
2026-07-27 15:54:57,555 - INFO - D:\WorkSpace\Education-RAG\rag_qa\core\vector_store.py - add_documents - vector_store - 141 - 已插入 88 条数据到集合 edurag
2026-07-27 15:54:57,605 - INFO - D:\WorkSpace\Education-RAG\rag_qa\core\vector_store.py - add_documents - vector_store - 141 - 已插入 89 条数据到集合 edurag
2026-07-27 15:54:57,658 - INFO - D:\WorkSpace\Education-RAG\rag_qa\core\vector_store.py - add_documents - vector_store - 141 - 已插入 90 条数据到集合 edurag
2026-07-27 15:54:57,709 - INFO - D:\WorkSpace\Education-RAG\rag_qa\core\vector_store.py - add_documents - vector_store - 141 - 已插入 91 条数据到集合 edurag
2026-07-27 15:54:57,757 - INFO - D:\WorkSpace\Education-RAG\rag_qa\core\vector_store.py - add_documents - vector_store - 141 - 已插入 92 条数据到集合 edurag
2026-07-27 15:54:57,806 - INFO - D:\WorkSpace\Education-RAG\rag_qa\core\vector_store.py - add_documents - vector_store - 141 - 已插入 93 条数据到集合 edurag
2026-07-27 15:54:57,850 - INFO - D:\WorkSpace\Education-RAG\rag_qa\core\vector_store.py - add_documents - vector_store - 141 - 已插入 94 条数据到集合 edurag
2026-07-27 15:54:57,897 - INFO - D:\WorkSpace\Education-RAG\rag_qa\core\vector_store.py - add_documents - vector_store - 141 - 已插入 95 条数据到集合 edurag
2026-07-27 15:54:57,954 - INFO - D:\WorkSpace\Education-RAG\rag_qa\core\vector_store.py - add_documents - vector_store - 141 - 已插入 96 条数据到集合 edurag
2026-07-27 15:54:58,007 - INFO - D:\WorkSpace\Education-RAG\rag_qa\core\vector_store.py - add_documents - vector_store - 141 - 已插入 97 条数据到集合 edurag
2026-07-27 15:54:58,065 - INFO - D:\WorkSpace\Education-RAG\rag_qa\core\vector_store.py - add_documents - vector_store - 141 - 已插入 98 条数据到集合 edurag
2026-07-27 15:54:58,114 - INFO - D:\WorkSpace\Education-RAG\rag_qa\core\vector_store.py - add_documents - vector_store - 141 - 已插入 99 条数据到集合 edurag
2026-07-27 15:54:58,166 - INFO - D:\WorkSpace\Education-RAG\rag_qa\core\vector_store.py - add_documents - vector_store - 141 - 已插入 100 条数据到集合 edurag
2026-07-27 15:54:58,211 - INFO - D:\WorkSpace\Education-RAG\rag_qa\core\vector_store.py - add_documents - vector_store - 141 - 已插入 101 条数据到集合 edurag
2026-07-27 15:54:58,265 - INFO - D:\WorkSpace\Education-RAG\rag_qa\core\vector_store.py - add_documents - vector_store - 141 - 已插入 102 条数据到集合 edurag
2026-07-27 15:54:58,318 - INFO - D:\WorkSpace\Education-RAG\rag_qa\core\vector_store.py - add_documents - vector_store - 141 - 已插入 103 条数据到集合 edurag
2026-07-27 15:54:58,377 - INFO - D:\WorkSpace\Education-RAG\rag_qa\core\vector_store.py - add_documents - vector_store - 141 - 已插入 104 条数据到集合 edurag
2026-07-27 15:54:58,437 - INFO - D:\WorkSpace\Education-RAG\rag_qa\core\vector_store.py - add_documents - vector_store - 141 - 已插入 105 条数据到集合 edurag
2026-07-27 15:54:58,500 - INFO - D:\WorkSpace\Education-RAG\rag_qa\core\vector_store.py - add_documents - vector_store - 141 - 已插入 106 条数据到集合 edurag
2026-07-27 15:54:58,567 - INFO - D:\WorkSpace\Education-RAG\rag_qa\core\vector_store.py - add_documents - vector_store - 141 - 已插入 107 条数据到集合 edurag
2026-07-27 15:54:58,625 - INFO - D:\WorkSpace\Education-RAG\rag_qa\core\vector_store.py - add_documents - vector_store - 141 - 已插入 108 条数据到集合 edurag
2026-07-27 15:54:58,683 - INFO - D:\WorkSpace\Education-RAG\rag_qa\core\vector_store.py - add_documents - vector_store - 141 - 已插入 109 条数据到集合 edurag
2026-07-27 15:54:58,742 - INFO - D:\WorkSpace\Education-RAG\rag_qa\core\vector_store.py - add_documents - vector_store - 141 - 已插入 110 条数据到集合 edurag
2026-07-27 15:54:58,796 - INFO - D:\WorkSpace\Education-RAG\rag_qa\core\vector_store.py - add_documents - vector_store - 141 - 已插入 111 条数据到集合 edurag
2026-07-27 15:54:58,853 - INFO - D:\WorkSpace\Education-RAG\rag_qa\core\vector_store.py - add_documents - vector_store - 141 - 已插入 112 条数据到集合 edurag
2026-07-27 15:54:58,910 - INFO - D:\WorkSpace\Education-RAG\rag_qa\core\vector_store.py - add_documents - vector_store - 141 - 已插入 113 条数据到集合 edurag
2026-07-27 15:54:58,989 - INFO - D:\WorkSpace\Education-RAG\rag_qa\core\vector_store.py - add_documents - vector_store - 141 - 已插入 114 条数据到集合 edurag
2026-07-27 15:54:59,051 - INFO - D:\WorkSpace\Education-RAG\rag_qa\core\vector_store.py - add_documents - vector_store - 141 - 已插入 115 条数据到集合 edurag
2026-07-27 15:54:59,128 - INFO - D:\WorkSpace\Education-RAG\rag_qa\core\vector_store.py - add_documents - vector_store - 141 - 已插入 116 条数据到集合 edurag
2026-07-27 15:54:59,189 - INFO - D:\WorkSpace\Education-RAG\rag_qa\core\vector_store.py - add_documents - vector_store - 141 - 已插入 117 条数据到集合 edurag
2026-07-27 15:54:59,261 - INFO - D:\WorkSpace\Education-RAG\rag_qa\core\vector_store.py - add_documents - vector_store - 141 - 已插入 118 条数据到集合 edurag
2026-07-27 15:54:59,317 - INFO - D:\WorkSpace\Education-RAG\rag_qa\core\vector_store.py - add_documents - vector_store - 141 - 已插入 119 条数据到集合 edurag
2026-07-27 15:54:59,380 - INFO - D:\WorkSpace\Education-RAG\rag_qa\core\vector_store.py - add_documents - vector_store - 141 - 已插入 120 条数据到集合 edurag
2026-07-27 15:54:59,447 - INFO - D:\WorkSpace\Education-RAG\rag_qa\core\vector_store.py - add_documents - vector_store - 141 - 已插入 121 条数据到集合 edurag
2026-07-27 15:54:59,511 - INFO - D:\WorkSpace\Education-RAG\rag_qa\core\vector_store.py - add_documents - vector_store - 141 - 已插入 122 条数据到集合 edurag
2026-07-27 15:54:59,579 - INFO - D:\WorkSpace\Education-RAG\rag_qa\core\vector_store.py - add_documents - vector_store - 141 - 已插入 123 条数据到集合 edurag
2026-07-27 15:54:59,641 - INFO - D:\WorkSpace\Education-RAG\rag_qa\core\vector_store.py - add_documents - vector_store - 141 - 已插入 124 条数据到集合 edurag
2026-07-27 15:54:59,707 - INFO - D:\WorkSpace\Education-RAG\rag_qa\core\vector_store.py - add_documents - vector_store - 141 - 已插入 125 条数据到集合 edurag
2026-07-27 15:54:59,772 - INFO - D:\WorkSpace\Education-RAG\rag_qa\core\vector_store.py - add_documents - vector_store - 141 - 已插入 126 条数据到集合 edurag
2026-07-27 15:54:59,855 - INFO - D:\WorkSpace\Education-RAG\rag_qa\core\vector_store.py - add_documents - vector_store - 141 - 已插入 127 条数据到集合 edurag
2026-07-27 15:54:59,990 - INFO - D:\WorkSpace\Education-RAG\rag_qa\core\vector_store.py - add_documents - vector_store - 141 - 已插入 128 条数据到集合 edurag
2026-07-27 16:25:25,579 - INFO - D:\WorkSpace\Education-RAG\rag_qa\core\vector_store.py - _create_or_load_collection - vector_store - 109 - 已加载集合 edurag
2026-07-27 16:25:44,981 - INFO - D:\WorkSpace\Education-RAG\rag_qa\core\vector_store.py - _create_or_load_collection - vector_store - 109 - 已加载集合 edurag
2026-07-27 16:27:30,288 - INFO - D:\WorkSpace\Education-RAG\rag_qa\core\vector_store.py - _create_or_load_collection - vector_store - 109 - 已加载集合 edurag
2026-07-27 16:31:50,713 - INFO - D:\WorkSpace\Education-RAG\rag_qa\core\vector_store.py - _create_or_load_collection - vector_store - 109 - 已加载集合 edurag
2026-07-27 16:32:43,368 - INFO - D:\WorkSpace\Education-RAG\rag_qa\core\vector_store.py - _create_or_load_collection - vector_store - 109 - 已加载集合 edurag
2026-07-27 16:34:04,128 - INFO - D:\WorkSpace\Education-RAG\rag_qa\core\vector_store.py - _create_or_load_collection - vector_store - 109 - 已加载集合 edurag
2026-07-27 16:35:58,483 - INFO - D:\WorkSpace\Education-RAG\rag_qa\core\vector_store.py - _create_or_load_collection - vector_store - 109 - 已加载集合 edurag
2026-07-27 16:39:18,111 - INFO - D:\WorkSpace\Education-RAG\rag_qa\core\vector_store.py - _create_or_load_collection - vector_store - 109 - 已加载集合 edurag
2026-07-27 16:40:03,210 - INFO - D:\WorkSpace\Education-RAG\rag_qa\core\vector_store.py - _create_or_load_collection - vector_store - 109 - 已加载集合 edurag
2026-07-27 17:58:13,395 - INFO - D:\WorkSpace\Education-RAG\rag_qa\core\vector_store.py - _create_or_load_collection - vector_store - 109 - 已加载集合 edurag
2026-07-27 18:09:44,355 - INFO - D:\WorkSpace\Education-RAG\rag_qa\core\vector_store.py - _create_or_load_collection - vector_store - 109 - 已加载集合 edurag
2026-07-27 18:16:48,158 - INFO - D:\WorkSpace\Education-RAG\rag_qa\core\vector_store.py - _create_or_load_collection - vector_store - 109 - 已加载集合 edurag
2026-07-27 19:36:45,212 - INFO - D:\WorkSpace\Education-RAG\rag_qa\core\vector_store.py - _create_or_load_collection - vector_store - 109 - 已加载集合 edurag
2026-07-27 19:47:33,388 - INFO - D:\WorkSpace\Education-RAG\rag_qa\core\vector_store.py - _create_or_load_collection - vector_store - 109 - 已加载集合 edurag
2026-07-29 08:37:45,140 - INFO - D:\WorkSpace\Education-RAG\rag_qa\core\vector_store.py - _create_or_load_collection - vector_store - 109 - 已加载集合 edurag
2026-07-29 10:25:58,129 - INFO - D:\WorkSpace\Education-RAG\rag_qa\core\strategy_selector.py - select_strategy - strategy_selector - 31 - 用户问题: 如何使用OpenAI?, 模型返回: 使用 OpenAI 的方式主要取决于你的身份和需求。一般来说，可以分为**普通用户（直接使用产品）** 和**开发者/企业（通过 API 接入）** 两种途径。

以下是全面的使用指南：

---

### 一、 面向普通用户（直接使用官方产品）

如果你不需要写代码，只是想体验 AI 的能力，可以直接使用 OpenAI 的官方消费级产品：

1. **ChatGPT (文本/对话/逻辑)**
   * **用途**：问答、写作、翻译、代码辅助、数据分析等。
   * **使用方式**：访问 [chat.openai.com](https://chat.openai.com)。注册账号即可免费使用基础模型（如 GPT-4o mini）。
   * **进阶**：订阅 ChatGPT Plus（每月 20 美元）可使用更强大的 GPT-4o、高级数据分析、DALL-E 3 画图等功能。
2. **DALL-E 3 (图像生成)**
   * **用途**：根据文字提示生成高质量图片。
   * **使用方式**：目前主要集成在 ChatGPT Plus 的对话中，直接让 ChatGPT 帮你画图即可。
3. **Sora (视频生成)**
   * **用途**：根据文本生成逼真的视频。
   * **使用方式**：目前仍在逐步测试和开放阶段，主要面向 ChatGPT Plus/Pro 用户及特定创作者。
4. **Whisper (语音转文字)**
   * **用途**：高精度的语音识别和翻译。可通过第三方集成了 Whisper 的软件使用。

---

### 二、 面向开发者（通过 API 接入）

如果你想将 OpenAI 的能力集成到自己的网站、App 或工作流中，需要使用 **OpenAI API**。

#### 核心步骤：
1. **注册开发者账号**：访问 [platform.openai.com](https://platform.openai.com) 并注册/登录。
2. **绑定支付方式**：API 是按量计费的（用多少扣多少）。你需要进入 `Billing` 页面绑定支持外币的信用卡（Visa/Mastercard）并充值（通常最低充值 5 美元）。
3. **创建 API Key**：进入 `API keys` 页面，点击 "Create new secret key"。**注意：API Key 只显示一次，请妥善保存，切勿泄露给他人或上传到公开代码库。**
4. **安装 SDK**：OpenAI 提供了 Python、Node.js 等主流语言的官方 SDK。以 Python 为例：
   ```bash
   pip install openai
   ```
5. **编写代码调用**：
   以下是使用最新 Python SDK 调用 **GPT-4o** 的示例代码：

   ```python
   from openai import OpenAI

   # 初始化客户端，建议将 API Key 放在环境变量中
   client = OpenAI(api_key="sk-xxxxxxxxxxxxxxxxxxxxxxxx")

   # 发送请求
   response = client.chat.completions.create(
       model="gpt-4o",  # 推荐使用最新模型
       messages=[
           {"role": "system", "content": "你是一个专业的Python助手。"},
           {"role": "user", "content": "如何用Python读取CSV文件？"}
       ],
       temperature=0.7 # 控制输出的随机性，0-2之间
   )

   # 打印结果
   print(response.choices[0].message.content)
   ```

---

### 三、 面向企业用户

如果你代表企业使用，需要考虑数据安全、合规性和团队协作：

1. **ChatGPT Team / Enterprise**：提供团队管理后台、更高的使用限额、更长的上下文窗口，且 Enterprise 版承诺不使用企业数据训练模型。
2. **Azure OpenAI Service**：
   * 微软 Azure 云提供的企业级服务。
   * **优势**：提供企业级的安全、合规、隐私保护，且与 Azure 生态无缝集成。
   * **适用场景**：对数据隐私要求极高、需要国内合规访问（通过特定渠道）的大型企业。

---

### 四、 ⚠️ 核心注意事项（避坑指南）

#### 1. 网络与访问限制（针对中国大陆用户）
* OpenAI 的官方网站和 API **不对中国大陆地区开放直接访问**。
* **解决方案**：
  * 个人开发者/用户：通常需要配置合规的网络代理环境。
  * 企业/国内项目：建议使用 **Azure OpenAI**，或者寻找国内合规的第三方 API 代理/中转服务（需注意数据安全和稳定性风险），或者直接调用国内大模型（如文心一言、通义千问、Kimi、智谱等）的 API 作为替代。

#### 2. 账号封禁风险
* **不要使用虚拟信用卡**充值 API，OpenAI 风控极严，使用虚拟卡（如 Dupay、Nobepay 等）极易导致账号被封且余额不退。建议使用实体外币信用卡。
* 避免在 API 中生成违反 OpenAI 使用政策的内容（如暴力、色情、恶意代码等）。

#### 3. 成本控制
* API 调用是实时扣费的。如果你的应用面向公众，**务必在代码中设置速率限制（Rate Limit）**，并在 OpenAI 后台设置 **Usage Limits（使用额度上限）**，防止被恶意刷接口导致“一夜破产”。

#### 4. 数据隐私
* 默认情况下，通过 API 发送的数据**不会**用于训练 OpenAI 的公共模型（这与免费的 ChatGPT 网页版不同）。
* 但是，依然**不要**通过 API 发送极其敏感的个人隐私数据或核心商业机密，除非你使用的是 ChatGPT Enterprise 或 Azure OpenAI。

---

**总结建议**：
* 如果你是**尝鲜者**：直接注册 ChatGPT 网页版。
* 如果你是**程序员**：去 Platform 充值拿 Key，看官方文档（docs.openai.com）调 API。
* 如果你是**国内企业**：优先考虑 Azure OpenAI 或国内头部大模型的 API。
2026-07-29 10:28:30,867 - INFO - D:\WorkSpace\Education-RAG\rag_qa\core\strategy_selector.py - select_strategy - strategy_selector - 31 - 用户问题: 如何使用OpenAI?, 模型返回: 使用 OpenAI 主要分为两种途径：**作为普通用户直接使用其产品**（如 ChatGPT），以及**作为开发者通过 API 将其集成到自己的应用中**。

以下是详细的使用指南：

---

### 一、 作为普通用户使用（无需编程）

如果你只是想体验 AI 对话、生成图像或处理文档，可以直接使用 OpenAI 的官方产品。

1. **ChatGPT（文本对话）**
   * **访问地址**：[chat.openai.com](https://chat.openai.com)
   * **功能**：日常问答、文案撰写、代码辅助、数据分析（Advanced Data Analysis）、长文档总结等。
   * **版本**：免费版使用 GPT-3.5 和部分 GPT-4o 额度；Plus 会员（$20/月）可无限制使用 GPT-4o、GPT-4o mini 及高级功能。
2. **其他官方产品**
   * **DALL-E 3**：内置在 ChatGPT 中，可通过对话直接生成高质量图像。
   * **Sora**：视频生成模型（目前仅对部分测试用户和创作者开放）。
   * **Whisper**：语音转文字模型（可通过第三方工具或 API 使用）。

> **⚠️ 国内用户注意**：访问 OpenAI 官方产品需要**科学上网**，且注册时通常需要**非中国大陆的手机号**（如 +1 美国、+44 英国等）进行验证。

---

### 二、 作为开发者使用（API 接入）

如果你想在自己的网站、App 或工作流中接入 OpenAI 的能力，需要使用 **OpenAI API**。

#### 1. 准备工作
* **注册开发者账号**：访问 [platform.openai.com](https://platform.openai.com)。
* **绑定支付方式**：OpenAI API 是**预付费**的（按 Token 消耗扣费）。需要绑定支持外币的信用卡（Visa/Mastercard）并充值（最低 $5）。
* **获取 API Key**：在后台的 `API keys` 页面生成一个密钥。**请务必妥善保管，不要泄露给他人或上传到公开代码库（如 GitHub）。**

#### 2. 环境配置 (以 Python 为例)
安装官方的 Python SDK：
```bash
pip install openai
```

#### 3. 基础代码示例
以下是调用最新模型 `gpt-4o` 进行对话的 Python 示例：

```python
from openai import OpenAI

# 初始化客户端（建议将 API Key 放在环境变量中，不要硬编码）
client = OpenAI(api_key="sk-xxxxxxxxxxxxxxxxxxxxxxxx")

# 调用 Chat Completions API
response = client.chat.completions.create(
    model="gpt-4o",  # 推荐使用 gpt-4o 或性价比更高的 gpt-4o-mini
    messages=[
        {"role": "system", "content": "你是一个专业的Python编程助手。"},
        {"role": "user", "content": "用Python写一个快速排序算法。"}
    ],
    temperature=0.7 # 控制输出的随机性，0-2之间
)

# 打印结果
print(response.choices[0].message.content)
```

#### 4. 开发者进阶玩法
* **Assistants API**：用于构建复杂的 AI 助手，支持**代码解释器**（让 AI 自己写代码运行）、**知识检索 (RAG)**（上传 PDF/Word 让 AI 基于你的文档回答）和**函数调用 (Function Calling)**。
* **Embeddings (嵌入)**：将文本转化为向量，用于语义搜索、推荐系统或构建 RAG 应用。
* **Fine-tuning (微调)**：使用你自己的数据集对基础模型进行微调，使其在特定领域的表现更好。
* **图像与音频 API**：通过 API 调用 DALL-E 3 生成图片，或使用 TTS (Text-to-Speech) 和 Whisper 处理语音。

---

### 三、 国内用户的痛点与替代方案

由于网络限制、手机号验证和信用卡支付等门槛，国内开发者直接使用 OpenAI 官方 API 存在一定困难。以下是常见的解决方案：

#### 方案 A：使用 API 中转服务
国内有许多第三方服务商提供 OpenAI API 的中转代理。
* **优点**：支持支付宝/微信充值，无需海外信用卡，国内网络直连。
* **缺点**：存在数据隐私风险（数据会经过第三方服务器），且服务商可能跑路。
* **知名中转平台**：OpenRouter（国际知名，支持多种模型）、国内的一些 API 聚合平台（如 AiHubMix 等，需自行甄别）。

#### 方案 B：使用兼容 OpenAI 格式的国产大模型（强烈推荐）
目前国产大模型已经非常强大，且**全面兼容 OpenAI 的 API 格式**。你只需要把代码里的 `base_url` 和 `api_key` 换掉，**无需修改任何业务代码**即可无缝切换。

* **DeepSeek (深度求索)**：性价比极高，代码和逻辑能力媲美 GPT-4，API 价格非常便宜。
* **阿里 通义千问 (Qwen)**：开源且商用免费，API 价格极低，中文理解能力优秀。
* **智谱 AI (GLM)**：提供丰富的 API 和长文本处理能力。
* **月之暗面 (Kimi)**：擅长超长文本处理。

**切换示例（以 DeepSeek 为例）：**
```python
from openai import OpenAI

client = OpenAI(
    api_key="你的DeepSeek-API-Key",
    base_url="https://api.deepseek.com/v1" # 修改 base_url
)

# 下面的调用代码与 OpenAI 完全一致
response = client.chat.completions.create(
    model="deepseek-chat", 
    messages=[{"role": "user", "content": "你好"}]
)
```

---

### 四、 核心注意事项

1. **数据安全与隐私**：不要将公司的核心机密代码、用户隐私数据直接发送给 OpenAI API（除非你使用的是企业版并签署了数据不训练协议的合同）。
2. **账号风控**：OpenAI 对 IP 和支付卡的风控非常严格。使用官方 API 时，如果频繁更换 IP 或使用黑卡，极易被封号并扣除余额。
3. **成本控制**：API 是按 Token（字数）计费的。在开发测试阶段，建议使用 `gpt-4o-mini` 或 `gpt-3.5-turbo`，它们的价格非常便宜，等测试完毕后再切换到 `gpt-4o`。
4. **流式输出 (Streaming)**：在开发 Web 应用时，务必使用 `stream=True` 参数，实现打字机效果，否则用户需要等待几十秒才能看到完整回复，体验极差。

如果你是初学者，建议先从 **ChatGPT 网页版** 玩起；如果你是开发者，建议先注册一个 **DeepSeek 或 通义千问** 的 API 进行练手，跑通流程后再考虑是否需要接入原版 OpenAI。
2026-07-29 10:32:41,737 - INFO - D:\WorkSpace\Education-RAG\rag_qa\core\strategy_selector.py - select_strategy - strategy_selector - 31 - 用户问题: 如何使用OpenAI?, 模型返回: 使用 OpenAI 的方式主要取决于你的身份（**普通用户**、**开发者** 还是 **企业**）。以下是全面的使用指南：

---

### 一、 普通用户（无需编程，直接使用产品）

如果你只是想体验 AI 的能力，可以直接使用 OpenAI 官方提供的产品：

1. **ChatGPT**：
   - **用途**：日常对话、文章写作、翻译、代码辅助、数据分析等。
   - **版本**：免费版（使用 GPT-3.5 及部分 GPT-4o 额度）；Plus 会员（$20/月，无限制使用 GPT-4o、高级数据分析、DALL-E 3 画图、Sora 视频生成等）。
   - **访问方式**：访问 [chat.openai.com](https://chat.openai.com)。
2. **其他内置工具**：
   - **DALL-E 3**：在 ChatGPT 中直接输入提示词即可生成高质量图像。
   - **Advanced Data Analysis**：上传 Excel/CSV 文件，让 AI 帮你做数据分析和图表。
   - **Voice Mode**：在移动端 App 可以与 AI 进行实时语音对话。

---

### 二、 开发者（通过 API 接入自己的应用）

如果你想把 OpenAI 的能力集成到自己的网站、App 或工作流中，需要使用 **OpenAI API**。

#### 1. 准备工作
* **注册账号**：访问 [platform.openai.com](https://platform.openai.com) 注册账号。
* **获取 API Key**：在左侧菜单找到 `API keys`，创建一个新的 Secret Key（**务必妥善保存，页面刷新后将无法再次查看**）。
* **绑定支付方式**：在 `Billing` 中绑定信用卡并充值（API 是按量后付费的，需保证账户有余额）。

#### 2. 核心概念
* **Token**：API 计费的单位。大约 1000 个 Token 相当于 750 个英文单词，或 500 个中文字符。
* **模型选择**：
  - `gpt-4o` / `gpt-4o-mini`：目前最推荐的多模态模型，速度快、能力强、性价比高。
  - `gpt-4-turbo`：适合需要处理超长文本或复杂逻辑的任务。

#### 3. 代码调用示例（Python）
首先安装官方库：`pip install openai`

```python
from openai import OpenAI

# 初始化客户端
client = OpenAI(
    api_key="sk-xxxxxxxxxxxxxxxxxxxxxxxx", # 替换为你的 API Key
)

# 发送请求
completion = client.chat.completions.create(
    model="gpt-4o",
    messages=[
        {"role": "system", "content": "你是一个专业的中文翻译助手。"},
        {"role": "user", "content": "请将以下英文翻译成中文：'Hello, how are you?'"}
    ],
    temperature=0.7 # 控制输出的随机性，0-1之间
)

# 打印结果
print(completion.choices[0].message.content)
```

#### 4. 调试工具
在正式写代码前，强烈建议使用官方的 **Playground** (platform.openai.com/playground) 来测试你的 Prompt（提示词），调整参数直到满意后再转化为代码。

---

### 三、 企业用户

对于需要数据安全、合规和团队管理的企业，OpenAI 提供以下方案：

1. **ChatGPT Team / Enterprise**：
   - 提供团队管理控制台、更高的使用上限、企业级数据隐私保护（承诺不使用企业数据训练模型）。
2. **Azure OpenAI Service**：
   - 由微软 Azure 云提供。
   - **优势**：符合企业级安全合规要求，提供 SLA 保障，**国内企业可以通过微软中国合法申请使用**，无需解决网络和海外支付问题。

---

### 四、 ⚠️ 国内用户特别注意事项

如果你在中国大陆使用 OpenAI，需要克服以下几个门槛：

1. **网络环境**：
   - OpenAI 官网和 API 接口在国内无法直接访问，需要配置特定的网络代理（科学上网）。
2. **账号注册**：
   - 注册通常需要**海外手机号**接收验证码。可以通过接码平台购买，或使用实体海外手机卡。
3. **支付问题（API 充值）**：
   - OpenAI 不支持国内银联卡，且经常风控国内发行的 Visa/Mastercard 信用卡。
   - **解决方案**：使用支持外币的信用卡，或者使用第三方虚拟信用卡平台（如 WildCard、Depay 等，需注意平台手续费和安全性）。
4. **数据安全与合规**：
   - **绝对不要**将公司核心机密、用户隐私数据、敏感个人信息输入给 ChatGPT 或 API。
   - 遵守 OpenAI 的使用政策，禁止用于生成虚假信息、恶意软件等。

---

### 五、 替代方案（国内大模型）

如果你觉得使用 OpenAI 的网络和支付门槛太高，目前国内也有非常优秀的大模型可以直接使用，且无需特殊网络：

* **文本与逻辑**：Kimi (月之暗面)、通义千问 (阿里)、文心一言 (百度)、智谱清言 (GLM-4)、腾讯元宝。
* **开发者 API**：上述公司均提供开发者 API 平台，支持国内手机号注册和微信/支付宝付款，调用极其方便。

**总结**：
* 想**聊天/办公** -> 用 ChatGPT 网页版或国内平替。
* 想**做开发/写代码** -> 注册 OpenAI Platform 获取 API Key。
* 想**企业合规部署** -> 申请 Azure OpenAI 或国内大模型企业版。
2026-07-29 11:01:28,150 - INFO - D:\WorkSpace\Education-RAG\rag_qa\core\strategy_selector.py - select_strategy - strategy_selector - 73 - 用户问题: 如何使用OpenAI?, 模型返回: 假设问题检索
2026-07-29 11:02:01,759 - INFO - D:\WorkSpace\Education-RAG\rag_qa\core\strategy_selector.py - select_strategy - strategy_selector - 73 - 用户问题: 如何使用OpenAI?, 模型返回: 假设问题检索
2026-07-29 11:04:18,371 - INFO - D:\WorkSpace\Education-RAG\rag_qa\core\strategy_selector.py - select_strategy - strategy_selector - 74 - 用户问题: AI大模型学科学费多少?, 模型返回: 直接检索
2026-07-29 11:04:28,336 - INFO - D:\WorkSpace\Education-RAG\rag_qa\core\strategy_selector.py - select_strategy - strategy_selector - 74 - 用户问题: 如何使用OpenAI?, 模型返回: 假设问题检索
2026-07-29 11:04:31,713 - INFO - D:\WorkSpace\Education-RAG\rag_qa\core\strategy_selector.py - select_strategy - strategy_selector - 74 - 用户问题: Python和Java有什么缺点?, 模型返回: 子查询检索
2026-07-29 11:04:34,336 - INFO - D:\WorkSpace\Education-RAG\rag_qa\core\strategy_selector.py - select_strategy - strategy_selector - 74 - 用户问题: 我有一个包含 100 亿条记录的数据集，想把它存储到 Milvus 中进行查询。可以吗?, 模型返回: 回溯问题检索
2026-07-29 11:16:50,711 - INFO - D:\WorkSpace\Education-RAG\rag_qa\core\strategy_selector.py - select_strategy - strategy_selector - 73 - 用户问题: AI大模型学科学费多少?, 模型返回: 直接检索
2026-07-29 11:17:01,928 - INFO - D:\WorkSpace\Education-RAG\rag_qa\core\strategy_selector.py - select_strategy - strategy_selector - 73 - 用户问题: 如何使用OpenAI?, 模型返回: 假设问题检索
2026-07-29 11:17:06,002 - INFO - D:\WorkSpace\Education-RAG\rag_qa\core\strategy_selector.py - select_strategy - strategy_selector - 73 - 用户问题: Python和Java有什么缺点?, 模型返回: 子查询检索
2026-07-29 11:17:08,907 - INFO - D:\WorkSpace\Education-RAG\rag_qa\core\strategy_selector.py - select_strategy - strategy_selector - 73 - 用户问题: 我有一个包含 100 亿条记录的数据集，想把它存储到 Milvus 中进行查询。可以吗?, 模型返回: 回溯问题检索
2026-07-29 14:55:35,658 - INFO - D:\WorkSpace\Education-RAG\rag_qa\core\query_classifier.py - load_model - query_classifier - 44 - 正在初始化模型...
2026-07-29 14:55:36,128 - INFO - D:\WorkSpace\Education-RAG\rag_qa\core\query_classifier.py - load_model - query_classifier - 48 - 加载预训练模型成功, 预训练模型路径:D:\WorkSpace\Education-RAG\rag_qa/models\bert-base-chinese
2026-07-29 14:56:01,245 - INFO - D:\WorkSpace\Education-RAG\rag_qa\core\query_classifier.py - load_model - query_classifier - 41 - 加载模型成功, 模型路径: ../models/bert_query_classifier
2026-07-29 15:06:06,353 - INFO - D:\WorkSpace\Education-RAG\rag_qa\core\query_classifier.py - load_model - query_classifier - 45 - 正在初始化模型...
2026-07-29 15:06:06,637 - INFO - D:\WorkSpace\Education-RAG\rag_qa\core\query_classifier.py - load_model - query_classifier - 49 - 加载预训练模型成功, 预训练模型路径:D:\WorkSpace\Education-RAG\rag_qa/models\bert-base-chinese
2026-07-29 15:06:34,525 - INFO - D:\WorkSpace\Education-RAG\rag_qa\core\query_classifier.py - load_model - query_classifier - 45 - 正在初始化模型...
2026-07-29 15:06:34,963 - INFO - D:\WorkSpace\Education-RAG\rag_qa\core\query_classifier.py - load_model - query_classifier - 49 - 加载预训练模型成功, 预训练模型路径:D:\WorkSpace\Education-RAG\rag_qa/models\bert-base-chinese
2026-07-29 15:08:53,548 - INFO - D:\WorkSpace\Education-RAG\rag_qa\core\query_classifier.py - load_model - query_classifier - 45 - 正在初始化模型...
2026-07-29 15:08:54,159 - INFO - D:\WorkSpace\Education-RAG\rag_qa\core\query_classifier.py - load_model - query_classifier - 49 - 加载预训练模型成功, 预训练模型路径:D:\WorkSpace\Education-RAG\rag_qa/models\bert-base-chinese
2026-07-29 15:20:58,705 - INFO - D:\WorkSpace\Education-RAG\rag_qa\core\query_classifier.py - load_model - query_classifier - 49 - 正在初始化模型...
2026-07-29 15:20:59,072 - INFO - D:\WorkSpace\Education-RAG\rag_qa\core\query_classifier.py - load_model - query_classifier - 53 - 加载预训练模型成功, 预训练模型路径:D:\WorkSpace\Education-RAG\rag_qa/models\bert-base-chinese
2026-07-29 15:21:43,520 - INFO - D:\WorkSpace\Education-RAG\rag_qa\core\query_classifier.py - load_model - query_classifier - 49 - 正在初始化模型...
2026-07-29 15:21:43,876 - INFO - D:\WorkSpace\Education-RAG\rag_qa\core\query_classifier.py - load_model - query_classifier - 53 - 加载预训练模型成功, 预训练模型路径:D:\WorkSpace\Education-RAG\rag_qa/models\bert-base-chinese
2026-07-29 15:26:01,023 - INFO - D:\WorkSpace\Education-RAG\rag_qa\core\query_classifier.py - load_model - query_classifier - 48 - 正在初始化模型...
2026-07-29 15:26:01,346 - INFO - D:\WorkSpace\Education-RAG\rag_qa\core\query_classifier.py - load_model - query_classifier - 52 - 加载预训练模型成功, 预训练模型路径:D:\WorkSpace\Education-RAG\rag_qa/models\bert-base-chinese
2026-07-29 15:27:17,812 - INFO - D:\WorkSpace\Education-RAG\rag_qa\core\query_classifier.py - load_model - query_classifier - 48 - 正在初始化模型...
2026-07-29 15:27:18,069 - INFO - D:\WorkSpace\Education-RAG\rag_qa\core\query_classifier.py - load_model - query_classifier - 52 - 加载预训练模型成功, 预训练模型路径:D:\WorkSpace\Education-RAG\rag_qa/models\bert-base-chinese
2026-07-29 15:28:09,560 - INFO - D:\WorkSpace\Education-RAG\rag_qa\core\query_classifier.py - load_model - query_classifier - 48 - 正在初始化模型...
2026-07-29 15:28:09,828 - INFO - D:\WorkSpace\Education-RAG\rag_qa\core\query_classifier.py - load_model - query_classifier - 52 - 加载预训练模型成功, 预训练模型路径:D:\WorkSpace\Education-RAG\rag_qa/models\bert-base-chinese
2026-07-29 15:28:41,130 - INFO - D:\WorkSpace\Education-RAG\rag_qa\core\query_classifier.py - load_model - query_classifier - 48 - 正在初始化模型...
2026-07-29 15:28:41,381 - INFO - D:\WorkSpace\Education-RAG\rag_qa\core\query_classifier.py - load_model - query_classifier - 52 - 加载预训练模型成功, 预训练模型路径:D:\WorkSpace\Education-RAG\rag_qa/models\bert-base-chinese
2026-07-29 15:29:01,581 - INFO - D:\WorkSpace\Education-RAG\rag_qa\core\query_classifier.py - load_model - query_classifier - 48 - 正在初始化模型...
2026-07-29 15:29:01,921 - INFO - D:\WorkSpace\Education-RAG\rag_qa\core\query_classifier.py - load_model - query_classifier - 52 - 加载预训练模型成功, 预训练模型路径:D:\WorkSpace\Education-RAG\rag_qa/models\bert-base-chinese
2026-07-29 15:53:38,709 - INFO - D:\WorkSpace\Education-RAG\rag_qa\core\query_classifier.py - load_model - query_classifier - 62 - 正在初始化模型...
2026-07-29 15:53:39,245 - INFO - D:\WorkSpace\Education-RAG\rag_qa\core\query_classifier.py - load_model - query_classifier - 66 - 加载预训练模型成功, 预训练模型路径:D:\WorkSpace\Education-RAG\rag_qa/models\bert-base-chinese
2026-07-29 15:55:14,455 - INFO - D:\WorkSpace\Education-RAG\rag_qa\core\query_classifier.py - load_model - query_classifier - 62 - 正在初始化模型...
2026-07-29 15:55:14,733 - INFO - D:\WorkSpace\Education-RAG\rag_qa\core\query_classifier.py - load_model - query_classifier - 66 - 加载预训练模型成功, 预训练模型路径:D:\WorkSpace\Education-RAG\rag_qa/models\bert-base-chinese
2026-07-29 15:55:29,455 - INFO - D:\WorkSpace\Education-RAG\rag_qa\core\query_classifier.py - load_model - query_classifier - 62 - 正在初始化模型...
2026-07-29 15:55:29,783 - INFO - D:\WorkSpace\Education-RAG\rag_qa\core\query_classifier.py - load_model - query_classifier - 66 - 加载预训练模型成功, 预训练模型路径:D:\WorkSpace\Education-RAG\rag_qa/models\bert-base-chinese
2026-07-29 15:58:21,166 - INFO - D:\WorkSpace\Education-RAG\rag_qa\core\query_classifier.py - load_model - query_classifier - 64 - 正在初始化模型...
2026-07-29 15:58:21,429 - INFO - D:\WorkSpace\Education-RAG\rag_qa\core\query_classifier.py - load_model - query_classifier - 68 - 加载预训练模型成功, 预训练模型路径:D:\WorkSpace\Education-RAG\rag_qa/models\bert-base-chinese
2026-07-29 16:00:41,885 - INFO - D:\WorkSpace\Education-RAG\rag_qa\core\query_classifier.py - load_model - query_classifier - 65 - 正在初始化模型...
2026-07-29 16:00:42,245 - INFO - D:\WorkSpace\Education-RAG\rag_qa\core\query_classifier.py - load_model - query_classifier - 69 - 加载预训练模型成功, 预训练模型路径:D:\WorkSpace\Education-RAG\rag_qa/models\bert-base-chinese
2026-07-29 16:01:00,267 - INFO - D:\WorkSpace\Education-RAG\rag_qa\core\query_classifier.py - load_model - query_classifier - 65 - 正在初始化模型...
2026-07-29 16:01:00,609 - INFO - D:\WorkSpace\Education-RAG\rag_qa\core\query_classifier.py - load_model - query_classifier - 69 - 加载预训练模型成功, 预训练模型路径:D:\WorkSpace\Education-RAG\rag_qa/models\bert-base-chinese
2026-07-29 16:49:21,325 - INFO - D:\WorkSpace\Education-RAG\rag_qa\core\query_classifier.py - load_model - query_classifier - 65 - 正在初始化模型...
2026-07-29 16:49:21,762 - INFO - D:\WorkSpace\Education-RAG\rag_qa\core\query_classifier.py - load_model - query_classifier - 69 - 加载预训练模型成功, 预训练模型路径:D:\WorkSpace\Education-RAG\rag_qa/models\bert-base-chinese
2026-07-29 16:49:32,483 - INFO - D:\WorkSpace\Education-RAG\rag_qa\core\query_classifier.py - load_model - query_classifier - 65 - 正在初始化模型...
2026-07-29 16:49:32,708 - INFO - D:\WorkSpace\Education-RAG\rag_qa\core\query_classifier.py - load_model - query_classifier - 69 - 加载预训练模型成功, 预训练模型路径:D:\WorkSpace\Education-RAG\rag_qa/models\bert-base-chinese
2026-07-29 16:50:04,500 - INFO - D:\WorkSpace\Education-RAG\rag_qa\core\query_classifier.py - load_model - query_classifier - 65 - 正在初始化模型...
2026-07-29 16:50:04,742 - INFO - D:\WorkSpace\Education-RAG\rag_qa\core\query_classifier.py - load_model - query_classifier - 69 - 加载预训练模型成功, 预训练模型路径:D:\WorkSpace\Education-RAG\rag_qa/models\bert-base-chinese
2026-07-29 16:50:33,886 - INFO - D:\WorkSpace\Education-RAG\rag_qa\core\query_classifier.py - load_model - query_classifier - 65 - 正在初始化模型...
2026-07-29 16:50:34,167 - INFO - D:\WorkSpace\Education-RAG\rag_qa\core\query_classifier.py - load_model - query_classifier - 69 - 加载预训练模型成功, 预训练模型路径:D:\WorkSpace\Education-RAG\rag_qa/models\bert-base-chinese
2026-07-29 17:17:53,482 - INFO - D:\WorkSpace\Education-RAG\rag_qa\core\query_classifier.py - load_model - query_classifier - 62 - 加载模型成功, 模型路径: ../models/bert_query_classifier
2026-07-29 17:19:15,274 - INFO - D:\WorkSpace\Education-RAG\rag_qa\core\query_classifier.py - load_model - query_classifier - 62 - 加载模型成功, 模型路径: ../models/bert_query_classifier
2026-07-29 17:26:56,424 - INFO - D:\WorkSpace\Education-RAG\rag_qa\core\query_classifier.py - load_model - query_classifier - 62 - 加载模型成功, 模型路径: ../models/bert_query_classifier
2026-07-29 17:31:47,764 - INFO - D:\WorkSpace\Education-RAG\rag_qa\core\query_classifier.py - load_model - query_classifier - 62 - 加载模型成功, 模型路径: ../models/bert_query_classifier
2026-07-29 17:40:48,775 - INFO - D:\WorkSpace\Education-RAG\rag_qa\core\query_classifier.py - load_model - query_classifier - 65 - 正在初始化模型...
2026-07-29 17:40:49,201 - INFO - D:\WorkSpace\Education-RAG\rag_qa\core\query_classifier.py - load_model - query_classifier - 69 - 加载预训练模型成功, 预训练模型路径:D:\WorkSpace\Education-RAG\rag_qa/models\bert-base-chinese
2026-07-30 10:01:39,699 - INFO - D:\WorkSpace\Education-RAG\rag_qa\core\query_classifier.py - load_model - query_classifier - 65 - 正在初始化模型...
2026-07-30 10:01:40,128 - INFO - D:\WorkSpace\Education-RAG\rag_qa\core\query_classifier.py - load_model - query_classifier - 69 - 加载预训练模型成功, 预训练模型路径:D:\WorkSpace\Education-RAG\rag_qa/models\bert-base-chinese
2026-07-30 10:18:30,265 - INFO - D:\WorkSpace\Education-RAG\rag_qa\core\query_classifier.py - load_model - query_classifier - 63 - 加载模型成功, 模型路径: ../models/bert_query_classifier
2026-07-30 10:18:34,493 - INFO - D:\WorkSpace\Education-RAG\rag_qa\core\query_classifier.py - evaluate_model - query_classifier - 181 - 
              precision    recall  f1-score   support

        通用知识       1.00      0.96      0.98        25
        专业咨询       0.99      1.00      0.99        72

    accuracy                           0.99        97
   macro avg       0.99      0.98      0.99        97
weighted avg       0.99      0.99      0.99        97

2026-07-30 10:40:54,540 - INFO - D:\WorkSpace\Education-RAG\rag_qa\core\query_classifier.py - load_model - query_classifier - 63 - 加载模型成功, 模型路径: ../models/bert_query_classifier
2026-07-30 10:40:57,361 - INFO - D:\WorkSpace\Education-RAG\rag_qa\core\query_classifier.py - evaluate_model - query_classifier - 182 - 
              precision    recall  f1-score   support

        通用知识       1.00      0.96      0.98        25
        专业咨询       0.99      1.00      0.99        72

    accuracy                           0.99        97
   macro avg       0.99      0.98      0.99        97
weighted avg       0.99      0.99      0.99        97

2026-07-30 10:45:28,519 - INFO - D:\WorkSpace\Education-RAG\rag_qa\core\query_classifier.py - load_model - query_classifier - 63 - 加载模型成功, 模型路径: ../models/bert_query_classifier
2026-07-30 10:46:31,119 - INFO - D:\WorkSpace\Education-RAG\rag_qa\core\query_classifier.py - load_model - query_classifier - 63 - 加载模型成功, 模型路径: ../models/bert_query_classifier
2026-07-30 10:48:13,860 - INFO - D:\WorkSpace\Education-RAG\rag_qa\core\query_classifier.py - load_model - query_classifier - 63 - 加载模型成功, 模型路径: ../models/bert_query_classifier
2026-07-30 10:49:20,250 - INFO - D:\WorkSpace\Education-RAG\rag_qa\core\query_classifier.py - load_model - query_classifier - 63 - 加载模型成功, 模型路径: ../models/bert_query_classifier
2026-07-30 10:54:42,984 - INFO - D:\WorkSpace\Education-RAG\rag_qa\core\query_classifier.py - load_model - query_classifier - 63 - 加载模型成功, 模型路径: ../models/bert_query_classifier
2026-07-30 10:56:27,758 - INFO - D:\WorkSpace\Education-RAG\rag_qa\core\query_classifier.py - load_model - query_classifier - 63 - 加载模型成功, 模型路径: ../models/bert_query_classifier
2026-07-30 10:56:49,627 - INFO - D:\WorkSpace\Education-RAG\rag_qa\core\query_classifier.py - load_model - query_classifier - 63 - 加载模型成功, 模型路径: ../models/bert_query_classifier
2026-07-30 10:57:07,516 - INFO - D:\WorkSpace\Education-RAG\rag_qa\core\query_classifier.py - load_model - query_classifier - 63 - 加载模型成功, 模型路径: ../models/bert_query_classifier
2026-07-30 10:57:17,407 - INFO - D:\WorkSpace\Education-RAG\rag_qa\core\query_classifier.py - load_model - query_classifier - 63 - 加载模型成功, 模型路径: ../models/bert_query_classifier
2026-07-30 10:57:31,700 - INFO - D:\WorkSpace\Education-RAG\rag_qa\core\query_classifier.py - load_model - query_classifier - 63 - 加载模型成功, 模型路径: ../models/bert_query_classifier
2026-07-30 10:57:49,366 - INFO - D:\WorkSpace\Education-RAG\rag_qa\core\query_classifier.py - load_model - query_classifier - 63 - 加载模型成功, 模型路径: ../models/bert_query_classifier
2026-07-30 11:33:40,735 - INFO - D:\WorkSpace\Education-RAG\rag_qa\core\query_classifier.py - load_model - query_classifier - 63 - 加载模型成功, 模型路径: D:\WorkSpace\Education-RAG\rag_qa/models/bert_query_classifier
2026-07-30 11:33:40,763 - INFO - D:\WorkSpace\Education-RAG\rag_qa\core\rag_system.py - generate_answer - rag_system - 14 - 开始处理问题: 'AI学科的课程大纲是什么', 学科过滤: None
2026-07-30 11:33:41,212 - INFO - D:\WorkSpace\Education-RAG\rag_qa\core\rag_system.py - generate_answer - rag_system - 17 - 问题: AI学科的课程大纲是什么, 问题分类结果: 专业咨询
2026-07-30 11:50:29,510 - INFO - D:\WorkSpace\Education-RAG\rag_qa\core\query_classifier.py - load_model - query_classifier - 63 - 加载模型成功, 模型路径: D:\WorkSpace\Education-RAG\rag_qa/models/bert_query_classifier
2026-07-30 11:50:29,575 - INFO - D:\WorkSpace\Education-RAG\rag_qa\core\rag_system.py - generate_answer - rag_system - 21 - 开始处理问题: 'AI学科的课程大纲是什么', 学科过滤: None
2026-07-30 11:50:29,640 - INFO - D:\WorkSpace\Education-RAG\rag_qa\core\rag_system.py - generate_answer - rag_system - 24 - 问题: AI学科的课程大纲是什么, 问题分类结果: 专业咨询
2026-07-30 11:59:55,036 - INFO - D:\WorkSpace\Education-RAG\rag_qa\core\query_classifier.py - load_model - query_classifier - 63 - 加载模型成功, 模型路径: D:\WorkSpace\Education-RAG\rag_qa/models/bert_query_classifier
2026-07-30 11:59:55,086 - INFO - D:\WorkSpace\Education-RAG\rag_qa\core\rag_system.py - generate_answer - rag_system - 21 - 开始处理问题: 'AI学科的课程大纲是什么', 学科过滤: None
2026-07-30 11:59:55,150 - INFO - D:\WorkSpace\Education-RAG\rag_qa\core\rag_system.py - generate_answer - rag_system - 24 - 问题: AI学科的课程大纲是什么, 问题分类结果: 专业咨询
2026-07-30 12:04:47,941 - INFO - D:\WorkSpace\Education-RAG\rag_qa\core\query_classifier.py - load_model - query_classifier - 63 - 加载模型成功, 模型路径: D:\WorkSpace\Education-RAG\rag_qa/models/bert_query_classifier
2026-07-30 12:11:52,567 - INFO - D:\WorkSpace\Education-RAG\rag_qa\core\query_classifier.py - load_model - query_classifier - 63 - 加载模型成功, 模型路径: D:\WorkSpace\Education-RAG\rag_qa/models/bert_query_classifier
2026-07-30 12:12:36,053 - INFO - D:\WorkSpace\Education-RAG\rag_qa\core\query_classifier.py - load_model - query_classifier - 63 - 加载模型成功, 模型路径: D:\WorkSpace\Education-RAG\rag_qa/models/bert_query_classifier
2026-07-30 14:41:43,658 - INFO - D:\WorkSpace\Education-RAG\rag_qa\core\query_classifier.py - load_model - query_classifier - 63 - 加载模型成功, 模型路径: D:\WorkSpace\Education-RAG\rag_qa/models/bert_query_classifier
2026-07-30 14:45:29,563 - INFO - D:\WorkSpace\Education-RAG\rag_qa\core\query_classifier.py - load_model - query_classifier - 63 - 加载模型成功, 模型路径: D:\WorkSpace\Education-RAG\rag_qa/models/bert_query_classifier
2026-07-30 14:51:39,971 - INFO - D:\WorkSpace\Education-RAG\rag_qa\core\query_classifier.py - load_model - query_classifier - 63 - 加载模型成功, 模型路径: D:\WorkSpace\Education-RAG\rag_qa/models/bert_query_classifier
2026-07-30 14:54:06,421 - INFO - D:\WorkSpace\Education-RAG\rag_qa\core\query_classifier.py - load_model - query_classifier - 63 - 加载模型成功, 模型路径: D:\WorkSpace\Education-RAG\rag_qa/models/bert_query_classifier
2026-07-30 14:55:00,336 - INFO - D:\WorkSpace\Education-RAG\rag_qa\core\query_classifier.py - load_model - query_classifier - 63 - 加载模型成功, 模型路径: D:\WorkSpace\Education-RAG\rag_qa/models/bert_query_classifier
2026-07-30 14:55:50,153 - INFO - D:\WorkSpace\Education-RAG\rag_qa\core\query_classifier.py - load_model - query_classifier - 63 - 加载模型成功, 模型路径: D:\WorkSpace\Education-RAG\rag_qa/models/bert_query_classifier
2026-07-30 15:08:43,785 - INFO - D:\WorkSpace\Education-RAG\rag_qa\core\query_classifier.py - load_model - query_classifier - 63 - 加载模型成功, 模型路径: D:\WorkSpace\Education-RAG\rag_qa/models/bert_query_classifier
2026-07-30 15:11:51,029 - INFO - D:\WorkSpace\Education-RAG\rag_qa\core\query_classifier.py - load_model - query_classifier - 63 - 加载模型成功, 模型路径: D:\WorkSpace\Education-RAG\rag_qa/models/bert_query_classifier
2026-07-30 15:12:26,925 - INFO - D:\WorkSpace\Education-RAG\rag_qa\core\query_classifier.py - load_model - query_classifier - 63 - 加载模型成功, 模型路径: D:\WorkSpace\Education-RAG\rag_qa/models/bert_query_classifier
2026-07-30 15:14:22,729 - INFO - D:\WorkSpace\Education-RAG\rag_qa\core\query_classifier.py - load_model - query_classifier - 63 - 加载模型成功, 模型路径: D:\WorkSpace\Education-RAG\rag_qa/models/bert_query_classifier
2026-07-30 15:17:51,535 - INFO - D:\WorkSpace\Education-RAG\rag_qa\core\query_classifier.py - load_model - query_classifier - 63 - 加载模型成功, 模型路径: D:\WorkSpace\Education-RAG\rag_qa/models/bert_query_classifier
2026-07-30 15:19:09,736 - INFO - D:\WorkSpace\Education-RAG\rag_qa\core\strategy_selector.py - select_strategy - strategy_selector - 73 - 用户问题: AI大模型学科学费多少?, 模型返回: 直接检索
2026-07-30 15:19:17,890 - INFO - D:\WorkSpace\Education-RAG\rag_qa\core\strategy_selector.py - select_strategy - strategy_selector - 73 - 用户问题: 如何使用OpenAI?, 模型返回: 假设问题检索
2026-07-30 15:19:21,285 - INFO - D:\WorkSpace\Education-RAG\rag_qa\core\strategy_selector.py - select_strategy - strategy_selector - 73 - 用户问题: Python和Java有什么缺点?, 模型返回: 子查询检索
2026-07-30 15:19:24,242 - INFO - D:\WorkSpace\Education-RAG\rag_qa\core\strategy_selector.py - select_strategy - strategy_selector - 73 - 用户问题: 我有一个包含 100 亿条记录的数据集，想把它存储到 Milvus 中进行查询。可以吗?, 模型返回: 回溯问题检索
2026-07-30 15:26:24,505 - INFO - D:\WorkSpace\Education-RAG\rag_qa\core\query_classifier.py - load_model - query_classifier - 63 - 加载模型成功, 模型路径: D:\WorkSpace\Education-RAG\rag_qa/models/bert_query_classifier
2026-07-30 15:42:05,259 - INFO - D:\WorkSpace\Education-RAG\rag_qa\core\query_classifier.py - load_model - query_classifier - 63 - 加载模型成功, 模型路径: D:\WorkSpace\Education-RAG\rag_qa/models/bert_query_classifier
2026-07-30 15:42:14,796 - INFO - D:\WorkSpace\Education-RAG\rag_qa\core\vector_store.py - _create_or_load_collection - vector_store - 109 - 已加载集合 edurag
2026-07-30 15:43:07,015 - INFO - D:\WorkSpace\Education-RAG\rag_qa\core\query_classifier.py - load_model - query_classifier - 63 - 加载模型成功, 模型路径: D:\WorkSpace\Education-RAG\rag_qa/models/bert_query_classifier
2026-07-30 15:43:10,008 - INFO - D:\WorkSpace\Education-RAG\rag_qa\core\vector_store.py - _create_or_load_collection - vector_store - 109 - 已加载集合 edurag
2026-07-30 15:45:10,566 - INFO - D:\WorkSpace\Education-RAG\rag_qa\core\query_classifier.py - load_model - query_classifier - 63 - 加载模型成功, 模型路径: D:\WorkSpace\Education-RAG\rag_qa/models/bert_query_classifier
2026-07-30 15:45:13,507 - INFO - D:\WorkSpace\Education-RAG\rag_qa\core\vector_store.py - _create_or_load_collection - vector_store - 109 - 已加载集合 edurag
2026-07-30 15:46:48,763 - INFO - D:\WorkSpace\Education-RAG\rag_qa\core\query_classifier.py - load_model - query_classifier - 63 - 加载模型成功, 模型路径: D:\WorkSpace\Education-RAG\rag_qa/models/bert_query_classifier
2026-07-30 15:46:51,432 - INFO - D:\WorkSpace\Education-RAG\rag_qa\core\vector_store.py - _create_or_load_collection - vector_store - 109 - 已加载集合 edurag
2026-07-30 15:48:24,700 - INFO - D:\WorkSpace\Education-RAG\rag_qa\core\query_classifier.py - load_model - query_classifier - 63 - 加载模型成功, 模型路径: D:\WorkSpace\Education-RAG\rag_qa/models/bert_query_classifier
2026-07-30 15:48:27,283 - INFO - D:\WorkSpace\Education-RAG\rag_qa\core\vector_store.py - _create_or_load_collection - vector_store - 109 - 已加载集合 edurag
2026-07-30 15:50:07,599 - INFO - D:\WorkSpace\Education-RAG\rag_qa\core\query_classifier.py - load_model - query_classifier - 63 - 加载模型成功, 模型路径: D:\WorkSpace\Education-RAG\rag_qa/models/bert_query_classifier
2026-07-30 15:50:10,067 - INFO - D:\WorkSpace\Education-RAG\rag_qa\core\vector_store.py - _create_or_load_collection - vector_store - 109 - 已加载集合 edurag
2026-07-30 15:54:15,023 - INFO - D:\WorkSpace\Education-RAG\rag_qa\core\query_classifier.py - load_model - query_classifier - 63 - 加载模型成功, 模型路径: D:\WorkSpace\Education-RAG\rag_qa/models/bert_query_classifier
2026-07-30 15:54:17,626 - INFO - D:\WorkSpace\Education-RAG\rag_qa\core\vector_store.py - _create_or_load_collection - vector_store - 109 - 已加载集合 edurag
2026-07-30 15:55:49,391 - INFO - D:\WorkSpace\Education-RAG\rag_qa\core\query_classifier.py - load_model - query_classifier - 63 - 加载模型成功, 模型路径: D:\WorkSpace\Education-RAG\rag_qa/models/bert_query_classifier
2026-07-30 15:55:52,102 - INFO - D:\WorkSpace\Education-RAG\rag_qa\core\vector_store.py - _create_or_load_collection - vector_store - 109 - 已加载集合 edurag
2026-07-30 15:55:52,110 - INFO - D:\WorkSpace\Education-RAG\rag_qa\core\rag_system.py - _retrieve_with_hyde - rag_system - 29 - 假设检索数据源: None, 原始问题: AI大模型学科学费多少?
2026-07-30 15:56:09,131 - ERROR - D:\WorkSpace\Education-RAG\rag_qa\core\rag_system.py - _retrieve_with_hyde - rag_system - 40 - Hyde 检索异常: Connection error.
2026-07-30 15:56:42,389 - INFO - D:\WorkSpace\Education-RAG\rag_qa\core\query_classifier.py - load_model - query_classifier - 63 - 加载模型成功, 模型路径: D:\WorkSpace\Education-RAG\rag_qa/models/bert_query_classifier
2026-07-30 15:56:45,000 - INFO - D:\WorkSpace\Education-RAG\rag_qa\core\vector_store.py - _create_or_load_collection - vector_store - 109 - 已加载集合 edurag
2026-07-30 15:56:45,006 - INFO - D:\WorkSpace\Education-RAG\rag_qa\core\rag_system.py - _retrieve_with_hyde - rag_system - 29 - 假设检索数据源: None, 原始问题: AI大模型学科学费多少?
2026-07-30 15:57:01,807 - ERROR - D:\WorkSpace\Education-RAG\rag_qa\core\rag_system.py - _retrieve_with_hyde - rag_system - 40 - Hyde 检索异常: Connection error.
2026-07-30 15:57:40,219 - INFO - D:\WorkSpace\Education-RAG\rag_qa\core\query_classifier.py - load_model - query_classifier - 63 - 加载模型成功, 模型路径: ../models/bert_query_classifier
2026-07-30 15:57:53,025 - INFO - D:\WorkSpace\Education-RAG\rag_qa\core\query_classifier.py - load_model - query_classifier - 63 - 加载模型成功, 模型路径: D:\WorkSpace\Education-RAG\rag_qa/models/bert_query_classifier
2026-07-30 15:57:55,563 - INFO - D:\WorkSpace\Education-RAG\rag_qa\core\vector_store.py - _create_or_load_collection - vector_store - 109 - 已加载集合 edurag
2026-07-30 15:57:55,572 - INFO - D:\WorkSpace\Education-RAG\rag_qa\core\rag_system.py - _retrieve_with_hyde - rag_system - 29 - 假设检索数据源: None, 原始问题: AI大模型学科学费多少?
2026-07-30 15:58:12,513 - ERROR - D:\WorkSpace\Education-RAG\rag_qa\core\rag_system.py - _retrieve_with_hyde - rag_system - 40 - Hyde 检索异常: Connection error.
2026-07-30 16:00:07,423 - INFO - D:\WorkSpace\Education-RAG\rag_qa\core\query_classifier.py - load_model - query_classifier - 63 - 加载模型成功, 模型路径: D:\WorkSpace\Education-RAG\rag_qa/models/bert_query_classifier
2026-07-30 16:00:56,816 - INFO - D:\WorkSpace\Education-RAG\rag_qa\core\query_classifier.py - load_model - query_classifier - 63 - 加载模型成功, 模型路径: D:\WorkSpace\Education-RAG\rag_qa/models/bert_query_classifier
2026-07-30 16:00:59,396 - INFO - D:\WorkSpace\Education-RAG\rag_qa\core\vector_store.py - _create_or_load_collection - vector_store - 109 - 已加载集合 edurag
2026-07-30 16:00:59,405 - INFO - D:\WorkSpace\Education-RAG\rag_qa\core\rag_system.py - _retrieve_with_hyde - rag_system - 30 - 假设检索数据源: None, 原始问题: AI大模型学科学费多少?
2026-07-30 16:01:16,243 - ERROR - D:\WorkSpace\Education-RAG\rag_qa\core\rag_system.py - _retrieve_with_hyde - rag_system - 41 - Hyde 检索异常: Connection error.
2026-07-30 16:02:30,931 - INFO - D:\WorkSpace\Education-RAG\rag_qa\core\query_classifier.py - load_model - query_classifier - 63 - 加载模型成功, 模型路径: D:\WorkSpace\Education-RAG\rag_qa/models/bert_query_classifier
2026-07-30 16:02:33,930 - INFO - D:\WorkSpace\Education-RAG\rag_qa\core\vector_store.py - _create_or_load_collection - vector_store - 109 - 已加载集合 edurag
2026-07-30 16:02:33,940 - INFO - D:\WorkSpace\Education-RAG\rag_qa\core\rag_system.py - _retrieve_with_hyde - rag_system - 30 - 假设检索数据源: None, 原始问题: AI大模型学科学费多少?
2026-07-30 16:02:44,540 - ERROR - D:\WorkSpace\Education-RAG\rag_qa\core\rag_system.py - _retrieve_with_hyde - rag_system - 41 - Hyde 检索异常: 'Choice' object has no attribute 'delta'
2026-07-30 16:03:24,034 - INFO - D:\WorkSpace\Education-RAG\rag_qa\core\query_classifier.py - load_model - query_classifier - 63 - 加载模型成功, 模型路径: D:\WorkSpace\Education-RAG\rag_qa/models/bert_query_classifier
2026-07-30 16:03:26,675 - INFO - D:\WorkSpace\Education-RAG\rag_qa\core\vector_store.py - _create_or_load_collection - vector_store - 109 - 已加载集合 edurag
2026-07-30 16:03:26,685 - INFO - D:\WorkSpace\Education-RAG\rag_qa\core\rag_system.py - _retrieve_with_hyde - rag_system - 30 - 假设检索数据源: None, 原始问题: AI大模型学科学费多少?
2026-07-30 16:03:38,528 - INFO - D:\WorkSpace\Education-RAG\rag_qa\core\rag_system.py - _retrieve_with_hyde - rag_system - 34 - Hyde 生成假设答案: AI大模型相关学习的学费因学习途径而异，大致分为以下几种情况：

1. **高校学历教育**（如人工智能、计算机相关专业）：国内公立高校学费通常为每年5000-10000元；海外高校或中外合作办学项目每年约10万-30万元不等。
2. **商业培训机构**（短期脱产班或进阶训练营）：学费通常在1.5万-3万元/期。
3. **在线课程与知识付费**（如各大学习平台、名师专栏）：价格从几百元到数千元不等。

具体费用需根据您选择的学习方式、院校或培训机构以及课程深度来最终确定。
2026-07-30 16:04:34,492 - INFO - D:\WorkSpace\Education-RAG\rag_qa\core\query_classifier.py - load_model - query_classifier - 63 - 加载模型成功, 模型路径: D:\WorkSpace\Education-RAG\rag_qa/models/bert_query_classifier
2026-07-30 16:04:37,131 - INFO - D:\WorkSpace\Education-RAG\rag_qa\core\vector_store.py - _create_or_load_collection - vector_store - 109 - 已加载集合 edurag
2026-07-30 16:04:37,140 - INFO - D:\WorkSpace\Education-RAG\rag_qa\core\rag_system.py - _retrieve_with_hyde - rag_system - 30 - 假设检索数据源: None, 原始问题: AI大模型学科学费多少?
2026-07-30 16:04:45,708 - INFO - D:\WorkSpace\Education-RAG\rag_qa\core\rag_system.py - _retrieve_with_hyde - rag_system - 34 - Hyde 生成假设答案: AI大模型相关专业的学费因学习形式和院校而异：国内公办高校本科或硕士每年约5000-15000元；海外留学或中外合作办学项目每年约10万-50万元不等；如果是社会上的短期技能培训班，学费通常在1万-3万元左右。
2026-07-30 16:05:44,309 - INFO - D:\WorkSpace\Education-RAG\rag_qa\core\query_classifier.py - load_model - query_classifier - 63 - 加载模型成功, 模型路径: D:\WorkSpace\Education-RAG\rag_qa/models/bert_query_classifier
2026-07-30 16:05:47,041 - INFO - D:\WorkSpace\Education-RAG\rag_qa\core\vector_store.py - _create_or_load_collection - vector_store - 109 - 已加载集合 edurag
2026-07-30 16:05:47,050 - INFO - D:\WorkSpace\Education-RAG\rag_qa\core\rag_system.py - _retrieve_with_hyde - rag_system - 30 - 假设检索数据源: None, 原始问题: ai在教育领域的应用有哪些？
2026-07-30 16:05:53,855 - INFO - D:\WorkSpace\Education-RAG\rag_qa\core\rag_system.py - _retrieve_with_hyde - rag_system - 34 - Hyde 生成假设答案: AI在教育领域的应用主要包括：提供个性化自适应学习路径、通过AI助教进行智能答疑与辅导、实现作业和试卷的自动批改，以及利用数据分析进行学情预测与辅助教学决策。
2026-07-30 16:07:58,071 - INFO - D:\WorkSpace\Education-RAG\rag_qa\core\query_classifier.py - load_model - query_classifier - 63 - 加载模型成功, 模型路径: D:\WorkSpace\Education-RAG\rag_qa/models/bert_query_classifier
2026-07-30 16:08:00,749 - INFO - D:\WorkSpace\Education-RAG\rag_qa\core\vector_store.py - _create_or_load_collection - vector_store - 109 - 已加载集合 edurag
2026-07-30 16:08:25,855 - INFO - D:\WorkSpace\Education-RAG\rag_qa\core\query_classifier.py - load_model - query_classifier - 63 - 加载模型成功, 模型路径: D:\WorkSpace\Education-RAG\rag_qa/models/bert_query_classifier
2026-07-30 16:08:28,341 - INFO - D:\WorkSpace\Education-RAG\rag_qa\core\vector_store.py - _create_or_load_collection - vector_store - 109 - 已加载集合 edurag
2026-07-30 16:09:11,883 - INFO - D:\WorkSpace\Education-RAG\rag_qa\core\query_classifier.py - load_model - query_classifier - 63 - 加载模型成功, 模型路径: D:\WorkSpace\Education-RAG\rag_qa/models/bert_query_classifier
2026-07-30 16:09:14,514 - INFO - D:\WorkSpace\Education-RAG\rag_qa\core\vector_store.py - _create_or_load_collection - vector_store - 109 - 已加载集合 edurag
2026-07-30 16:09:14,523 - INFO - D:\WorkSpace\Education-RAG\rag_qa\core\rag_system.py - generate_answer - rag_system - 45 - 开始处理问题: 'Python课程费用多少'，学科过滤: None
2026-07-30 16:09:14,891 - INFO - D:\WorkSpace\Education-RAG\rag_qa\core\rag_system.py - generate_answer - rag_system - 48 - 问题：Python课程费用多少 问题分类结果: 专业咨询
2026-07-30 16:09:19,301 - INFO - D:\WorkSpace\Education-RAG\rag_qa\core\strategy_selector.py - select_strategy - strategy_selector - 73 - 用户问题: Python课程费用多少, 模型返回: 直接检索
2026-07-30 16:10:39,528 - INFO - D:\WorkSpace\Education-RAG\rag_qa\core\query_classifier.py - load_model - query_classifier - 63 - 加载模型成功, 模型路径: D:\WorkSpace\Education-RAG\rag_qa/models/bert_query_classifier
2026-07-30 16:10:42,042 - INFO - D:\WorkSpace\Education-RAG\rag_qa\core\vector_store.py - _create_or_load_collection - vector_store - 109 - 已加载集合 edurag
2026-07-30 16:20:38,217 - INFO - D:\WorkSpace\Education-RAG\rag_qa\core\query_classifier.py - load_model - query_classifier - 63 - 加载模型成功, 模型路径: D:\WorkSpace\Education-RAG\rag_qa/models/bert_query_classifier
2026-07-30 16:20:41,555 - INFO - D:\WorkSpace\Education-RAG\rag_qa\core\vector_store.py - _create_or_load_collection - vector_store - 109 - 已加载集合 edurag
2026-07-30 16:20:41,588 - INFO - D:\WorkSpace\Education-RAG\rag_qa\core\rag_system.py - _retrieve_with_backtracking - rag_system - 50 - 假设检索数据源: None, 原始问题: 100亿的数据可以放到Milvus里么？
2026-07-30 16:20:54,203 - INFO - D:\WorkSpace\Education-RAG\rag_qa\core\rag_system.py - _retrieve_with_backtracking - rag_system - 54 - backtracking 生成假设答案: Milvus支持100亿数据吗？（或：Milvus能存100亿数据吗？）
2026-07-30 16:22:00,165 - INFO - D:\WorkSpace\Education-RAG\rag_qa\core\query_classifier.py - load_model - query_classifier - 63 - 加载模型成功, 模型路径: D:\WorkSpace\Education-RAG\rag_qa/models/bert_query_classifier
2026-07-30 16:22:03,961 - INFO - D:\WorkSpace\Education-RAG\rag_qa\core\vector_store.py - _create_or_load_collection - vector_store - 109 - 已加载集合 edurag
2026-07-30 16:22:03,978 - INFO - D:\WorkSpace\Education-RAG\rag_qa\core\rag_system.py - _retrieve_with_backtracking - rag_system - 50 - 回溯检索数据源: None, 原始问题: 100亿的数据可以放到Milvus里么？
2026-07-30 16:22:13,574 - INFO - D:\WorkSpace\Education-RAG\rag_qa\core\rag_system.py - _retrieve_with_backtracking - rag_system - 54 - backtracking 生成假设答案: Milvus能存100亿数据吗？
2026-07-30 16:47:47,116 - INFO - D:\WorkSpace\Education-RAG\rag_qa\core\query_classifier.py - load_model - query_classifier - 63 - 加载模型成功, 模型路径: D:\WorkSpace\Education-RAG\rag_qa/models/bert_query_classifier
2026-07-30 16:47:50,431 - INFO - D:\WorkSpace\Education-RAG\rag_qa\core\vector_store.py - _create_or_load_collection - vector_store - 109 - 已加载集合 edurag
2026-07-30 16:47:50,462 - INFO - D:\WorkSpace\Education-RAG\rag_qa\core\rag_system.py - _retrieve_with_backtracking - rag_system - 80 - 回溯检索数据源: None, 原始问题: 100亿的数据可以放到Milvus里么？
2026-07-30 16:48:07,417 - INFO - D:\WorkSpace\Education-RAG\rag_qa\core\query_classifier.py - load_model - query_classifier - 63 - 加载模型成功, 模型路径: D:\WorkSpace\Education-RAG\rag_qa/models/bert_query_classifier
2026-07-30 16:48:10,136 - INFO - D:\WorkSpace\Education-RAG\rag_qa\core\vector_store.py - _create_or_load_collection - vector_store - 109 - 已加载集合 edurag
2026-07-30 16:48:10,150 - INFO - D:\WorkSpace\Education-RAG\rag_qa\core\rag_system.py - _retrieve_with_subqueries - rag_system - 46 - 子查询检索数据源: None, 原始问题: Java和Python的优缺点？
2026-07-30 16:48:15,836 - INFO - D:\WorkSpace\Education-RAG\rag_qa\core\rag_system.py - _retrieve_with_subqueries - rag_system - 50 - 子查询生成问题: Java的优点是什么？
Java的缺点是什么？
Python的优点是什么？
Python的缺点是什么？
2026-07-30 16:48:15,837 - INFO - D:\WorkSpace\Education-RAG\rag_qa\core\rag_system.py - _retrieve_with_subqueries - rag_system - 58 - 子查询: Java的优点是什么？
2026-07-30 16:48:23,583 - INFO - D:\WorkSpace\Education-RAG\rag_qa\core\rag_system.py - _retrieve_with_subqueries - rag_system - 58 - 子查询: Java的缺点是什么？
2026-07-30 16:48:28,250 - INFO - D:\WorkSpace\Education-RAG\rag_qa\core\rag_system.py - _retrieve_with_subqueries - rag_system - 58 - 子查询: Python的优点是什么？
2026-07-30 16:48:31,694 - INFO - D:\WorkSpace\Education-RAG\rag_qa\core\rag_system.py - _retrieve_with_subqueries - rag_system - 58 - 子查询: Python的缺点是什么？
2026-07-30 16:53:16,455 - INFO - D:\WorkSpace\Education-RAG\rag_qa\core\query_classifier.py - load_model - query_classifier - 63 - 加载模型成功, 模型路径: D:\WorkSpace\Education-RAG\rag_qa/models/bert_query_classifier
2026-07-30 16:53:20,044 - INFO - D:\WorkSpace\Education-RAG\rag_qa\core\vector_store.py - _create_or_load_collection - vector_store - 109 - 已加载集合 edurag
2026-07-30 16:53:20,055 - INFO - D:\WorkSpace\Education-RAG\rag_qa\core\rag_system.py - _retrieve_with_subqueries - rag_system - 46 - 子查询检索数据源: None, 原始问题: Java和Python的优缺点？
2026-07-30 16:53:24,622 - INFO - D:\WorkSpace\Education-RAG\rag_qa\core\rag_system.py - _retrieve_with_subqueries - rag_system - 50 - 子查询生成问题: Java的优点是什么？
Java的缺点是什么？
Python的优点是什么？
Python的缺点是什么？
2026-07-30 16:53:24,622 - INFO - D:\WorkSpace\Education-RAG\rag_qa\core\rag_system.py - _retrieve_with_subqueries - rag_system - 58 - 子查询: Java的优点是什么？
2026-07-30 16:53:32,187 - INFO - D:\WorkSpace\Education-RAG\rag_qa\core\rag_system.py - _retrieve_with_subqueries - rag_system - 58 - 子查询: Java的缺点是什么？
2026-07-30 16:53:37,454 - INFO - D:\WorkSpace\Education-RAG\rag_qa\core\rag_system.py - _retrieve_with_subqueries - rag_system - 58 - 子查询: Python的优点是什么？
2026-07-30 16:53:41,206 - INFO - D:\WorkSpace\Education-RAG\rag_qa\core\rag_system.py - _retrieve_with_subqueries - rag_system - 58 - 子查询: Python的缺点是什么？
2026-07-30 16:53:45,858 - ERROR - D:\WorkSpace\Education-RAG\rag_qa\core\rag_system.py - _retrieve_with_subqueries - rag_system - 76 - backtracking 检索异常: 'Document' object has no attribute 'pagecontent'
2026-07-30 16:54:31,037 - INFO - D:\WorkSpace\Education-RAG\rag_qa\core\query_classifier.py - load_model - query_classifier - 63 - 加载模型成功, 模型路径: D:\WorkSpace\Education-RAG\rag_qa/models/bert_query_classifier
2026-07-30 16:54:34,107 - INFO - D:\WorkSpace\Education-RAG\rag_qa\core\vector_store.py - _create_or_load_collection - vector_store - 109 - 已加载集合 edurag
2026-07-30 16:54:34,121 - INFO - D:\WorkSpace\Education-RAG\rag_qa\core\rag_system.py - _retrieve_with_subqueries - rag_system - 46 - 子查询检索数据源: None, 原始问题: Java和Python的优缺点？
2026-07-30 16:54:39,611 - INFO - D:\WorkSpace\Education-RAG\rag_qa\core\rag_system.py - _retrieve_with_subqueries - rag_system - 58 - 子查询: Java的优点是什么？
2026-07-30 16:54:46,117 - INFO - D:\WorkSpace\Education-RAG\rag_qa\core\rag_system.py - _retrieve_with_subqueries - rag_system - 58 - 子查询: Java的缺点是什么？
2026-07-30 16:54:51,080 - INFO - D:\WorkSpace\Education-RAG\rag_qa\core\rag_system.py - _retrieve_with_subqueries - rag_system - 58 - 子查询: Python的优点是什么？
2026-07-30 16:54:54,583 - INFO - D:\WorkSpace\Education-RAG\rag_qa\core\rag_system.py - _retrieve_with_subqueries - rag_system - 58 - 子查询: Python的缺点是什么？
2026-07-30 16:55:45,926 - INFO - D:\WorkSpace\Education-RAG\rag_qa\core\query_classifier.py - load_model - query_classifier - 63 - 加载模型成功, 模型路径: D:\WorkSpace\Education-RAG\rag_qa/models/bert_query_classifier
2026-07-30 16:55:49,428 - INFO - D:\WorkSpace\Education-RAG\rag_qa\core\vector_store.py - _create_or_load_collection - vector_store - 109 - 已加载集合 edurag
2026-07-30 16:55:49,439 - INFO - D:\WorkSpace\Education-RAG\rag_qa\core\rag_system.py - _retrieve_with_subqueries - rag_system - 46 - 子查询检索数据源: None, 原始问题: Java和Python的优缺点？
2026-07-30 16:55:54,646 - INFO - D:\WorkSpace\Education-RAG\rag_qa\core\rag_system.py - _retrieve_with_subqueries - rag_system - 58 - 子查询: Java的优点有哪些？
2026-07-30 16:57:11,346 - INFO - D:\WorkSpace\Education-RAG\rag_qa\core\query_classifier.py - load_model - query_classifier - 63 - 加载模型成功, 模型路径: D:\WorkSpace\Education-RAG\rag_qa/models/bert_query_classifier
2026-07-30 16:57:14,653 - INFO - D:\WorkSpace\Education-RAG\rag_qa\core\vector_store.py - _create_or_load_collection - vector_store - 109 - 已加载集合 edurag
2026-07-30 16:57:14,665 - INFO - D:\WorkSpace\Education-RAG\rag_qa\core\rag_system.py - _retrieve_with_subqueries - rag_system - 46 - 子查询检索数据源: None, 原始问题: Java和Python的优缺点？
2026-07-30 16:57:21,783 - INFO - D:\WorkSpace\Education-RAG\rag_qa\core\rag_system.py - _retrieve_with_subqueries - rag_system - 58 - 子查询: Java的优点是什么？
2026-07-30 16:59:34,111 - INFO - D:\WorkSpace\Education-RAG\rag_qa\core\rag_system.py - _retrieve_with_subqueries - rag_system - 58 - 子查询: Java的缺点是什么？
2026-07-30 17:01:45,690 - INFO - D:\WorkSpace\Education-RAG\rag_qa\core\rag_system.py - _retrieve_with_subqueries - rag_system - 58 - 子查询: Python的优点是什么？
2026-07-30 17:06:01,152 - INFO - D:\WorkSpace\Education-RAG\rag_qa\core\rag_system.py - _retrieve_with_subqueries - rag_system - 58 - 子查询: Python的缺点是什么？
2026-07-30 17:08:11,337 - INFO - D:\WorkSpace\Education-RAG\rag_qa\core\query_classifier.py - load_model - query_classifier - 63 - 加载模型成功, 模型路径: D:\WorkSpace\Education-RAG\rag_qa/models/bert_query_classifier
2026-07-30 17:08:14,423 - INFO - D:\WorkSpace\Education-RAG\rag_qa\core\vector_store.py - _create_or_load_collection - vector_store - 109 - 已加载集合 edurag
2026-07-30 17:08:14,439 - INFO - D:\WorkSpace\Education-RAG\rag_qa\core\rag_system.py - _retrieve_with_subqueries - rag_system - 46 - 子查询检索数据源: None, 原始问题: Java和Python的优缺点？
2026-07-30 17:08:20,554 - INFO - D:\WorkSpace\Education-RAG\rag_qa\core\rag_system.py - _retrieve_with_subqueries - rag_system - 58 - 子查询: Java的优点是什么？
2026-07-30 17:08:28,382 - INFO - D:\WorkSpace\Education-RAG\rag_qa\core\rag_system.py - _retrieve_with_subqueries - rag_system - 58 - 子查询: Java的缺点是什么？
2026-07-30 17:08:33,092 - INFO - D:\WorkSpace\Education-RAG\rag_qa\core\rag_system.py - _retrieve_with_subqueries - rag_system - 58 - 子查询: Python的优点是什么？
2026-07-30 17:08:37,253 - INFO - D:\WorkSpace\Education-RAG\rag_qa\core\rag_system.py - _retrieve_with_subqueries - rag_system - 58 - 子查询: Python的缺点是什么？
2026-07-30 17:37:28,352 - INFO - D:\WorkSpace\Education-RAG\rag_qa\core\query_classifier.py - load_model - query_classifier - 63 - 加载模型成功, 模型路径: D:\WorkSpace\Education-RAG\rag_qa/models/bert_query_classifier
2026-07-30 17:37:31,721 - INFO - D:\WorkSpace\Education-RAG\rag_qa\core\vector_store.py - _create_or_load_collection - vector_store - 109 - 已加载集合 edurag
2026-07-30 17:37:31,749 - INFO - D:\WorkSpace\Education-RAG\rag_qa\core\rag_system.py - generate_answer - rag_system - 112 - 开始处理问题: 'ai在教育领域的应用有哪些?'，学科过滤: None
2026-07-30 17:37:32,275 - INFO - D:\WorkSpace\Education-RAG\rag_qa\core\rag_system.py - generate_answer - rag_system - 115 - 问题：ai在教育领域的应用有哪些? 问题分类结果: 通用知识
2026-07-30 17:37:32,275 - INFO - D:\WorkSpace\Education-RAG\rag_qa\core\rag_system.py - generate_answer - rag_system - 119 - 问题为通用问题，调用大模型
2026-07-30 17:38:14,882 - INFO - D:\WorkSpace\Education-RAG\rag_qa\core\query_classifier.py - load_model - query_classifier - 63 - 加载模型成功, 模型路径: D:\WorkSpace\Education-RAG\rag_qa/models/bert_query_classifier
2026-07-30 17:38:17,729 - INFO - D:\WorkSpace\Education-RAG\rag_qa\core\vector_store.py - _create_or_load_collection - vector_store - 109 - 已加载集合 edurag
2026-07-30 17:38:17,736 - INFO - D:\WorkSpace\Education-RAG\rag_qa\core\rag_system.py - generate_answer - rag_system - 112 - 开始处理问题: 'AI培训有哪些老师?'，学科过滤: None
2026-07-30 17:38:17,814 - INFO - D:\WorkSpace\Education-RAG\rag_qa\core\rag_system.py - generate_answer - rag_system - 115 - 问题：AI培训有哪些老师? 问题分类结果: 专业咨询
2026-07-30 17:38:20,458 - INFO - D:\WorkSpace\Education-RAG\rag_qa\core\strategy_selector.py - select_strategy - strategy_selector - 73 - 用户问题: AI培训有哪些老师?, 模型返回: 直接检索
2026-07-30 17:38:20,458 - INFO - D:\WorkSpace\Education-RAG\rag_qa\core\rag_system.py - retrieve_and_merge - rag_system - 96 - 开始处理问题: 'AI培训有哪些老师?'，学科过滤: None
2026-07-30 17:38:26,854 - INFO - D:\WorkSpace\Education-RAG\rag_qa\core\rag_system.py - retrieve_and_merge - rag_system - 108 - 检索到的文档最终数量为: 2
2026-07-30 17:41:58,970 - INFO - D:\WorkSpace\Education-RAG\rag_qa\core\query_classifier.py - load_model - query_classifier - 63 - 加载模型成功, 模型路径: D:\WorkSpace\Education-RAG\rag_qa/models/bert_query_classifier
2026-07-30 17:42:02,116 - INFO - D:\WorkSpace\Education-RAG\rag_qa\core\vector_store.py - _create_or_load_collection - vector_store - 109 - 已加载集合 edurag
2026-07-30 17:42:02,130 - INFO - D:\WorkSpace\Education-RAG\rag_qa\core\rag_system.py - generate_answer - rag_system - 112 - 开始处理问题: 'AI培训有哪些老师?'，学科过滤: None
2026-07-30 17:42:02,628 - INFO - D:\WorkSpace\Education-RAG\rag_qa\core\rag_system.py - generate_answer - rag_system - 115 - 问题：AI培训有哪些老师? 问题分类结果: 专业咨询
2026-07-30 17:42:06,898 - INFO - D:\WorkSpace\Education-RAG\rag_qa\core\strategy_selector.py - select_strategy - strategy_selector - 73 - 用户问题: AI培训有哪些老师?, 模型返回: 直接检索
2026-07-30 17:42:06,899 - INFO - D:\WorkSpace\Education-RAG\rag_qa\core\rag_system.py - retrieve_and_merge - rag_system - 96 - 开始处理问题: 'AI培训有哪些老师?'，学科过滤: None
2026-07-30 17:42:13,193 - INFO - D:\WorkSpace\Education-RAG\rag_qa\core\rag_system.py - retrieve_and_merge - rag_system - 108 - 检索到的文档最终数量为: 2
2026-07-30 17:42:13,193 - INFO - D:\WorkSpace\Education-RAG\rag_qa\core\rag_system.py - generate_answer - rag_system - 124 - 问题为专业咨询，调用知识库，最终检索到的文档数量为: 2
2026-07-30 17:43:47,748 - INFO - D:\WorkSpace\Education-RAG\rag_qa\core\query_classifier.py - load_model - query_classifier - 63 - 加载模型成功, 模型路径: D:\WorkSpace\Education-RAG\rag_qa/models/bert_query_classifier
2026-07-30 17:43:50,745 - INFO - D:\WorkSpace\Education-RAG\rag_qa\core\vector_store.py - _create_or_load_collection - vector_store - 109 - 已加载集合 edurag
2026-07-30 17:43:50,756 - INFO - D:\WorkSpace\Education-RAG\rag_qa\core\rag_system.py - generate_answer - rag_system - 112 - 开始处理问题: 'ai大模型课程大纲?'，学科过滤: None
2026-07-30 17:43:51,141 - INFO - D:\WorkSpace\Education-RAG\rag_qa\core\rag_system.py - generate_answer - rag_system - 115 - 问题：ai大模型课程大纲? 问题分类结果: 专业咨询
2026-07-30 17:43:54,639 - INFO - D:\WorkSpace\Education-RAG\rag_qa\core\strategy_selector.py - select_strategy - strategy_selector - 73 - 用户问题: ai大模型课程大纲?, 模型返回: 直接检索
2026-07-30 17:43:54,640 - INFO - D:\WorkSpace\Education-RAG\rag_qa\core\rag_system.py - retrieve_and_merge - rag_system - 96 - 开始处理问题: 'ai大模型课程大纲?'，学科过滤: None
2026-07-30 17:44:01,362 - INFO - D:\WorkSpace\Education-RAG\rag_qa\core\rag_system.py - retrieve_and_merge - rag_system - 108 - 检索到的文档最终数量为: 2
2026-07-30 17:44:01,363 - INFO - D:\WorkSpace\Education-RAG\rag_qa\core\rag_system.py - generate_answer - rag_system - 124 - 问题为专业咨询，调用知识库，最终检索到的文档数量为: 2
2026-08-01 10:20:25,364 - INFO - D:\WorkSpace\Education-RAG\rag_qa\core\query_classifier.py - load_model - query_classifier - 63 - 加载模型成功, 模型路径: D:\WorkSpace\Education-RAG\rag_qa/models/bert_query_classifier
2026-08-01 10:20:28,712 - INFO - D:\WorkSpace\Education-RAG\rag_qa\core\vector_store.py - _create_or_load_collection - vector_store - 109 - 已加载集合 edurag
2026-08-01 10:20:28,723 - INFO - D:\WorkSpace\Education-RAG\rag_qa\core\rag_system.py - generate_answer - rag_system - 112 - 开始处理问题: 'ai大模型课程大纲?'，学科过滤: None
2026-08-01 10:20:29,211 - INFO - D:\WorkSpace\Education-RAG\rag_qa\core\rag_system.py - generate_answer - rag_system - 115 - 问题：ai大模型课程大纲? 问题分类结果: 专业咨询
2026-08-01 10:20:33,089 - INFO - D:\WorkSpace\Education-RAG\rag_qa\core\strategy_selector.py - select_strategy - strategy_selector - 73 - 用户问题: ai大模型课程大纲?, 模型返回: 直接检索
2026-08-01 10:20:33,089 - INFO - D:\WorkSpace\Education-RAG\rag_qa\core\rag_system.py - retrieve_and_merge - rag_system - 96 - 开始处理问题: 'ai大模型课程大纲?'，学科过滤: None
2026-08-01 10:20:40,575 - INFO - D:\WorkSpace\Education-RAG\rag_qa\core\rag_system.py - retrieve_and_merge - rag_system - 108 - 检索到的文档最终数量为: 2
2026-08-01 10:20:40,577 - INFO - D:\WorkSpace\Education-RAG\rag_qa\core\rag_system.py - generate_answer - rag_system - 124 - 问题为专业咨询，调用知识库，最终检索到的文档数量为: 2
2026-08-01 10:44:41,088 - INFO - D:\WorkSpace\Education-RAG\rag_qa\core\query_classifier.py - load_model - query_classifier - 63 - 加载模型成功, 模型路径: D:\WorkSpace\Education-RAG\rag_qa/models/bert_query_classifier
2026-08-01 10:44:44,239 - INFO - D:\WorkSpace\Education-RAG\rag_qa\core\vector_store.py - _create_or_load_collection - vector_store - 109 - 已加载集合 edurag
2026-08-01 10:44:44,259 - INFO - D:\WorkSpace\Education-RAG\rag_qa\core\rag_system.py - generate_answer - rag_system - 112 - 开始处理问题: 'ai大模型课程大纲?'，学科过滤: None
2026-08-01 10:44:44,760 - INFO - D:\WorkSpace\Education-RAG\rag_qa\core\rag_system.py - generate_answer - rag_system - 115 - 问题：ai大模型课程大纲? 问题分类结果: 专业咨询
2026-08-01 10:44:48,826 - INFO - D:\WorkSpace\Education-RAG\rag_qa\core\strategy_selector.py - select_strategy - strategy_selector - 73 - 用户问题: ai大模型课程大纲?, 模型返回: 直接检索
2026-08-01 10:44:48,826 - INFO - D:\WorkSpace\Education-RAG\rag_qa\core\rag_system.py - retrieve_and_merge - rag_system - 96 - 开始处理问题: 'ai大模型课程大纲?'，学科过滤: None
2026-08-01 10:44:55,964 - INFO - D:\WorkSpace\Education-RAG\rag_qa\core\rag_system.py - retrieve_and_merge - rag_system - 108 - 检索到的文档最终数量为: 2
2026-08-01 10:44:55,964 - INFO - D:\WorkSpace\Education-RAG\rag_qa\core\rag_system.py - generate_answer - rag_system - 124 - 问题为专业咨询，调用知识库，最终检索到的文档数量为: 2
2026-08-01 10:46:47,734 - INFO - D:\WorkSpace\Education-RAG\rag_qa\core\query_classifier.py - load_model - query_classifier - 63 - 加载模型成功, 模型路径: D:\WorkSpace\Education-RAG\rag_qa/models/bert_query_classifier
2026-08-01 10:46:50,684 - INFO - D:\WorkSpace\Education-RAG\rag_qa\core\vector_store.py - _create_or_load_collection - vector_store - 109 - 已加载集合 edurag
2026-08-01 10:46:50,693 - INFO - D:\WorkSpace\Education-RAG\rag_qa\core\rag_system.py - generate_answer - rag_system - 112 - 开始处理问题: 'ai大模型课程大纲?'，学科过滤: None
2026-08-01 10:46:51,068 - INFO - D:\WorkSpace\Education-RAG\rag_qa\core\rag_system.py - generate_answer - rag_system - 115 - 问题：ai大模型课程大纲? 问题分类结果: 专业咨询
2026-08-01 10:46:55,628 - INFO - D:\WorkSpace\Education-RAG\rag_qa\core\strategy_selector.py - select_strategy - strategy_selector - 73 - 用户问题: ai大模型课程大纲?, 模型返回: 直接检索
2026-08-01 10:46:55,628 - INFO - D:\WorkSpace\Education-RAG\rag_qa\core\rag_system.py - retrieve_and_merge - rag_system - 96 - 开始处理问题: 'ai大模型课程大纲?'，学科过滤: None
2026-08-01 10:47:00,512 - INFO - D:\WorkSpace\Education-RAG\rag_qa\core\rag_system.py - retrieve_and_merge - rag_system - 108 - 检索到的文档最终数量为: 2
2026-08-01 10:47:00,512 - INFO - D:\WorkSpace\Education-RAG\rag_qa\core\rag_system.py - generate_answer - rag_system - 124 - 问题为专业咨询，调用知识库，最终检索到的文档数量为: 2
2026-08-01 11:17:41,718 - INFO - D:\WorkSpace\Education-RAG\rag_qa\core\query_classifier.py - load_model - query_classifier - 63 - 加载模型成功, 模型路径: D:\WorkSpace\Education-RAG\rag_qa/models/bert_query_classifier
2026-08-01 11:17:45,277 - INFO - D:\WorkSpace\Education-RAG\rag_qa\core\vector_store.py - _create_or_load_collection - vector_store - 109 - 已加载集合 edurag
2026-08-01 11:33:12,674 - INFO - D:\WorkSpace\Education-RAG\rag_qa\core\query_classifier.py - load_model - query_classifier - 63 - 加载模型成功, 模型路径: D:\WorkSpace\Education-RAG\rag_qa/models/bert_query_classifier
2026-08-01 11:33:16,320 - INFO - D:\WorkSpace\Education-RAG\rag_qa\core\vector_store.py - _create_or_load_collection - vector_store - 109 - 已加载集合 edurag
2026-08-01 11:37:44,247 - WARNING - D:\WorkSpace\Education-RAG\rag_qa\core\rag_system.py - generate_answer - rag_system - 147 - 压缩对话历史: 用户询问了Java课程的学费与学习方法，已确认Java课程学费为1000元，其学习方法依次包括学习Java基础、Java框架以及Java项目。...
2026-08-01 11:37:44,247 - INFO - D:\WorkSpace\Education-RAG\rag_qa\core\rag_system.py - generate_answer - rag_system - 149 - 开始处理问题: 'ai大模型课程大纲?'，学科过滤: None
2026-08-01 11:37:44,763 - INFO - D:\WorkSpace\Education-RAG\rag_qa\core\rag_system.py - generate_answer - rag_system - 152 - 问题：ai大模型课程大纲? 问题分类结果: 专业咨询
2026-08-01 11:37:47,458 - INFO - D:\WorkSpace\Education-RAG\rag_qa\core\strategy_selector.py - select_strategy - strategy_selector - 73 - 用户问题: ai大模型课程大纲?, 模型返回: 直接检索
2026-08-01 11:37:47,459 - INFO - D:\WorkSpace\Education-RAG\rag_qa\core\rag_system.py - retrieve_and_merge - rag_system - 98 - 开始处理问题: 'ai大模型课程大纲?'，学科过滤: None
2026-08-01 11:37:55,034 - INFO - D:\WorkSpace\Education-RAG\rag_qa\core\rag_system.py - retrieve_and_merge - rag_system - 110 - 检索到的文档最终数量为: 2
2026-08-01 11:38:14,187 - INFO - D:\WorkSpace\Education-RAG\rag_qa\core\rag_system.py - generate_answer - rag_system - 161 - 问题为专业咨询，调用知识库，最终检索到的文档数量为: 2
2026-08-01 11:39:12,628 - INFO - D:\WorkSpace\Education-RAG\rag_qa\core\query_classifier.py - load_model - query_classifier - 63 - 加载模型成功, 模型路径: D:\WorkSpace\Education-RAG\rag_qa/models/bert_query_classifier
2026-08-01 11:39:16,094 - INFO - D:\WorkSpace\Education-RAG\rag_qa\core\vector_store.py - _create_or_load_collection - vector_store - 109 - 已加载集合 edurag
2026-08-01 12:09:26,328 - INFO - D:\WorkSpace\Education-RAG\rag_qa\core\query_classifier.py - load_model - query_classifier - 63 - 加载模型成功, 模型路径: D:\WorkSpace\Education-RAG\rag_qa/models/bert_query_classifier
2026-08-01 12:09:29,968 - INFO - D:\WorkSpace\Education-RAG\rag_qa\core\vector_store.py - _create_or_load_collection - vector_store - 109 - 已加载集合 edurag
2026-08-01 12:09:39,385 - WARNING - D:\WorkSpace\Education-RAG\rag_qa\core\rag_system.py - generate_answer - rag_system - 146 - 压缩对话历史: 用户询问了Java课程的学费及学习方法，已确认Java课程学费为1000元，学习方法包括学习Java基础、Java框架和Java项目。...
2026-08-01 12:09:39,385 - INFO - D:\WorkSpace\Education-RAG\rag_qa\core\rag_system.py - generate_answer - rag_system - 148 - 开始处理问题: 'ai大模型课程大纲?'，学科过滤: None
2026-08-01 12:09:40,070 - INFO - D:\WorkSpace\Education-RAG\rag_qa\core\rag_system.py - generate_answer - rag_system - 151 - 问题：ai大模型课程大纲? 问题分类结果: 专业咨询
2026-08-01 12:09:42,772 - INFO - D:\WorkSpace\Education-RAG\rag_qa\core\strategy_selector.py - select_strategy - strategy_selector - 73 - 用户问题: ai大模型课程大纲?, 模型返回: 直接检索
2026-08-01 12:09:42,773 - INFO - D:\WorkSpace\Education-RAG\rag_qa\core\rag_system.py - retrieve_and_merge - rag_system - 97 - 开始处理问题: 'ai大模型课程大纲?'，学科过滤: None
2026-08-01 12:09:50,377 - INFO - D:\WorkSpace\Education-RAG\rag_qa\core\rag_system.py - retrieve_and_merge - rag_system - 109 - 检索到的文档最终数量为: 2
2026-08-01 12:09:50,377 - INFO - D:\WorkSpace\Education-RAG\rag_qa\core\rag_system.py - generate_answer - rag_system - 160 - 问题为专业咨询，调用知识库，最终检索到的文档数量为: 2
2026-08-01 15:16:21,014 - INFO - D:\WorkSpace\Education-RAG\rag_qa\core\query_classifier.py - load_model - query_classifier - 63 - 加载模型成功, 模型路径: D:\WorkSpace\Education-RAG\rag_qa/models/bert_query_classifier
2026-08-01 15:16:24,502 - INFO - D:\WorkSpace\Education-RAG\rag_qa\core\vector_store.py - _create_or_load_collection - vector_store - 109 - 已加载集合 edurag
2026-08-01 15:17:28,563 - INFO - D:\WorkSpace\Education-RAG\rag_qa\core\query_classifier.py - load_model - query_classifier - 63 - 加载模型成功, 模型路径: D:\WorkSpace\Education-RAG\rag_qa/models/bert_query_classifier
2026-08-01 15:17:31,681 - INFO - D:\WorkSpace\Education-RAG\rag_qa\core\vector_store.py - _create_or_load_collection - vector_store - 109 - 已加载集合 edurag
2026-08-01 15:25:22,404 - INFO - D:\WorkSpace\Education-RAG\rag_qa\core\query_classifier.py - load_model - query_classifier - 63 - 加载模型成功, 模型路径: D:\WorkSpace\Education-RAG\rag_qa/models/bert_query_classifier
2026-08-01 15:25:25,413 - INFO - D:\WorkSpace\Education-RAG\rag_qa\core\vector_store.py - _create_or_load_collection - vector_store - 109 - 已加载集合 edurag
2026-08-01 15:33:03,077 - INFO - D:\WorkSpace\Education-RAG\rag_qa\core\query_classifier.py - load_model - query_classifier - 63 - 加载模型成功, 模型路径: D:\WorkSpace\Education-RAG\rag_qa/models/bert_query_classifier
2026-08-01 15:33:06,210 - INFO - D:\WorkSpace\Education-RAG\rag_qa\core\vector_store.py - _create_or_load_collection - vector_store - 109 - 已加载集合 edurag
2026-08-01 15:33:06,222 - INFO - D:\WorkSpace\Education-RAG\rag_qa\core\rag_system.py - generate_answer - rag_system - 149 - 开始处理问题: 'Java学费是多少?'，学科过滤: None
2026-08-01 15:33:06,724 - INFO - D:\WorkSpace\Education-RAG\rag_qa\core\rag_system.py - generate_answer - rag_system - 152 - 问题：Java学费是多少? 问题分类结果: 专业咨询
2026-08-01 15:33:11,064 - INFO - D:\WorkSpace\Education-RAG\rag_qa\core\strategy_selector.py - select_strategy - strategy_selector - 73 - 用户问题: Java学费是多少?, 模型返回: 直接检索
2026-08-01 15:33:11,064 - INFO - D:\WorkSpace\Education-RAG\rag_qa\core\rag_system.py - retrieve_and_merge - rag_system - 98 - 开始处理问题: 'Java学费是多少?'，学科过滤: None
2026-08-01 15:33:18,247 - INFO - D:\WorkSpace\Education-RAG\rag_qa\core\rag_system.py - retrieve_and_merge - rag_system - 110 - 检索到的文档最终数量为: 2
2026-08-01 15:33:18,247 - INFO - D:\WorkSpace\Education-RAG\rag_qa\core\rag_system.py - generate_answer - rag_system - 161 - 问题为专业咨询，调用知识库，最终检索到的文档数量为: 2
2026-08-01 17:25:24,819 - INFO - D:\WorkSpace\Education-RAG\rag_qa\core\query_classifier.py - load_model - query_classifier - 63 - 加载模型成功, 模型路径: D:\WorkSpace\Education-RAG\rag_qa/models/bert_query_classifier
2026-08-01 17:25:35,088 - INFO - D:\WorkSpace\Education-RAG\rag_qa\core\vector_store.py - _create_or_load_collection - vector_store - 109 - 已加载集合 edurag
2026-08-01 17:25:35,122 - INFO - D:\WorkSpace\Education-RAG\rag_qa\rag_main.py - main - rag_main - 36 - 进入数据处理模式...
2026-08-01 17:25:35,124 - INFO - D:\WorkSpace\Education-RAG\rag_qa\rag_main.py - main - rag_main - 41 - 开始处理目录: ./data\ai_data
2026-08-01 17:25:38,477 - INFO - D:\WorkSpace\Education-RAG\rag_qa\core\document_processor.py - load_documents_from_directory - document_processor - 101 - 加载文件成功:./data\ai_data\LLM基础知识.pdf
2026-08-01 17:25:39,392 - INFO - D:\WorkSpace\Education-RAG\rag_qa\core\document_processor.py - load_documents_from_directory - document_processor - 101 - 加载文件成功:./data\ai_data\人工智能就业课课程大纲.docx
2026-08-01 17:26:48,454 - INFO - D:\WorkSpace\Education-RAG\rag_qa\core\document_processor.py - load_documents_from_directory - document_processor - 101 - 加载文件成功:./data\ai_data\就业指导课.pptx
2026-08-01 17:27:43,148 - INFO - D:\WorkSpace\Education-RAG\rag_qa\core\document_processor.py - load_documents_from_directory - document_processor - 101 - 加载文件成功:./data\ai_data\语言模型.png
2026-08-01 17:27:43,154 - INFO - D:\WorkSpace\Education-RAG\rag_qa\core\document_processor.py - process_documents - document_processor - 148 - 处理文档成功:父块doc_0_parent_0:子块:doc_0_parent_0_child_0
2026-08-01 17:27:43,156 - WARNING - D:\WorkSpace\Education-RAG\rag_qa\core\document_processor.py - process_documents - document_processor - 149 - ====================================================================================================
2026-08-01 17:27:43,159 - INFO - D:\WorkSpace\Education-RAG\rag_qa\core\document_processor.py - process_documents - document_processor - 148 - 处理文档成功:父块doc_0_parent_0:子块:doc_0_parent_0_child_1
2026-08-01 17:27:43,162 - WARNING - D:\WorkSpace\Education-RAG\rag_qa\core\document_processor.py - process_documents - document_processor - 149 - ====================================================================================================
2026-08-01 17:27:43,163 - INFO - D:\WorkSpace\Education-RAG\rag_qa\core\document_processor.py - process_documents - document_processor - 148 - 处理文档成功:父块doc_0_parent_0:子块:doc_0_parent_0_child_2
2026-08-01 17:27:43,165 - WARNING - D:\WorkSpace\Education-RAG\rag_qa\core\document_processor.py - process_documents - document_processor - 149 - ====================================================================================================
2026-08-01 17:27:43,168 - INFO - D:\WorkSpace\Education-RAG\rag_qa\core\document_processor.py - process_documents - document_processor - 148 - 处理文档成功:父块doc_0_parent_1:子块:doc_0_parent_1_child_0
2026-08-01 17:27:43,171 - WARNING - D:\WorkSpace\Education-RAG\rag_qa\core\document_processor.py - process_documents - document_processor - 149 - ====================================================================================================
2026-08-01 17:27:43,177 - INFO - D:\WorkSpace\Education-RAG\rag_qa\core\document_processor.py - process_documents - document_processor - 148 - 处理文档成功:父块doc_0_parent_1:子块:doc_0_parent_1_child_1
2026-08-01 17:27:43,180 - WARNING - D:\WorkSpace\Education-RAG\rag_qa\core\document_processor.py - process_documents - document_processor - 149 - ====================================================================================================
2026-08-01 17:27:43,188 - INFO - D:\WorkSpace\Education-RAG\rag_qa\core\document_processor.py - process_documents - document_processor - 148 - 处理文档成功:父块doc_0_parent_1:子块:doc_0_parent_1_child_2
2026-08-01 17:27:43,190 - WARNING - D:\WorkSpace\Education-RAG\rag_qa\core\document_processor.py - process_documents - document_processor - 149 - ====================================================================================================
2026-08-01 17:27:43,192 - INFO - D:\WorkSpace\Education-RAG\rag_qa\core\document_processor.py - process_documents - document_processor - 148 - 处理文档成功:父块doc_0_parent_1:子块:doc_0_parent_1_child_3
2026-08-01 17:27:43,193 - WARNING - D:\WorkSpace\Education-RAG\rag_qa\core\document_processor.py - process_documents - document_processor - 149 - ====================================================================================================
2026-08-01 17:27:43,194 - INFO - D:\WorkSpace\Education-RAG\rag_qa\core\document_processor.py - process_documents - document_processor - 148 - 处理文档成功:父块doc_0_parent_1:子块:doc_0_parent_1_child_4
2026-08-01 17:27:43,196 - WARNING - D:\WorkSpace\Education-RAG\rag_qa\core\document_processor.py - process_documents - document_processor - 149 - ====================================================================================================
2026-08-01 17:27:43,197 - INFO - D:\WorkSpace\Education-RAG\rag_qa\core\document_processor.py - process_documents - document_processor - 148 - 处理文档成功:父块doc_0_parent_1:子块:doc_0_parent_1_child_5
2026-08-01 17:27:43,199 - WARNING - D:\WorkSpace\Education-RAG\rag_qa\core\document_processor.py - process_documents - document_processor - 149 - ====================================================================================================
2026-08-01 17:27:43,199 - INFO - D:\WorkSpace\Education-RAG\rag_qa\core\document_processor.py - process_documents - document_processor - 148 - 处理文档成功:父块doc_0_parent_2:子块:doc_0_parent_2_child_0
2026-08-01 17:27:43,254 - WARNING - D:\WorkSpace\Education-RAG\rag_qa\core\document_processor.py - process_documents - document_processor - 149 - ====================================================================================================
2026-08-01 17:27:43,254 - INFO - D:\WorkSpace\Education-RAG\rag_qa\core\document_processor.py - process_documents - document_processor - 148 - 处理文档成功:父块doc_0_parent_2:子块:doc_0_parent_2_child_1
2026-08-01 17:27:43,254 - WARNING - D:\WorkSpace\Education-RAG\rag_qa\core\document_processor.py - process_documents - document_processor - 149 - ====================================================================================================
2026-08-01 17:27:43,255 - INFO - D:\WorkSpace\Education-RAG\rag_qa\core\document_processor.py - process_documents - document_processor - 148 - 处理文档成功:父块doc_0_parent_2:子块:doc_0_parent_2_child_2
2026-08-01 17:27:43,256 - WARNING - D:\WorkSpace\Education-RAG\rag_qa\core\document_processor.py - process_documents - document_processor - 149 - ====================================================================================================
2026-08-01 17:27:43,256 - INFO - D:\WorkSpace\Education-RAG\rag_qa\core\document_processor.py - process_documents - document_processor - 148 - 处理文档成功:父块doc_0_parent_2:子块:doc_0_parent_2_child_3
2026-08-01 17:27:43,257 - WARNING - D:\WorkSpace\Education-RAG\rag_qa\core\document_processor.py - process_documents - document_processor - 149 - ====================================================================================================
2026-08-01 17:27:43,257 - INFO - D:\WorkSpace\Education-RAG\rag_qa\core\document_processor.py - process_documents - document_processor - 148 - 处理文档成功:父块doc_0_parent_2:子块:doc_0_parent_2_child_4
2026-08-01 17:27:43,258 - WARNING - D:\WorkSpace\Education-RAG\rag_qa\core\document_processor.py - process_documents - document_processor - 149 - ====================================================================================================
2026-08-01 17:27:43,258 - INFO - D:\WorkSpace\Education-RAG\rag_qa\core\document_processor.py - process_documents - document_processor - 148 - 处理文档成功:父块doc_0_parent_2:子块:doc_0_parent_2_child_5
2026-08-01 17:27:43,259 - WARNING - D:\WorkSpace\Education-RAG\rag_qa\core\document_processor.py - process_documents - document_processor - 149 - ====================================================================================================
2026-08-01 17:27:43,260 - INFO - D:\WorkSpace\Education-RAG\rag_qa\core\document_processor.py - process_documents - document_processor - 148 - 处理文档成功:父块doc_0_parent_3:子块:doc_0_parent_3_child_0
2026-08-01 17:27:43,261 - WARNING - D:\WorkSpace\Education-RAG\rag_qa\core\document_processor.py - process_documents - document_processor - 149 - ====================================================================================================
2026-08-01 17:27:43,261 - INFO - D:\WorkSpace\Education-RAG\rag_qa\core\document_processor.py - process_documents - document_processor - 148 - 处理文档成功:父块doc_0_parent_3:子块:doc_0_parent_3_child_1
2026-08-01 17:27:43,261 - WARNING - D:\WorkSpace\Education-RAG\rag_qa\core\document_processor.py - process_documents - document_processor - 149 - ====================================================================================================
2026-08-01 17:27:43,261 - INFO - D:\WorkSpace\Education-RAG\rag_qa\core\document_processor.py - process_documents - document_processor - 148 - 处理文档成功:父块doc_0_parent_3:子块:doc_0_parent_3_child_2
2026-08-01 17:27:43,262 - WARNING - D:\WorkSpace\Education-RAG\rag_qa\core\document_processor.py - process_documents - document_processor - 149 - ====================================================================================================
2026-08-01 17:27:43,330 - INFO - D:\WorkSpace\Education-RAG\rag_qa\core\document_processor.py - process_documents - document_processor - 148 - 处理文档成功:父块doc_0_parent_3:子块:doc_0_parent_3_child_3
2026-08-01 17:27:43,331 - WARNING - D:\WorkSpace\Education-RAG\rag_qa\core\document_processor.py - process_documents - document_processor - 149 - ====================================================================================================
2026-08-01 17:27:43,332 - INFO - D:\WorkSpace\Education-RAG\rag_qa\core\document_processor.py - process_documents - document_processor - 148 - 处理文档成功:父块doc_0_parent_3:子块:doc_0_parent_3_child_4
2026-08-01 17:27:43,333 - WARNING - D:\WorkSpace\Education-RAG\rag_qa\core\document_processor.py - process_documents - document_processor - 149 - ====================================================================================================
2026-08-01 17:27:43,334 - INFO - D:\WorkSpace\Education-RAG\rag_qa\core\document_processor.py - process_documents - document_processor - 148 - 处理文档成功:父块doc_0_parent_4:子块:doc_0_parent_4_child_0
2026-08-01 17:27:43,335 - WARNING - D:\WorkSpace\Education-RAG\rag_qa\core\document_processor.py - process_documents - document_processor - 149 - ====================================================================================================
2026-08-01 17:27:43,336 - INFO - D:\WorkSpace\Education-RAG\rag_qa\core\document_processor.py - process_documents - document_processor - 148 - 处理文档成功:父块doc_0_parent_4:子块:doc_0_parent_4_child_1
2026-08-01 17:27:43,337 - WARNING - D:\WorkSpace\Education-RAG\rag_qa\core\document_processor.py - process_documents - document_processor - 149 - ====================================================================================================
2026-08-01 17:27:43,338 - INFO - D:\WorkSpace\Education-RAG\rag_qa\core\document_processor.py - process_documents - document_processor - 148 - 处理文档成功:父块doc_0_parent_4:子块:doc_0_parent_4_child_2
2026-08-01 17:27:43,339 - WARNING - D:\WorkSpace\Education-RAG\rag_qa\core\document_processor.py - process_documents - document_processor - 149 - ====================================================================================================
2026-08-01 17:27:43,341 - INFO - D:\WorkSpace\Education-RAG\rag_qa\core\document_processor.py - process_documents - document_processor - 148 - 处理文档成功:父块doc_0_parent_4:子块:doc_0_parent_4_child_3
2026-08-01 17:27:43,341 - WARNING - D:\WorkSpace\Education-RAG\rag_qa\core\document_processor.py - process_documents - document_processor - 149 - ====================================================================================================
2026-08-01 17:27:43,342 - INFO - D:\WorkSpace\Education-RAG\rag_qa\core\document_processor.py - process_documents - document_processor - 148 - 处理文档成功:父块doc_0_parent_4:子块:doc_0_parent_4_child_4
2026-08-01 17:27:43,344 - WARNING - D:\WorkSpace\Education-RAG\rag_qa\core\document_processor.py - process_documents - document_processor - 149 - ====================================================================================================
2026-08-01 17:27:43,346 - INFO - D:\WorkSpace\Education-RAG\rag_qa\core\document_processor.py - process_documents - document_processor - 148 - 处理文档成功:父块doc_0_parent_4:子块:doc_0_parent_4_child_5
2026-08-01 17:27:43,348 - WARNING - D:\WorkSpace\Education-RAG\rag_qa\core\document_processor.py - process_documents - document_processor - 149 - ====================================================================================================
2026-08-01 17:27:43,349 - INFO - D:\WorkSpace\Education-RAG\rag_qa\core\document_processor.py - process_documents - document_processor - 148 - 处理文档成功:父块doc_0_parent_5:子块:doc_0_parent_5_child_0
2026-08-01 17:27:43,431 - WARNING - D:\WorkSpace\Education-RAG\rag_qa\core\document_processor.py - process_documents - document_processor - 149 - ====================================================================================================
2026-08-01 17:27:43,432 - INFO - D:\WorkSpace\Education-RAG\rag_qa\core\document_processor.py - process_documents - document_processor - 148 - 处理文档成功:父块doc_0_parent_6:子块:doc_0_parent_6_child_0
2026-08-01 17:27:43,432 - WARNING - D:\WorkSpace\Education-RAG\rag_qa\core\document_processor.py - process_documents - document_processor - 149 - ====================================================================================================
2026-08-01 17:27:43,433 - INFO - D:\WorkSpace\Education-RAG\rag_qa\core\document_processor.py - process_documents - document_processor - 148 - 处理文档成功:父块doc_0_parent_6:子块:doc_0_parent_6_child_1
2026-08-01 17:27:43,433 - WARNING - D:\WorkSpace\Education-RAG\rag_qa\core\document_processor.py - process_documents - document_processor - 149 - ====================================================================================================
2026-08-01 17:27:43,434 - INFO - D:\WorkSpace\Education-RAG\rag_qa\core\document_processor.py - process_documents - document_processor - 148 - 处理文档成功:父块doc_0_parent_6:子块:doc_0_parent_6_child_2
2026-08-01 17:27:43,435 - WARNING - D:\WorkSpace\Education-RAG\rag_qa\core\document_processor.py - process_documents - document_processor - 149 - ====================================================================================================
2026-08-01 17:27:43,435 - INFO - D:\WorkSpace\Education-RAG\rag_qa\core\document_processor.py - process_documents - document_processor - 148 - 处理文档成功:父块doc_0_parent_6:子块:doc_0_parent_6_child_3
2026-08-01 17:27:43,436 - WARNING - D:\WorkSpace\Education-RAG\rag_qa\core\document_processor.py - process_documents - document_processor - 149 - ====================================================================================================
2026-08-01 17:27:43,436 - INFO - D:\WorkSpace\Education-RAG\rag_qa\core\document_processor.py - process_documents - document_processor - 148 - 处理文档成功:父块doc_0_parent_6:子块:doc_0_parent_6_child_4
2026-08-01 17:27:43,437 - WARNING - D:\WorkSpace\Education-RAG\rag_qa\core\document_processor.py - process_documents - document_processor - 149 - ====================================================================================================
2026-08-01 17:27:43,438 - INFO - D:\WorkSpace\Education-RAG\rag_qa\core\document_processor.py - process_documents - document_processor - 148 - 处理文档成功:父块doc_0_parent_7:子块:doc_0_parent_7_child_0
2026-08-01 17:27:43,439 - WARNING - D:\WorkSpace\Education-RAG\rag_qa\core\document_processor.py - process_documents - document_processor - 149 - ====================================================================================================
2026-08-01 17:27:43,439 - INFO - D:\WorkSpace\Education-RAG\rag_qa\core\document_processor.py - process_documents - document_processor - 148 - 处理文档成功:父块doc_0_parent_7:子块:doc_0_parent_7_child_1
2026-08-01 17:27:43,440 - WARNING - D:\WorkSpace\Education-RAG\rag_qa\core\document_processor.py - process_documents - document_processor - 149 - ====================================================================================================
2026-08-01 17:27:43,441 - INFO - D:\WorkSpace\Education-RAG\rag_qa\core\document_processor.py - process_documents - document_processor - 148 - 处理文档成功:父块doc_0_parent_7:子块:doc_0_parent_7_child_2
2026-08-01 17:27:43,441 - WARNING - D:\WorkSpace\Education-RAG\rag_qa\core\document_processor.py - process_documents - document_processor - 149 - ====================================================================================================
2026-08-01 17:27:43,494 - INFO - D:\WorkSpace\Education-RAG\rag_qa\core\document_processor.py - process_documents - document_processor - 148 - 处理文档成功:父块doc_0_parent_7:子块:doc_0_parent_7_child_3
2026-08-01 17:27:43,494 - WARNING - D:\WorkSpace\Education-RAG\rag_qa\core\document_processor.py - process_documents - document_processor - 149 - ====================================================================================================
2026-08-01 17:27:43,495 - INFO - D:\WorkSpace\Education-RAG\rag_qa\core\document_processor.py - process_documents - document_processor - 148 - 处理文档成功:父块doc_0_parent_7:子块:doc_0_parent_7_child_4
2026-08-01 17:27:43,496 - WARNING - D:\WorkSpace\Education-RAG\rag_qa\core\document_processor.py - process_documents - document_processor - 149 - ====================================================================================================
2026-08-01 17:27:43,497 - INFO - D:\WorkSpace\Education-RAG\rag_qa\core\document_processor.py - process_documents - document_processor - 148 - 处理文档成功:父块doc_0_parent_7:子块:doc_0_parent_7_child_5
2026-08-01 17:27:43,498 - WARNING - D:\WorkSpace\Education-RAG\rag_qa\core\document_processor.py - process_documents - document_processor - 149 - ====================================================================================================
2026-08-01 17:27:43,499 - INFO - D:\WorkSpace\Education-RAG\rag_qa\core\document_processor.py - process_documents - document_processor - 148 - 处理文档成功:父块doc_0_parent_8:子块:doc_0_parent_8_child_0
2026-08-01 17:27:43,500 - WARNING - D:\WorkSpace\Education-RAG\rag_qa\core\document_processor.py - process_documents - document_processor - 149 - ====================================================================================================
2026-08-01 17:27:43,500 - INFO - D:\WorkSpace\Education-RAG\rag_qa\core\document_processor.py - process_documents - document_processor - 148 - 处理文档成功:父块doc_0_parent_8:子块:doc_0_parent_8_child_1
2026-08-01 17:27:43,501 - WARNING - D:\WorkSpace\Education-RAG\rag_qa\core\document_processor.py - process_documents - document_processor - 149 - ====================================================================================================
2026-08-01 17:27:43,502 - INFO - D:\WorkSpace\Education-RAG\rag_qa\core\document_processor.py - process_documents - document_processor - 148 - 处理文档成功:父块doc_0_parent_8:子块:doc_0_parent_8_child_2
2026-08-01 17:27:43,502 - WARNING - D:\WorkSpace\Education-RAG\rag_qa\core\document_processor.py - process_documents - document_processor - 149 - ====================================================================================================
2026-08-01 17:27:43,503 - INFO - D:\WorkSpace\Education-RAG\rag_qa\core\document_processor.py - process_documents - document_processor - 148 - 处理文档成功:父块doc_0_parent_9:子块:doc_0_parent_9_child_0
2026-08-01 17:27:43,503 - WARNING - D:\WorkSpace\Education-RAG\rag_qa\core\document_processor.py - process_documents - document_processor - 149 - ====================================================================================================
2026-08-01 17:27:43,504 - INFO - D:\WorkSpace\Education-RAG\rag_qa\core\document_processor.py - process_documents - document_processor - 148 - 处理文档成功:父块doc_0_parent_9:子块:doc_0_parent_9_child_1
2026-08-01 17:27:43,505 - WARNING - D:\WorkSpace\Education-RAG\rag_qa\core\document_processor.py - process_documents - document_processor - 149 - ====================================================================================================
2026-08-01 17:27:43,505 - INFO - D:\WorkSpace\Education-RAG\rag_qa\core\document_processor.py - process_documents - document_processor - 148 - 处理文档成功:父块doc_0_parent_9:子块:doc_0_parent_9_child_2
2026-08-01 17:27:43,583 - WARNING - D:\WorkSpace\Education-RAG\rag_qa\core\document_processor.py - process_documents - document_processor - 149 - ====================================================================================================
2026-08-01 17:27:43,583 - INFO - D:\WorkSpace\Education-RAG\rag_qa\core\document_processor.py - process_documents - document_processor - 148 - 处理文档成功:父块doc_0_parent_9:子块:doc_0_parent_9_child_3
2026-08-01 17:27:43,584 - WARNING - D:\WorkSpace\Education-RAG\rag_qa\core\document_processor.py - process_documents - document_processor - 149 - ====================================================================================================
2026-08-01 17:27:43,584 - INFO - D:\WorkSpace\Education-RAG\rag_qa\core\document_processor.py - process_documents - document_processor - 148 - 处理文档成功:父块doc_0_parent_9:子块:doc_0_parent_9_child_4
2026-08-01 17:27:43,585 - WARNING - D:\WorkSpace\Education-RAG\rag_qa\core\document_processor.py - process_documents - document_processor - 149 - ====================================================================================================
2026-08-01 17:27:43,585 - INFO - D:\WorkSpace\Education-RAG\rag_qa\core\document_processor.py - process_documents - document_processor - 148 - 处理文档成功:父块doc_0_parent_9:子块:doc_0_parent_9_child_5
2026-08-01 17:27:43,585 - WARNING - D:\WorkSpace\Education-RAG\rag_qa\core\document_processor.py - process_documents - document_processor - 149 - ====================================================================================================
2026-08-01 17:27:43,586 - INFO - D:\WorkSpace\Education-RAG\rag_qa\core\document_processor.py - process_documents - document_processor - 148 - 处理文档成功:父块doc_0_parent_10:子块:doc_0_parent_10_child_0
2026-08-01 17:27:43,587 - WARNING - D:\WorkSpace\Education-RAG\rag_qa\core\document_processor.py - process_documents - document_processor - 149 - ====================================================================================================
2026-08-01 17:27:43,588 - INFO - D:\WorkSpace\Education-RAG\rag_qa\core\document_processor.py - process_documents - document_processor - 148 - 处理文档成功:父块doc_0_parent_11:子块:doc_0_parent_11_child_0
2026-08-01 17:27:43,589 - WARNING - D:\WorkSpace\Education-RAG\rag_qa\core\document_processor.py - process_documents - document_processor - 149 - ====================================================================================================
2026-08-01 17:27:43,589 - INFO - D:\WorkSpace\Education-RAG\rag_qa\core\document_processor.py - process_documents - document_processor - 148 - 处理文档成功:父块doc_0_parent_11:子块:doc_0_parent_11_child_1
2026-08-01 17:27:43,590 - WARNING - D:\WorkSpace\Education-RAG\rag_qa\core\document_processor.py - process_documents - document_processor - 149 - ====================================================================================================
2026-08-01 17:27:43,590 - INFO - D:\WorkSpace\Education-RAG\rag_qa\core\document_processor.py - process_documents - document_processor - 148 - 处理文档成功:父块doc_0_parent_11:子块:doc_0_parent_11_child_2
2026-08-01 17:27:43,591 - WARNING - D:\WorkSpace\Education-RAG\rag_qa\core\document_processor.py - process_documents - document_processor - 149 - ====================================================================================================
2026-08-01 17:27:43,592 - INFO - D:\WorkSpace\Education-RAG\rag_qa\core\document_processor.py - process_documents - document_processor - 148 - 处理文档成功:父块doc_0_parent_11:子块:doc_0_parent_11_child_3
2026-08-01 17:27:43,593 - WARNING - D:\WorkSpace\Education-RAG\rag_qa\core\document_processor.py - process_documents - document_processor - 149 - ====================================================================================================
2026-08-01 17:27:43,610 - INFO - D:\WorkSpace\Education-RAG\rag_qa\core\document_processor.py - process_documents - document_processor - 148 - 处理文档成功:父块doc_1_parent_0:子块:doc_1_parent_0_child_0
2026-08-01 17:27:43,612 - WARNING - D:\WorkSpace\Education-RAG\rag_qa\core\document_processor.py - process_documents - document_processor - 149 - ====================================================================================================
2026-08-01 17:27:43,612 - INFO - D:\WorkSpace\Education-RAG\rag_qa\core\document_processor.py - process_documents - document_processor - 148 - 处理文档成功:父块doc_1_parent_0:子块:doc_1_parent_0_child_1
2026-08-01 17:27:43,613 - WARNING - D:\WorkSpace\Education-RAG\rag_qa\core\document_processor.py - process_documents - document_processor - 149 - ====================================================================================================
2026-08-01 17:27:43,613 - INFO - D:\WorkSpace\Education-RAG\rag_qa\core\document_processor.py - process_documents - document_processor - 148 - 处理文档成功:父块doc_1_parent_0:子块:doc_1_parent_0_child_2
2026-08-01 17:27:43,613 - WARNING - D:\WorkSpace\Education-RAG\rag_qa\core\document_processor.py - process_documents - document_processor - 149 - ====================================================================================================
2026-08-01 17:27:43,614 - INFO - D:\WorkSpace\Education-RAG\rag_qa\core\document_processor.py - process_documents - document_processor - 148 - 处理文档成功:父块doc_1_parent_0:子块:doc_1_parent_0_child_3
2026-08-01 17:27:43,614 - WARNING - D:\WorkSpace\Education-RAG\rag_qa\core\document_processor.py - process_documents - document_processor - 149 - ====================================================================================================
2026-08-01 17:27:43,615 - INFO - D:\WorkSpace\Education-RAG\rag_qa\core\document_processor.py - process_documents - document_processor - 148 - 处理文档成功:父块doc_1_parent_0:子块:doc_1_parent_0_child_4
2026-08-01 17:27:43,615 - WARNING - D:\WorkSpace\Education-RAG\rag_qa\core\document_processor.py - process_documents - document_processor - 149 - ====================================================================================================
2026-08-01 17:27:43,616 - INFO - D:\WorkSpace\Education-RAG\rag_qa\core\document_processor.py - process_documents - document_processor - 148 - 处理文档成功:父块doc_1_parent_0:子块:doc_1_parent_0_child_5
2026-08-01 17:27:43,616 - WARNING - D:\WorkSpace\Education-RAG\rag_qa\core\document_processor.py - process_documents - document_processor - 149 - ====================================================================================================
2026-08-01 17:27:43,621 - INFO - D:\WorkSpace\Education-RAG\rag_qa\core\document_processor.py - process_documents - document_processor - 148 - 处理文档成功:父块doc_1_parent_1:子块:doc_1_parent_1_child_0
2026-08-01 17:27:43,621 - WARNING - D:\WorkSpace\Education-RAG\rag_qa\core\document_processor.py - process_documents - document_processor - 149 - ====================================================================================================
2026-08-01 17:27:43,622 - INFO - D:\WorkSpace\Education-RAG\rag_qa\core\document_processor.py - process_documents - document_processor - 148 - 处理文档成功:父块doc_1_parent_1:子块:doc_1_parent_1_child_1
2026-08-01 17:27:43,622 - WARNING - D:\WorkSpace\Education-RAG\rag_qa\core\document_processor.py - process_documents - document_processor - 149 - ====================================================================================================
2026-08-01 17:27:43,623 - INFO - D:\WorkSpace\Education-RAG\rag_qa\core\document_processor.py - process_documents - document_processor - 148 - 处理文档成功:父块doc_1_parent_1:子块:doc_1_parent_1_child_2
2026-08-01 17:27:43,637 - WARNING - D:\WorkSpace\Education-RAG\rag_qa\core\document_processor.py - process_documents - document_processor - 149 - ====================================================================================================
2026-08-01 17:27:43,638 - INFO - D:\WorkSpace\Education-RAG\rag_qa\core\document_processor.py - process_documents - document_processor - 148 - 处理文档成功:父块doc_1_parent_1:子块:doc_1_parent_1_child_3
2026-08-01 17:27:43,638 - WARNING - D:\WorkSpace\Education-RAG\rag_qa\core\document_processor.py - process_documents - document_processor - 149 - ====================================================================================================
2026-08-01 17:27:43,638 - INFO - D:\WorkSpace\Education-RAG\rag_qa\core\document_processor.py - process_documents - document_processor - 148 - 处理文档成功:父块doc_1_parent_1:子块:doc_1_parent_1_child_4
2026-08-01 17:27:43,639 - WARNING - D:\WorkSpace\Education-RAG\rag_qa\core\document_processor.py - process_documents - document_processor - 149 - ====================================================================================================
2026-08-01 17:27:43,640 - INFO - D:\WorkSpace\Education-RAG\rag_qa\core\document_processor.py - process_documents - document_processor - 148 - 处理文档成功:父块doc_1_parent_2:子块:doc_1_parent_2_child_0
2026-08-01 17:27:43,641 - WARNING - D:\WorkSpace\Education-RAG\rag_qa\core\document_processor.py - process_documents - document_processor - 149 - ====================================================================================================
2026-08-01 17:27:43,642 - INFO - D:\WorkSpace\Education-RAG\rag_qa\core\document_processor.py - process_documents - document_processor - 148 - 处理文档成功:父块doc_1_parent_2:子块:doc_1_parent_2_child_1
2026-08-01 17:27:43,642 - WARNING - D:\WorkSpace\Education-RAG\rag_qa\core\document_processor.py - process_documents - document_processor - 149 - ====================================================================================================
2026-08-01 17:27:43,643 - INFO - D:\WorkSpace\Education-RAG\rag_qa\core\document_processor.py - process_documents - document_processor - 148 - 处理文档成功:父块doc_1_parent_2:子块:doc_1_parent_2_child_2
2026-08-01 17:27:43,643 - WARNING - D:\WorkSpace\Education-RAG\rag_qa\core\document_processor.py - process_documents - document_processor - 149 - ====================================================================================================
2026-08-01 17:27:43,643 - INFO - D:\WorkSpace\Education-RAG\rag_qa\core\document_processor.py - process_documents - document_processor - 148 - 处理文档成功:父块doc_1_parent_2:子块:doc_1_parent_2_child_3
2026-08-01 17:27:43,643 - WARNING - D:\WorkSpace\Education-RAG\rag_qa\core\document_processor.py - process_documents - document_processor - 149 - ====================================================================================================
2026-08-01 17:27:43,643 - INFO - D:\WorkSpace\Education-RAG\rag_qa\core\document_processor.py - process_documents - document_processor - 148 - 处理文档成功:父块doc_1_parent_2:子块:doc_1_parent_2_child_4
2026-08-01 17:27:43,644 - WARNING - D:\WorkSpace\Education-RAG\rag_qa\core\document_processor.py - process_documents - document_processor - 149 - ====================================================================================================
2026-08-01 17:27:43,645 - INFO - D:\WorkSpace\Education-RAG\rag_qa\core\document_processor.py - process_documents - document_processor - 148 - 处理文档成功:父块doc_1_parent_2:子块:doc_1_parent_2_child_5
2026-08-01 17:27:43,645 - WARNING - D:\WorkSpace\Education-RAG\rag_qa\core\document_processor.py - process_documents - document_processor - 149 - ====================================================================================================
2026-08-01 17:27:43,679 - INFO - D:\WorkSpace\Education-RAG\rag_qa\core\document_processor.py - process_documents - document_processor - 148 - 处理文档成功:父块doc_1_parent_3:子块:doc_1_parent_3_child_0
2026-08-01 17:27:43,680 - WARNING - D:\WorkSpace\Education-RAG\rag_qa\core\document_processor.py - process_documents - document_processor - 149 - ====================================================================================================
2026-08-01 17:27:43,681 - INFO - D:\WorkSpace\Education-RAG\rag_qa\core\document_processor.py - process_documents - document_processor - 148 - 处理文档成功:父块doc_1_parent_3:子块:doc_1_parent_3_child_1
2026-08-01 17:27:43,681 - WARNING - D:\WorkSpace\Education-RAG\rag_qa\core\document_processor.py - process_documents - document_processor - 149 - ====================================================================================================
2026-08-01 17:27:43,682 - INFO - D:\WorkSpace\Education-RAG\rag_qa\core\document_processor.py - process_documents - document_processor - 148 - 处理文档成功:父块doc_1_parent_3:子块:doc_1_parent_3_child_2
2026-08-01 17:27:43,682 - WARNING - D:\WorkSpace\Education-RAG\rag_qa\core\document_processor.py - process_documents - document_processor - 149 - ====================================================================================================
2026-08-01 17:27:43,682 - INFO - D:\WorkSpace\Education-RAG\rag_qa\core\document_processor.py - process_documents - document_processor - 148 - 处理文档成功:父块doc_1_parent_3:子块:doc_1_parent_3_child_3
2026-08-01 17:27:43,682 - WARNING - D:\WorkSpace\Education-RAG\rag_qa\core\document_processor.py - process_documents - document_processor - 149 - ====================================================================================================
2026-08-01 17:27:43,682 - INFO - D:\WorkSpace\Education-RAG\rag_qa\core\document_processor.py - process_documents - document_processor - 148 - 处理文档成功:父块doc_1_parent_3:子块:doc_1_parent_3_child_4
2026-08-01 17:27:43,683 - WARNING - D:\WorkSpace\Education-RAG\rag_qa\core\document_processor.py - process_documents - document_processor - 149 - ====================================================================================================
2026-08-01 17:27:43,684 - INFO - D:\WorkSpace\Education-RAG\rag_qa\core\document_processor.py - process_documents - document_processor - 148 - 处理文档成功:父块doc_1_parent_4:子块:doc_1_parent_4_child_0
2026-08-01 17:27:43,684 - WARNING - D:\WorkSpace\Education-RAG\rag_qa\core\document_processor.py - process_documents - document_processor - 149 - ====================================================================================================
2026-08-01 17:27:43,685 - INFO - D:\WorkSpace\Education-RAG\rag_qa\core\document_processor.py - process_documents - document_processor - 148 - 处理文档成功:父块doc_1_parent_4:子块:doc_1_parent_4_child_1
2026-08-01 17:27:43,686 - WARNING - D:\WorkSpace\Education-RAG\rag_qa\core\document_processor.py - process_documents - document_processor - 149 - ====================================================================================================
2026-08-01 17:27:43,686 - INFO - D:\WorkSpace\Education-RAG\rag_qa\core\document_processor.py - process_documents - document_processor - 148 - 处理文档成功:父块doc_1_parent_4:子块:doc_1_parent_4_child_2
2026-08-01 17:27:43,687 - WARNING - D:\WorkSpace\Education-RAG\rag_qa\core\document_processor.py - process_documents - document_processor - 149 - ====================================================================================================
2026-08-01 17:27:43,687 - INFO - D:\WorkSpace\Education-RAG\rag_qa\core\document_processor.py - process_documents - document_processor - 148 - 处理文档成功:父块doc_1_parent_4:子块:doc_1_parent_4_child_3
2026-08-01 17:27:43,730 - WARNING - D:\WorkSpace\Education-RAG\rag_qa\core\document_processor.py - process_documents - document_processor - 149 - ====================================================================================================
2026-08-01 17:27:43,731 - INFO - D:\WorkSpace\Education-RAG\rag_qa\core\document_processor.py - process_documents - document_processor - 148 - 处理文档成功:父块doc_1_parent_4:子块:doc_1_parent_4_child_4
2026-08-01 17:27:43,731 - WARNING - D:\WorkSpace\Education-RAG\rag_qa\core\document_processor.py - process_documents - document_processor - 149 - ====================================================================================================
2026-08-01 17:27:43,732 - INFO - D:\WorkSpace\Education-RAG\rag_qa\core\document_processor.py - process_documents - document_processor - 148 - 处理文档成功:父块doc_1_parent_5:子块:doc_1_parent_5_child_0
2026-08-01 17:27:43,732 - WARNING - D:\WorkSpace\Education-RAG\rag_qa\core\document_processor.py - process_documents - document_processor - 149 - ====================================================================================================
2026-08-01 17:27:43,733 - INFO - D:\WorkSpace\Education-RAG\rag_qa\core\document_processor.py - process_documents - document_processor - 148 - 处理文档成功:父块doc_1_parent_5:子块:doc_1_parent_5_child_1
2026-08-01 17:27:43,734 - WARNING - D:\WorkSpace\Education-RAG\rag_qa\core\document_processor.py - process_documents - document_processor - 149 - ====================================================================================================
2026-08-01 17:27:43,734 - INFO - D:\WorkSpace\Education-RAG\rag_qa\core\document_processor.py - process_documents - document_processor - 148 - 处理文档成功:父块doc_1_parent_5:子块:doc_1_parent_5_child_2
2026-08-01 17:27:43,735 - WARNING - D:\WorkSpace\Education-RAG\rag_qa\core\document_processor.py - process_documents - document_processor - 149 - ====================================================================================================
2026-08-01 17:27:43,735 - INFO - D:\WorkSpace\Education-RAG\rag_qa\core\document_processor.py - process_documents - document_processor - 148 - 处理文档成功:父块doc_1_parent_5:子块:doc_1_parent_5_child_3
2026-08-01 17:27:43,736 - WARNING - D:\WorkSpace\Education-RAG\rag_qa\core\document_processor.py - process_documents - document_processor - 149 - ====================================================================================================
2026-08-01 17:27:43,737 - INFO - D:\WorkSpace\Education-RAG\rag_qa\core\document_processor.py - process_documents - document_processor - 148 - 处理文档成功:父块doc_1_parent_5:子块:doc_1_parent_5_child_4
2026-08-01 17:27:43,737 - WARNING - D:\WorkSpace\Education-RAG\rag_qa\core\document_processor.py - process_documents - document_processor - 149 - ====================================================================================================
2026-08-01 17:27:43,738 - INFO - D:\WorkSpace\Education-RAG\rag_qa\core\document_processor.py - process_documents - document_processor - 148 - 处理文档成功:父块doc_1_parent_6:子块:doc_1_parent_6_child_0
2026-08-01 17:27:43,738 - WARNING - D:\WorkSpace\Education-RAG\rag_qa\core\document_processor.py - process_documents - document_processor - 149 - ====================================================================================================
2026-08-01 17:27:43,739 - INFO - D:\WorkSpace\Education-RAG\rag_qa\core\document_processor.py - process_documents - document_processor - 148 - 处理文档成功:父块doc_1_parent_6:子块:doc_1_parent_6_child_1
2026-08-01 17:27:43,739 - WARNING - D:\WorkSpace\Education-RAG\rag_qa\core\document_processor.py - process_documents - document_processor - 149 - ====================================================================================================
2026-08-01 17:27:43,786 - INFO - D:\WorkSpace\Education-RAG\rag_qa\core\document_processor.py - process_documents - document_processor - 148 - 处理文档成功:父块doc_1_parent_6:子块:doc_1_parent_6_child_2
2026-08-01 17:27:43,786 - WARNING - D:\WorkSpace\Education-RAG\rag_qa\core\document_processor.py - process_documents - document_processor - 149 - ====================================================================================================
2026-08-01 17:27:43,787 - INFO - D:\WorkSpace\Education-RAG\rag_qa\core\document_processor.py - process_documents - document_processor - 148 - 处理文档成功:父块doc_1_parent_6:子块:doc_1_parent_6_child_3
2026-08-01 17:27:43,787 - WARNING - D:\WorkSpace\Education-RAG\rag_qa\core\document_processor.py - process_documents - document_processor - 149 - ====================================================================================================
2026-08-01 17:27:43,788 - INFO - D:\WorkSpace\Education-RAG\rag_qa\core\document_processor.py - process_documents - document_processor - 148 - 处理文档成功:父块doc_1_parent_7:子块:doc_1_parent_7_child_0
2026-08-01 17:27:43,788 - WARNING - D:\WorkSpace\Education-RAG\rag_qa\core\document_processor.py - process_documents - document_processor - 149 - ====================================================================================================
2026-08-01 17:27:43,789 - INFO - D:\WorkSpace\Education-RAG\rag_qa\core\document_processor.py - process_documents - document_processor - 148 - 处理文档成功:父块doc_1_parent_7:子块:doc_1_parent_7_child_1
2026-08-01 17:27:43,789 - WARNING - D:\WorkSpace\Education-RAG\rag_qa\core\document_processor.py - process_documents - document_processor - 149 - ====================================================================================================
2026-08-01 17:27:43,791 - INFO - D:\WorkSpace\Education-RAG\rag_qa\core\document_processor.py - process_documents - document_processor - 148 - 处理文档成功:父块doc_1_parent_8:子块:doc_1_parent_8_child_0
2026-08-01 17:27:43,791 - WARNING - D:\WorkSpace\Education-RAG\rag_qa\core\document_processor.py - process_documents - document_processor - 149 - ====================================================================================================
2026-08-01 17:27:43,792 - INFO - D:\WorkSpace\Education-RAG\rag_qa\core\document_processor.py - process_documents - document_processor - 148 - 处理文档成功:父块doc_1_parent_8:子块:doc_1_parent_8_child_1
2026-08-01 17:27:43,792 - WARNING - D:\WorkSpace\Education-RAG\rag_qa\core\document_processor.py - process_documents - document_processor - 149 - ====================================================================================================
2026-08-01 17:27:43,793 - INFO - D:\WorkSpace\Education-RAG\rag_qa\core\document_processor.py - process_documents - document_processor - 148 - 处理文档成功:父块doc_1_parent_8:子块:doc_1_parent_8_child_2
2026-08-01 17:27:43,793 - WARNING - D:\WorkSpace\Education-RAG\rag_qa\core\document_processor.py - process_documents - document_processor - 149 - ====================================================================================================
2026-08-01 17:27:43,793 - INFO - D:\WorkSpace\Education-RAG\rag_qa\core\document_processor.py - process_documents - document_processor - 148 - 处理文档成功:父块doc_1_parent_8:子块:doc_1_parent_8_child_3
2026-08-01 17:27:43,793 - WARNING - D:\WorkSpace\Education-RAG\rag_qa\core\document_processor.py - process_documents - document_processor - 149 - ====================================================================================================
2026-08-01 17:27:43,794 - INFO - D:\WorkSpace\Education-RAG\rag_qa\core\document_processor.py - process_documents - document_processor - 148 - 处理文档成功:父块doc_1_parent_8:子块:doc_1_parent_8_child_4
2026-08-01 17:27:43,830 - WARNING - D:\WorkSpace\Education-RAG\rag_qa\core\document_processor.py - process_documents - document_processor - 149 - ====================================================================================================
2026-08-01 17:27:43,831 - INFO - D:\WorkSpace\Education-RAG\rag_qa\core\document_processor.py - process_documents - document_processor - 148 - 处理文档成功:父块doc_1_parent_9:子块:doc_1_parent_9_child_0
2026-08-01 17:27:43,831 - WARNING - D:\WorkSpace\Education-RAG\rag_qa\core\document_processor.py - process_documents - document_processor - 149 - ====================================================================================================
2026-08-01 17:27:43,832 - INFO - D:\WorkSpace\Education-RAG\rag_qa\core\document_processor.py - process_documents - document_processor - 148 - 处理文档成功:父块doc_1_parent_9:子块:doc_1_parent_9_child_1
2026-08-01 17:27:43,832 - WARNING - D:\WorkSpace\Education-RAG\rag_qa\core\document_processor.py - process_documents - document_processor - 149 - ====================================================================================================
2026-08-01 17:27:43,832 - INFO - D:\WorkSpace\Education-RAG\rag_qa\core\document_processor.py - process_documents - document_processor - 148 - 处理文档成功:父块doc_1_parent_9:子块:doc_1_parent_9_child_2
2026-08-01 17:27:43,833 - WARNING - D:\WorkSpace\Education-RAG\rag_qa\core\document_processor.py - process_documents - document_processor - 149 - ====================================================================================================
2026-08-01 17:27:43,834 - INFO - D:\WorkSpace\Education-RAG\rag_qa\core\document_processor.py - process_documents - document_processor - 148 - 处理文档成功:父块doc_1_parent_9:子块:doc_1_parent_9_child_3
2026-08-01 17:27:43,834 - WARNING - D:\WorkSpace\Education-RAG\rag_qa\core\document_processor.py - process_documents - document_processor - 149 - ====================================================================================================
2026-08-01 17:27:43,835 - INFO - D:\WorkSpace\Education-RAG\rag_qa\core\document_processor.py - process_documents - document_processor - 148 - 处理文档成功:父块doc_1_parent_9:子块:doc_1_parent_9_child_4
2026-08-01 17:27:43,835 - WARNING - D:\WorkSpace\Education-RAG\rag_qa\core\document_processor.py - process_documents - document_processor - 149 - ====================================================================================================
2026-08-01 17:27:43,836 - INFO - D:\WorkSpace\Education-RAG\rag_qa\core\document_processor.py - process_documents - document_processor - 148 - 处理文档成功:父块doc_1_parent_10:子块:doc_1_parent_10_child_0
2026-08-01 17:27:43,836 - WARNING - D:\WorkSpace\Education-RAG\rag_qa\core\document_processor.py - process_documents - document_processor - 149 - ====================================================================================================
2026-08-01 17:27:43,837 - INFO - D:\WorkSpace\Education-RAG\rag_qa\core\document_processor.py - process_documents - document_processor - 148 - 处理文档成功:父块doc_1_parent_10:子块:doc_1_parent_10_child_1
2026-08-01 17:27:43,837 - WARNING - D:\WorkSpace\Education-RAG\rag_qa\core\document_processor.py - process_documents - document_processor - 149 - ====================================================================================================
2026-08-01 17:27:43,837 - INFO - D:\WorkSpace\Education-RAG\rag_qa\core\document_processor.py - process_documents - document_processor - 148 - 处理文档成功:父块doc_1_parent_10:子块:doc_1_parent_10_child_2
2026-08-01 17:27:43,837 - WARNING - D:\WorkSpace\Education-RAG\rag_qa\core\document_processor.py - process_documents - document_processor - 149 - ====================================================================================================
2026-08-01 17:27:43,867 - INFO - D:\WorkSpace\Education-RAG\rag_qa\core\document_processor.py - process_documents - document_processor - 148 - 处理文档成功:父块doc_1_parent_11:子块:doc_1_parent_11_child_0
2026-08-01 17:27:43,869 - WARNING - D:\WorkSpace\Education-RAG\rag_qa\core\document_processor.py - process_documents - document_processor - 149 - ====================================================================================================
2026-08-01 17:27:43,869 - INFO - D:\WorkSpace\Education-RAG\rag_qa\core\document_processor.py - process_documents - document_processor - 148 - 处理文档成功:父块doc_1_parent_11:子块:doc_1_parent_11_child_1
2026-08-01 17:27:43,869 - WARNING - D:\WorkSpace\Education-RAG\rag_qa\core\document_processor.py - process_documents - document_processor - 149 - ====================================================================================================
2026-08-01 17:27:43,870 - INFO - D:\WorkSpace\Education-RAG\rag_qa\core\document_processor.py - process_documents - document_processor - 148 - 处理文档成功:父块doc_1_parent_11:子块:doc_1_parent_11_child_2
2026-08-01 17:27:43,870 - WARNING - D:\WorkSpace\Education-RAG\rag_qa\core\document_processor.py - process_documents - document_processor - 149 - ====================================================================================================
2026-08-01 17:27:43,874 - INFO - D:\WorkSpace\Education-RAG\rag_qa\core\document_processor.py - process_documents - document_processor - 148 - 处理文档成功:父块doc_2_parent_0:子块:doc_2_parent_0_child_0
2026-08-01 17:27:43,874 - WARNING - D:\WorkSpace\Education-RAG\rag_qa\core\document_processor.py - process_documents - document_processor - 149 - ====================================================================================================
2026-08-01 17:27:43,875 - INFO - D:\WorkSpace\Education-RAG\rag_qa\core\document_processor.py - process_documents - document_processor - 148 - 处理文档成功:父块doc_2_parent_1:子块:doc_2_parent_1_child_0
2026-08-01 17:27:43,876 - WARNING - D:\WorkSpace\Education-RAG\rag_qa\core\document_processor.py - process_documents - document_processor - 149 - ====================================================================================================
2026-08-01 17:27:43,876 - INFO - D:\WorkSpace\Education-RAG\rag_qa\core\document_processor.py - process_documents - document_processor - 148 - 处理文档成功:父块doc_2_parent_1:子块:doc_2_parent_1_child_1
2026-08-01 17:27:43,876 - WARNING - D:\WorkSpace\Education-RAG\rag_qa\core\document_processor.py - process_documents - document_processor - 149 - ====================================================================================================
2026-08-01 17:27:43,878 - INFO - D:\WorkSpace\Education-RAG\rag_qa\core\document_processor.py - process_documents - document_processor - 148 - 处理文档成功:父块doc_2_parent_1:子块:doc_2_parent_1_child_2
2026-08-01 17:27:43,878 - WARNING - D:\WorkSpace\Education-RAG\rag_qa\core\document_processor.py - process_documents - document_processor - 149 - ====================================================================================================
2026-08-01 17:27:43,879 - INFO - D:\WorkSpace\Education-RAG\rag_qa\core\document_processor.py - process_documents - document_processor - 148 - 处理文档成功:父块doc_2_parent_1:子块:doc_2_parent_1_child_3
2026-08-01 17:27:43,880 - WARNING - D:\WorkSpace\Education-RAG\rag_qa\core\document_processor.py - process_documents - document_processor - 149 - ====================================================================================================
2026-08-01 17:27:43,880 - INFO - D:\WorkSpace\Education-RAG\rag_qa\core\document_processor.py - process_documents - document_processor - 148 - 处理文档成功:父块doc_2_parent_1:子块:doc_2_parent_1_child_4
2026-08-01 17:27:43,895 - WARNING - D:\WorkSpace\Education-RAG\rag_qa\core\document_processor.py - process_documents - document_processor - 149 - ====================================================================================================
2026-08-01 17:27:43,895 - INFO - D:\WorkSpace\Education-RAG\rag_qa\core\document_processor.py - process_documents - document_processor - 148 - 处理文档成功:父块doc_2_parent_1:子块:doc_2_parent_1_child_5
2026-08-01 17:27:43,897 - WARNING - D:\WorkSpace\Education-RAG\rag_qa\core\document_processor.py - process_documents - document_processor - 149 - ====================================================================================================
2026-08-01 17:27:43,898 - INFO - D:\WorkSpace\Education-RAG\rag_qa\core\document_processor.py - process_documents - document_processor - 148 - 处理文档成功:父块doc_2_parent_2:子块:doc_2_parent_2_child_0
2026-08-01 17:27:43,898 - WARNING - D:\WorkSpace\Education-RAG\rag_qa\core\document_processor.py - process_documents - document_processor - 149 - ====================================================================================================
2026-08-01 17:27:43,899 - INFO - D:\WorkSpace\Education-RAG\rag_qa\core\document_processor.py - process_documents - document_processor - 148 - 处理文档成功:父块doc_2_parent_2:子块:doc_2_parent_2_child_1
2026-08-01 17:27:43,899 - WARNING - D:\WorkSpace\Education-RAG\rag_qa\core\document_processor.py - process_documents - document_processor - 149 - ====================================================================================================
2026-08-01 17:27:43,900 - INFO - D:\WorkSpace\Education-RAG\rag_qa\core\document_processor.py - process_documents - document_processor - 148 - 处理文档成功:父块doc_2_parent_2:子块:doc_2_parent_2_child_2
2026-08-01 17:27:43,900 - WARNING - D:\WorkSpace\Education-RAG\rag_qa\core\document_processor.py - process_documents - document_processor - 149 - ====================================================================================================
2026-08-01 17:27:43,901 - INFO - D:\WorkSpace\Education-RAG\rag_qa\core\document_processor.py - process_documents - document_processor - 148 - 处理文档成功:父块doc_2_parent_2:子块:doc_2_parent_2_child_3
2026-08-01 17:27:43,902 - WARNING - D:\WorkSpace\Education-RAG\rag_qa\core\document_processor.py - process_documents - document_processor - 149 - ====================================================================================================
2026-08-01 17:27:43,902 - INFO - D:\WorkSpace\Education-RAG\rag_qa\core\document_processor.py - process_documents - document_processor - 148 - 处理文档成功:父块doc_2_parent_2:子块:doc_2_parent_2_child_4
2026-08-01 17:27:43,903 - WARNING - D:\WorkSpace\Education-RAG\rag_qa\core\document_processor.py - process_documents - document_processor - 149 - ====================================================================================================
2026-08-01 17:27:43,903 - INFO - D:\WorkSpace\Education-RAG\rag_qa\core\document_processor.py - process_documents - document_processor - 148 - 处理文档成功:父块doc_2_parent_2:子块:doc_2_parent_2_child_5
2026-08-01 17:27:43,904 - WARNING - D:\WorkSpace\Education-RAG\rag_qa\core\document_processor.py - process_documents - document_processor - 149 - ====================================================================================================
2026-08-01 17:27:43,905 - INFO - D:\WorkSpace\Education-RAG\rag_qa\core\document_processor.py - process_documents - document_processor - 148 - 处理文档成功:父块doc_2_parent_3:子块:doc_2_parent_3_child_0
2026-08-01 17:27:43,905 - WARNING - D:\WorkSpace\Education-RAG\rag_qa\core\document_processor.py - process_documents - document_processor - 149 - ====================================================================================================
2026-08-01 17:27:43,923 - INFO - D:\WorkSpace\Education-RAG\rag_qa\core\document_processor.py - process_documents - document_processor - 148 - 处理文档成功:父块doc_2_parent_4:子块:doc_2_parent_4_child_0
2026-08-01 17:27:43,923 - WARNING - D:\WorkSpace\Education-RAG\rag_qa\core\document_processor.py - process_documents - document_processor - 149 - ====================================================================================================
2026-08-01 17:27:43,923 - INFO - D:\WorkSpace\Education-RAG\rag_qa\core\document_processor.py - process_documents - document_processor - 148 - 处理文档成功:父块doc_2_parent_4:子块:doc_2_parent_4_child_1
2026-08-01 17:27:43,924 - WARNING - D:\WorkSpace\Education-RAG\rag_qa\core\document_processor.py - process_documents - document_processor - 149 - ====================================================================================================
2026-08-01 17:27:43,924 - INFO - D:\WorkSpace\Education-RAG\rag_qa\core\document_processor.py - process_documents - document_processor - 148 - 处理文档成功:父块doc_2_parent_4:子块:doc_2_parent_4_child_2
2026-08-01 17:27:43,924 - WARNING - D:\WorkSpace\Education-RAG\rag_qa\core\document_processor.py - process_documents - document_processor - 149 - ====================================================================================================
2026-08-01 17:27:43,925 - INFO - D:\WorkSpace\Education-RAG\rag_qa\core\document_processor.py - process_documents - document_processor - 148 - 处理文档成功:父块doc_3_parent_0:子块:doc_3_parent_0_child_0
2026-08-01 17:27:43,925 - WARNING - D:\WorkSpace\Education-RAG\rag_qa\core\document_processor.py - process_documents - document_processor - 149 - ====================================================================================================
2026-08-01 17:27:43,926 - INFO - D:\WorkSpace\Education-RAG\rag_qa\core\document_processor.py - process_documents - document_processor - 148 - 处理文档成功:父块doc_3_parent_0:子块:doc_3_parent_0_child_1
2026-08-01 17:27:43,926 - WARNING - D:\WorkSpace\Education-RAG\rag_qa\core\document_processor.py - process_documents - document_processor - 149 - ====================================================================================================
2026-08-01 17:27:43,926 - INFO - D:\WorkSpace\Education-RAG\rag_qa\core\document_processor.py - process_documents - document_processor - 148 - 处理文档成功:父块doc_3_parent_0:子块:doc_3_parent_0_child_2
2026-08-01 17:27:43,926 - WARNING - D:\WorkSpace\Education-RAG\rag_qa\core\document_processor.py - process_documents - document_processor - 149 - ====================================================================================================
2026-08-01 17:27:43,926 - INFO - D:\WorkSpace\Education-RAG\rag_qa\core\document_processor.py - process_documents - document_processor - 148 - 处理文档成功:父块doc_3_parent_0:子块:doc_3_parent_0_child_3
2026-08-01 17:27:43,927 - WARNING - D:\WorkSpace\Education-RAG\rag_qa\core\document_processor.py - process_documents - document_processor - 149 - ====================================================================================================
2026-08-01 17:27:43,927 - INFO - D:\WorkSpace\Education-RAG\rag_qa\core\document_processor.py - process_documents - document_processor - 148 - 处理文档成功:父块doc_3_parent_0:子块:doc_3_parent_0_child_4
2026-08-01 17:27:43,927 - WARNING - D:\WorkSpace\Education-RAG\rag_qa\core\document_processor.py - process_documents - document_processor - 149 - ====================================================================================================
2026-08-01 17:28:52,619 - INFO - D:\WorkSpace\Education-RAG\rag_qa\core\vector_store.py - add_documents - vector_store - 140 - 已插入 1 条数据到集合 edurag
2026-08-01 17:28:52,635 - INFO - D:\WorkSpace\Education-RAG\rag_qa\core\vector_store.py - add_documents - vector_store - 140 - 已插入 2 条数据到集合 edurag
2026-08-01 17:28:52,651 - INFO - D:\WorkSpace\Education-RAG\rag_qa\core\vector_store.py - add_documents - vector_store - 140 - 已插入 3 条数据到集合 edurag
2026-08-01 17:28:52,667 - INFO - D:\WorkSpace\Education-RAG\rag_qa\core\vector_store.py - add_documents - vector_store - 140 - 已插入 4 条数据到集合 edurag
2026-08-01 17:28:52,686 - INFO - D:\WorkSpace\Education-RAG\rag_qa\core\vector_store.py - add_documents - vector_store - 140 - 已插入 5 条数据到集合 edurag
2026-08-01 17:28:52,707 - INFO - D:\WorkSpace\Education-RAG\rag_qa\core\vector_store.py - add_documents - vector_store - 140 - 已插入 6 条数据到集合 edurag
2026-08-01 17:28:52,729 - INFO - D:\WorkSpace\Education-RAG\rag_qa\core\vector_store.py - add_documents - vector_store - 140 - 已插入 7 条数据到集合 edurag
2026-08-01 17:28:52,752 - INFO - D:\WorkSpace\Education-RAG\rag_qa\core\vector_store.py - add_documents - vector_store - 140 - 已插入 8 条数据到集合 edurag
2026-08-01 17:28:52,772 - INFO - D:\WorkSpace\Education-RAG\rag_qa\core\vector_store.py - add_documents - vector_store - 140 - 已插入 9 条数据到集合 edurag
2026-08-01 17:28:52,795 - INFO - D:\WorkSpace\Education-RAG\rag_qa\core\vector_store.py - add_documents - vector_store - 140 - 已插入 10 条数据到集合 edurag
2026-08-01 17:28:52,832 - INFO - D:\WorkSpace\Education-RAG\rag_qa\core\vector_store.py - add_documents - vector_store - 140 - 已插入 11 条数据到集合 edurag
2026-08-01 17:28:52,873 - INFO - D:\WorkSpace\Education-RAG\rag_qa\core\vector_store.py - add_documents - vector_store - 140 - 已插入 12 条数据到集合 edurag
2026-08-01 17:28:52,914 - INFO - D:\WorkSpace\Education-RAG\rag_qa\core\vector_store.py - add_documents - vector_store - 140 - 已插入 13 条数据到集合 edurag
2026-08-01 17:28:52,939 - INFO - D:\WorkSpace\Education-RAG\rag_qa\core\vector_store.py - add_documents - vector_store - 140 - 已插入 14 条数据到集合 edurag
2026-08-01 17:28:52,957 - INFO - D:\WorkSpace\Education-RAG\rag_qa\core\vector_store.py - add_documents - vector_store - 140 - 已插入 15 条数据到集合 edurag
2026-08-01 17:28:52,974 - INFO - D:\WorkSpace\Education-RAG\rag_qa\core\vector_store.py - add_documents - vector_store - 140 - 已插入 16 条数据到集合 edurag
2026-08-01 17:28:52,993 - INFO - D:\WorkSpace\Education-RAG\rag_qa\core\vector_store.py - add_documents - vector_store - 140 - 已插入 17 条数据到集合 edurag
2026-08-01 17:28:53,011 - INFO - D:\WorkSpace\Education-RAG\rag_qa\core\vector_store.py - add_documents - vector_store - 140 - 已插入 18 条数据到集合 edurag
2026-08-01 17:28:53,031 - INFO - D:\WorkSpace\Education-RAG\rag_qa\core\vector_store.py - add_documents - vector_store - 140 - 已插入 19 条数据到集合 edurag
2026-08-01 17:28:53,058 - INFO - D:\WorkSpace\Education-RAG\rag_qa\core\vector_store.py - add_documents - vector_store - 140 - 已插入 20 条数据到集合 edurag
2026-08-01 17:28:53,078 - INFO - D:\WorkSpace\Education-RAG\rag_qa\core\vector_store.py - add_documents - vector_store - 140 - 已插入 21 条数据到集合 edurag
2026-08-01 17:28:53,100 - INFO - D:\WorkSpace\Education-RAG\rag_qa\core\vector_store.py - add_documents - vector_store - 140 - 已插入 22 条数据到集合 edurag
2026-08-01 17:28:53,121 - INFO - D:\WorkSpace\Education-RAG\rag_qa\core\vector_store.py - add_documents - vector_store - 140 - 已插入 23 条数据到集合 edurag
2026-08-01 17:28:53,145 - INFO - D:\WorkSpace\Education-RAG\rag_qa\core\vector_store.py - add_documents - vector_store - 140 - 已插入 24 条数据到集合 edurag
2026-08-01 17:28:53,169 - INFO - D:\WorkSpace\Education-RAG\rag_qa\core\vector_store.py - add_documents - vector_store - 140 - 已插入 25 条数据到集合 edurag
2026-08-01 17:28:53,193 - INFO - D:\WorkSpace\Education-RAG\rag_qa\core\vector_store.py - add_documents - vector_store - 140 - 已插入 26 条数据到集合 edurag
2026-08-01 17:28:53,223 - INFO - D:\WorkSpace\Education-RAG\rag_qa\core\vector_store.py - add_documents - vector_store - 140 - 已插入 27 条数据到集合 edurag
2026-08-01 17:28:53,251 - INFO - D:\WorkSpace\Education-RAG\rag_qa\core\vector_store.py - add_documents - vector_store - 140 - 已插入 28 条数据到集合 edurag
2026-08-01 17:28:53,281 - INFO - D:\WorkSpace\Education-RAG\rag_qa\core\vector_store.py - add_documents - vector_store - 140 - 已插入 29 条数据到集合 edurag
2026-08-01 17:28:53,307 - INFO - D:\WorkSpace\Education-RAG\rag_qa\core\vector_store.py - add_documents - vector_store - 140 - 已插入 30 条数据到集合 edurag
2026-08-01 17:28:53,338 - INFO - D:\WorkSpace\Education-RAG\rag_qa\core\vector_store.py - add_documents - vector_store - 140 - 已插入 31 条数据到集合 edurag
2026-08-01 17:28:53,374 - INFO - D:\WorkSpace\Education-RAG\rag_qa\core\vector_store.py - add_documents - vector_store - 140 - 已插入 32 条数据到集合 edurag
2026-08-01 17:28:53,398 - INFO - D:\WorkSpace\Education-RAG\rag_qa\core\vector_store.py - add_documents - vector_store - 140 - 已插入 33 条数据到集合 edurag
2026-08-01 17:28:53,421 - INFO - D:\WorkSpace\Education-RAG\rag_qa\core\vector_store.py - add_documents - vector_store - 140 - 已插入 34 条数据到集合 edurag
2026-08-01 17:28:53,446 - INFO - D:\WorkSpace\Education-RAG\rag_qa\core\vector_store.py - add_documents - vector_store - 140 - 已插入 35 条数据到集合 edurag
2026-08-01 17:28:53,471 - INFO - D:\WorkSpace\Education-RAG\rag_qa\core\vector_store.py - add_documents - vector_store - 140 - 已插入 36 条数据到集合 edurag
2026-08-01 17:28:53,504 - INFO - D:\WorkSpace\Education-RAG\rag_qa\core\vector_store.py - add_documents - vector_store - 140 - 已插入 37 条数据到集合 edurag
2026-08-01 17:28:53,531 - INFO - D:\WorkSpace\Education-RAG\rag_qa\core\vector_store.py - add_documents - vector_store - 140 - 已插入 38 条数据到集合 edurag
2026-08-01 17:28:53,560 - INFO - D:\WorkSpace\Education-RAG\rag_qa\core\vector_store.py - add_documents - vector_store - 140 - 已插入 39 条数据到集合 edurag
2026-08-01 17:28:53,589 - INFO - D:\WorkSpace\Education-RAG\rag_qa\core\vector_store.py - add_documents - vector_store - 140 - 已插入 40 条数据到集合 edurag
2026-08-01 17:28:53,623 - INFO - D:\WorkSpace\Education-RAG\rag_qa\core\vector_store.py - add_documents - vector_store - 140 - 已插入 41 条数据到集合 edurag
2026-08-01 17:28:53,651 - INFO - D:\WorkSpace\Education-RAG\rag_qa\core\vector_store.py - add_documents - vector_store - 140 - 已插入 42 条数据到集合 edurag
2026-08-01 17:28:53,684 - INFO - D:\WorkSpace\Education-RAG\rag_qa\core\vector_store.py - add_documents - vector_store - 140 - 已插入 43 条数据到集合 edurag
2026-08-01 17:28:53,717 - INFO - D:\WorkSpace\Education-RAG\rag_qa\core\vector_store.py - add_documents - vector_store - 140 - 已插入 44 条数据到集合 edurag
2026-08-01 17:28:53,747 - INFO - D:\WorkSpace\Education-RAG\rag_qa\core\vector_store.py - add_documents - vector_store - 140 - 已插入 45 条数据到集合 edurag
2026-08-01 17:28:53,775 - INFO - D:\WorkSpace\Education-RAG\rag_qa\core\vector_store.py - add_documents - vector_store - 140 - 已插入 46 条数据到集合 edurag
2026-08-01 17:28:53,812 - INFO - D:\WorkSpace\Education-RAG\rag_qa\core\vector_store.py - add_documents - vector_store - 140 - 已插入 47 条数据到集合 edurag
2026-08-01 17:28:53,849 - INFO - D:\WorkSpace\Education-RAG\rag_qa\core\vector_store.py - add_documents - vector_store - 140 - 已插入 48 条数据到集合 edurag
2026-08-01 17:28:53,875 - INFO - D:\WorkSpace\Education-RAG\rag_qa\core\vector_store.py - add_documents - vector_store - 140 - 已插入 49 条数据到集合 edurag
2026-08-01 17:28:53,903 - INFO - D:\WorkSpace\Education-RAG\rag_qa\core\vector_store.py - add_documents - vector_store - 140 - 已插入 50 条数据到集合 edurag
2026-08-01 17:28:53,934 - INFO - D:\WorkSpace\Education-RAG\rag_qa\core\vector_store.py - add_documents - vector_store - 140 - 已插入 51 条数据到集合 edurag
2026-08-01 17:28:53,965 - INFO - D:\WorkSpace\Education-RAG\rag_qa\core\vector_store.py - add_documents - vector_store - 140 - 已插入 52 条数据到集合 edurag
2026-08-01 17:28:53,996 - INFO - D:\WorkSpace\Education-RAG\rag_qa\core\vector_store.py - add_documents - vector_store - 140 - 已插入 53 条数据到集合 edurag
2026-08-01 17:28:54,024 - INFO - D:\WorkSpace\Education-RAG\rag_qa\core\vector_store.py - add_documents - vector_store - 140 - 已插入 54 条数据到集合 edurag
2026-08-01 17:28:54,056 - INFO - D:\WorkSpace\Education-RAG\rag_qa\core\vector_store.py - add_documents - vector_store - 140 - 已插入 55 条数据到集合 edurag
2026-08-01 17:28:54,088 - INFO - D:\WorkSpace\Education-RAG\rag_qa\core\vector_store.py - add_documents - vector_store - 140 - 已插入 56 条数据到集合 edurag
2026-08-01 17:28:54,120 - INFO - D:\WorkSpace\Education-RAG\rag_qa\core\vector_store.py - add_documents - vector_store - 140 - 已插入 57 条数据到集合 edurag
2026-08-01 17:28:54,154 - INFO - D:\WorkSpace\Education-RAG\rag_qa\core\vector_store.py - add_documents - vector_store - 140 - 已插入 58 条数据到集合 edurag
2026-08-01 17:28:54,186 - INFO - D:\WorkSpace\Education-RAG\rag_qa\core\vector_store.py - add_documents - vector_store - 140 - 已插入 59 条数据到集合 edurag
2026-08-01 17:28:54,221 - INFO - D:\WorkSpace\Education-RAG\rag_qa\core\vector_store.py - add_documents - vector_store - 140 - 已插入 60 条数据到集合 edurag
2026-08-01 17:28:54,257 - INFO - D:\WorkSpace\Education-RAG\rag_qa\core\vector_store.py - add_documents - vector_store - 140 - 已插入 61 条数据到集合 edurag
2026-08-01 17:28:54,289 - INFO - D:\WorkSpace\Education-RAG\rag_qa\core\vector_store.py - add_documents - vector_store - 140 - 已插入 62 条数据到集合 edurag
2026-08-01 17:28:54,324 - INFO - D:\WorkSpace\Education-RAG\rag_qa\core\vector_store.py - add_documents - vector_store - 140 - 已插入 63 条数据到集合 edurag
2026-08-01 17:28:54,362 - INFO - D:\WorkSpace\Education-RAG\rag_qa\core\vector_store.py - add_documents - vector_store - 140 - 已插入 64 条数据到集合 edurag
2026-08-01 17:28:54,421 - INFO - D:\WorkSpace\Education-RAG\rag_qa\core\vector_store.py - add_documents - vector_store - 140 - 已插入 65 条数据到集合 edurag
2026-08-01 17:28:54,462 - INFO - D:\WorkSpace\Education-RAG\rag_qa\core\vector_store.py - add_documents - vector_store - 140 - 已插入 66 条数据到集合 edurag
2026-08-01 17:28:54,503 - INFO - D:\WorkSpace\Education-RAG\rag_qa\core\vector_store.py - add_documents - vector_store - 140 - 已插入 67 条数据到集合 edurag
2026-08-01 17:28:54,563 - INFO - D:\WorkSpace\Education-RAG\rag_qa\core\vector_store.py - add_documents - vector_store - 140 - 已插入 68 条数据到集合 edurag
2026-08-01 17:28:54,622 - INFO - D:\WorkSpace\Education-RAG\rag_qa\core\vector_store.py - add_documents - vector_store - 140 - 已插入 69 条数据到集合 edurag
2026-08-01 17:28:54,672 - INFO - D:\WorkSpace\Education-RAG\rag_qa\core\vector_store.py - add_documents - vector_store - 140 - 已插入 70 条数据到集合 edurag
2026-08-01 17:28:54,715 - INFO - D:\WorkSpace\Education-RAG\rag_qa\core\vector_store.py - add_documents - vector_store - 140 - 已插入 71 条数据到集合 edurag
2026-08-01 17:28:54,784 - INFO - D:\WorkSpace\Education-RAG\rag_qa\core\vector_store.py - add_documents - vector_store - 140 - 已插入 72 条数据到集合 edurag
2026-08-01 17:28:54,824 - INFO - D:\WorkSpace\Education-RAG\rag_qa\core\vector_store.py - add_documents - vector_store - 140 - 已插入 73 条数据到集合 edurag
2026-08-01 17:28:54,870 - INFO - D:\WorkSpace\Education-RAG\rag_qa\core\vector_store.py - add_documents - vector_store - 140 - 已插入 74 条数据到集合 edurag
2026-08-01 17:28:54,924 - INFO - D:\WorkSpace\Education-RAG\rag_qa\core\vector_store.py - add_documents - vector_store - 140 - 已插入 75 条数据到集合 edurag
2026-08-01 17:28:54,970 - INFO - D:\WorkSpace\Education-RAG\rag_qa\core\vector_store.py - add_documents - vector_store - 140 - 已插入 76 条数据到集合 edurag
2026-08-01 17:28:55,049 - INFO - D:\WorkSpace\Education-RAG\rag_qa\core\vector_store.py - add_documents - vector_store - 140 - 已插入 77 条数据到集合 edurag
2026-08-01 17:28:55,104 - INFO - D:\WorkSpace\Education-RAG\rag_qa\core\vector_store.py - add_documents - vector_store - 140 - 已插入 78 条数据到集合 edurag
2026-08-01 17:28:55,165 - INFO - D:\WorkSpace\Education-RAG\rag_qa\core\vector_store.py - add_documents - vector_store - 140 - 已插入 79 条数据到集合 edurag
2026-08-01 17:28:55,260 - INFO - D:\WorkSpace\Education-RAG\rag_qa\core\vector_store.py - add_documents - vector_store - 140 - 已插入 80 条数据到集合 edurag
2026-08-01 17:28:55,338 - INFO - D:\WorkSpace\Education-RAG\rag_qa\core\vector_store.py - add_documents - vector_store - 140 - 已插入 81 条数据到集合 edurag
2026-08-01 17:28:55,392 - INFO - D:\WorkSpace\Education-RAG\rag_qa\core\vector_store.py - add_documents - vector_store - 140 - 已插入 82 条数据到集合 edurag
2026-08-01 17:28:55,435 - INFO - D:\WorkSpace\Education-RAG\rag_qa\core\vector_store.py - add_documents - vector_store - 140 - 已插入 83 条数据到集合 edurag
2026-08-01 17:28:55,486 - INFO - D:\WorkSpace\Education-RAG\rag_qa\core\vector_store.py - add_documents - vector_store - 140 - 已插入 84 条数据到集合 edurag
2026-08-01 17:28:55,600 - INFO - D:\WorkSpace\Education-RAG\rag_qa\core\vector_store.py - add_documents - vector_store - 140 - 已插入 85 条数据到集合 edurag
2026-08-01 17:28:55,672 - INFO - D:\WorkSpace\Education-RAG\rag_qa\core\vector_store.py - add_documents - vector_store - 140 - 已插入 86 条数据到集合 edurag
2026-08-01 17:28:55,730 - INFO - D:\WorkSpace\Education-RAG\rag_qa\core\vector_store.py - add_documents - vector_store - 140 - 已插入 87 条数据到集合 edurag
2026-08-01 17:28:55,801 - INFO - D:\WorkSpace\Education-RAG\rag_qa\core\vector_store.py - add_documents - vector_store - 140 - 已插入 88 条数据到集合 edurag
2026-08-01 17:28:55,853 - INFO - D:\WorkSpace\Education-RAG\rag_qa\core\vector_store.py - add_documents - vector_store - 140 - 已插入 89 条数据到集合 edurag
2026-08-01 17:28:55,902 - INFO - D:\WorkSpace\Education-RAG\rag_qa\core\vector_store.py - add_documents - vector_store - 140 - 已插入 90 条数据到集合 edurag
2026-08-01 17:28:55,962 - INFO - D:\WorkSpace\Education-RAG\rag_qa\core\vector_store.py - add_documents - vector_store - 140 - 已插入 91 条数据到集合 edurag
2026-08-01 17:28:56,015 - INFO - D:\WorkSpace\Education-RAG\rag_qa\core\vector_store.py - add_documents - vector_store - 140 - 已插入 92 条数据到集合 edurag
2026-08-01 17:28:56,094 - INFO - D:\WorkSpace\Education-RAG\rag_qa\core\vector_store.py - add_documents - vector_store - 140 - 已插入 93 条数据到集合 edurag
2026-08-01 17:28:56,146 - INFO - D:\WorkSpace\Education-RAG\rag_qa\core\vector_store.py - add_documents - vector_store - 140 - 已插入 94 条数据到集合 edurag
2026-08-01 17:28:56,209 - INFO - D:\WorkSpace\Education-RAG\rag_qa\core\vector_store.py - add_documents - vector_store - 140 - 已插入 95 条数据到集合 edurag
2026-08-01 17:28:56,272 - INFO - D:\WorkSpace\Education-RAG\rag_qa\core\vector_store.py - add_documents - vector_store - 140 - 已插入 96 条数据到集合 edurag
2026-08-01 17:28:56,326 - INFO - D:\WorkSpace\Education-RAG\rag_qa\core\vector_store.py - add_documents - vector_store - 140 - 已插入 97 条数据到集合 edurag
2026-08-01 17:28:56,372 - INFO - D:\WorkSpace\Education-RAG\rag_qa\core\vector_store.py - add_documents - vector_store - 140 - 已插入 98 条数据到集合 edurag
2026-08-01 17:28:56,417 - INFO - D:\WorkSpace\Education-RAG\rag_qa\core\vector_store.py - add_documents - vector_store - 140 - 已插入 99 条数据到集合 edurag
2026-08-01 17:28:56,464 - INFO - D:\WorkSpace\Education-RAG\rag_qa\core\vector_store.py - add_documents - vector_store - 140 - 已插入 100 条数据到集合 edurag
2026-08-01 17:28:56,509 - INFO - D:\WorkSpace\Education-RAG\rag_qa\core\vector_store.py - add_documents - vector_store - 140 - 已插入 101 条数据到集合 edurag
2026-08-01 17:28:56,564 - INFO - D:\WorkSpace\Education-RAG\rag_qa\core\vector_store.py - add_documents - vector_store - 140 - 已插入 102 条数据到集合 edurag
2026-08-01 17:28:56,621 - INFO - D:\WorkSpace\Education-RAG\rag_qa\core\vector_store.py - add_documents - vector_store - 140 - 已插入 103 条数据到集合 edurag
2026-08-01 17:28:56,706 - INFO - D:\WorkSpace\Education-RAG\rag_qa\core\vector_store.py - add_documents - vector_store - 140 - 已插入 104 条数据到集合 edurag
2026-08-01 17:28:56,823 - INFO - D:\WorkSpace\Education-RAG\rag_qa\core\vector_store.py - add_documents - vector_store - 140 - 已插入 105 条数据到集合 edurag
2026-08-01 17:28:56,884 - INFO - D:\WorkSpace\Education-RAG\rag_qa\core\vector_store.py - add_documents - vector_store - 140 - 已插入 106 条数据到集合 edurag
2026-08-01 17:28:57,051 - INFO - D:\WorkSpace\Education-RAG\rag_qa\core\vector_store.py - add_documents - vector_store - 140 - 已插入 107 条数据到集合 edurag
2026-08-01 17:28:57,164 - INFO - D:\WorkSpace\Education-RAG\rag_qa\core\vector_store.py - add_documents - vector_store - 140 - 已插入 108 条数据到集合 edurag
2026-08-01 17:28:57,222 - INFO - D:\WorkSpace\Education-RAG\rag_qa\core\vector_store.py - add_documents - vector_store - 140 - 已插入 109 条数据到集合 edurag
2026-08-01 17:28:57,277 - INFO - D:\WorkSpace\Education-RAG\rag_qa\core\vector_store.py - add_documents - vector_store - 140 - 已插入 110 条数据到集合 edurag
2026-08-01 17:28:57,350 - INFO - D:\WorkSpace\Education-RAG\rag_qa\core\vector_store.py - add_documents - vector_store - 140 - 已插入 111 条数据到集合 edurag
2026-08-01 17:28:57,408 - INFO - D:\WorkSpace\Education-RAG\rag_qa\core\vector_store.py - add_documents - vector_store - 140 - 已插入 112 条数据到集合 edurag
2026-08-01 17:28:57,482 - INFO - D:\WorkSpace\Education-RAG\rag_qa\core\vector_store.py - add_documents - vector_store - 140 - 已插入 113 条数据到集合 edurag
2026-08-01 17:28:57,556 - INFO - D:\WorkSpace\Education-RAG\rag_qa\core\vector_store.py - add_documents - vector_store - 140 - 已插入 114 条数据到集合 edurag
2026-08-01 17:28:57,672 - INFO - D:\WorkSpace\Education-RAG\rag_qa\core\vector_store.py - add_documents - vector_store - 140 - 已插入 115 条数据到集合 edurag
2026-08-01 17:28:57,764 - INFO - D:\WorkSpace\Education-RAG\rag_qa\core\vector_store.py - add_documents - vector_store - 140 - 已插入 116 条数据到集合 edurag
2026-08-01 17:28:57,829 - INFO - D:\WorkSpace\Education-RAG\rag_qa\core\vector_store.py - add_documents - vector_store - 140 - 已插入 117 条数据到集合 edurag
2026-08-01 17:28:57,884 - INFO - D:\WorkSpace\Education-RAG\rag_qa\core\vector_store.py - add_documents - vector_store - 140 - 已插入 118 条数据到集合 edurag
2026-08-01 17:28:57,942 - INFO - D:\WorkSpace\Education-RAG\rag_qa\core\vector_store.py - add_documents - vector_store - 140 - 已插入 119 条数据到集合 edurag
2026-08-01 17:28:58,000 - INFO - D:\WorkSpace\Education-RAG\rag_qa\core\vector_store.py - add_documents - vector_store - 140 - 已插入 120 条数据到集合 edurag
2026-08-01 17:28:58,052 - INFO - D:\WorkSpace\Education-RAG\rag_qa\core\vector_store.py - add_documents - vector_store - 140 - 已插入 121 条数据到集合 edurag
2026-08-01 17:28:58,109 - INFO - D:\WorkSpace\Education-RAG\rag_qa\core\vector_store.py - add_documents - vector_store - 140 - 已插入 122 条数据到集合 edurag
2026-08-01 17:28:58,168 - INFO - D:\WorkSpace\Education-RAG\rag_qa\core\vector_store.py - add_documents - vector_store - 140 - 已插入 123 条数据到集合 edurag
2026-08-01 17:28:58,241 - INFO - D:\WorkSpace\Education-RAG\rag_qa\core\vector_store.py - add_documents - vector_store - 140 - 已插入 124 条数据到集合 edurag
2026-08-01 17:28:58,300 - INFO - D:\WorkSpace\Education-RAG\rag_qa\core\vector_store.py - add_documents - vector_store - 140 - 已插入 125 条数据到集合 edurag
2026-08-01 17:28:58,371 - INFO - D:\WorkSpace\Education-RAG\rag_qa\core\vector_store.py - add_documents - vector_store - 140 - 已插入 126 条数据到集合 edurag
2026-08-01 17:28:58,430 - INFO - D:\WorkSpace\Education-RAG\rag_qa\core\vector_store.py - add_documents - vector_store - 140 - 已插入 127 条数据到集合 edurag
2026-08-01 17:28:58,491 - INFO - D:\WorkSpace\Education-RAG\rag_qa\core\vector_store.py - add_documents - vector_store - 140 - 已插入 128 条数据到集合 edurag
2026-08-01 17:28:58,492 - INFO - D:\WorkSpace\Education-RAG\rag_qa\rag_main.py - main - rag_main - 53 - 成功处理目录 ./data\ai_data，添加了 128 个文档块
2026-08-01 17:28:58,493 - WARNING - D:\WorkSpace\Education-RAG\rag_qa\rag_main.py - main - rag_main - 59 - 目录 ./data\java_data 不存在，跳过处理
2026-08-01 17:28:58,493 - WARNING - D:\WorkSpace\Education-RAG\rag_qa\rag_main.py - main - rag_main - 59 - 目录 ./data\test_data 不存在，跳过处理
2026-08-01 17:28:58,493 - WARNING - D:\WorkSpace\Education-RAG\rag_qa\rag_main.py - main - rag_main - 59 - 目录 ./data\ops_data 不存在，跳过处理
2026-08-01 17:28:58,493 - WARNING - D:\WorkSpace\Education-RAG\rag_qa\rag_main.py - main - rag_main - 59 - 目录 ./data\bigdata_data 不存在，跳过处理
2026-08-01 17:28:58,493 - INFO - D:\WorkSpace\Education-RAG\rag_qa\rag_main.py - main - rag_main - 60 - 数据处理完成，共添加了 128 个文档块到向量存储
2026-08-01 17:40:13,649 - INFO - D:\WorkSpace\Education-RAG\rag_qa\core\query_classifier.py - load_model - query_classifier - 63 - 加载模型成功, 模型路径: D:\WorkSpace\Education-RAG\rag_qa/models/bert_query_classifier
2026-08-01 17:40:17,111 - INFO - D:\WorkSpace\Education-RAG\rag_qa\core\vector_store.py - _create_or_load_collection - vector_store - 109 - 已加载集合 edurag
2026-08-01 17:40:17,123 - INFO - D:\WorkSpace\Education-RAG\rag_qa\rag_main.py - main - rag_main - 62 - 进入交互式查询模式...
2026-08-01 17:40:29,972 - INFO - D:\WorkSpace\Education-RAG\rag_qa\rag_main.py - main - rag_main - 83 - 用户选择了学科过滤: ai
2026-08-01 17:40:29,973 - INFO - D:\WorkSpace\Education-RAG\rag_qa\core\rag_system.py - generate_answer - rag_system - 149 - 开始处理问题: 'Java学费多少钱?'，学科过滤: ai
2026-08-01 17:40:30,456 - INFO - D:\WorkSpace\Education-RAG\rag_qa\core\rag_system.py - generate_answer - rag_system - 152 - 问题：Java学费多少钱? 问题分类结果: 专业咨询
2026-08-01 17:40:34,504 - INFO - D:\WorkSpace\Education-RAG\rag_qa\core\strategy_selector.py - select_strategy - strategy_selector - 73 - 用户问题: Java学费多少钱?, 模型返回: 直接检索
2026-08-01 17:40:34,504 - INFO - D:\WorkSpace\Education-RAG\rag_qa\core\rag_system.py - retrieve_and_merge - rag_system - 98 - 开始处理问题: 'Java学费多少钱?'，学科过滤: ai
2026-08-01 17:40:41,866 - INFO - D:\WorkSpace\Education-RAG\rag_qa\core\rag_system.py - retrieve_and_merge - rag_system - 110 - 检索到的文档最终数量为: 2
2026-08-01 17:40:41,867 - INFO - D:\WorkSpace\Education-RAG\rag_qa\core\rag_system.py - generate_answer - rag_system - 161 - 问题为专业咨询，调用知识库，最终检索到的文档数量为: 2
2026-08-01 17:41:10,067 - INFO - D:\WorkSpace\Education-RAG\rag_qa\core\rag_system.py - generate_answer - rag_system - 149 - 开始处理问题: '帮我输出一份短篇小说'，学科过滤: None
2026-08-01 17:41:10,118 - INFO - D:\WorkSpace\Education-RAG\rag_qa\core\rag_system.py - generate_answer - rag_system - 152 - 问题：帮我输出一份短篇小说 问题分类结果: 通用知识
2026-08-01 17:41:10,118 - INFO - D:\WorkSpace\Education-RAG\rag_qa\core\rag_system.py - generate_answer - rag_system - 156 - 问题为通用问题，调用大模型
2026-08-02 11:49:34,128 - INFO - D:\WorkSpace\Education-RAG\mysql_qa\db\mysql_client.py - __init__ - mysql_client - 22 - ---MySQL---连接成功---
2026-08-02 11:49:35,554 - INFO - D:\WorkSpace\Education-RAG\mysql_qa\cache\redis_client.py - __init__ - redis_client - 22 - Redis 连接成功
2026-08-02 11:55:17,457 - INFO - D:\WorkSpace\Education-RAG\mysql_qa\retrieval\bm25_search.py - _load_data - bm25_search - 55 - BM25 模型初始化完成
2026-08-02 11:56:39,425 - INFO - D:\WorkSpace\Education-RAG\rag_qa\core\query_classifier.py - load_model - query_classifier - 63 - 加载模型成功, 模型路径: D:\WorkSpace\Education-RAG\rag_qa/models/bert_query_classifier
2026-08-02 11:57:24,719 - INFO - D:\WorkSpace\Education-RAG\rag_qa\core\vector_store.py - _create_or_load_collection - vector_store - 109 - 已加载集合 edurag
2026-08-02 11:59:45,373 - INFO - D:\WorkSpace\Education-RAG\main.py - init_conversation_table - main - 62 - init_conversation_table 对话历史表初始化成功
2026-08-02 12:14:24,836 - INFO - D:\WorkSpace\Education-RAG\mysql_qa\db\mysql_client.py - __init__ - mysql_client - 22 - ---MySQL---连接成功---
2026-08-02 12:14:24,838 - INFO - D:\WorkSpace\Education-RAG\mysql_qa\cache\redis_client.py - __init__ - redis_client - 22 - Redis 连接成功
2026-08-02 12:14:24,850 - INFO - D:\WorkSpace\Education-RAG\mysql_qa\retrieval\bm25_search.py - _load_data - bm25_search - 55 - BM25 模型初始化完成
2026-08-02 12:14:25,086 - INFO - D:\WorkSpace\Education-RAG\rag_qa\core\query_classifier.py - load_model - query_classifier - 63 - 加载模型成功, 模型路径: D:\WorkSpace\Education-RAG\rag_qa/models/bert_query_classifier
2026-08-02 12:14:28,761 - INFO - D:\WorkSpace\Education-RAG\rag_qa\core\vector_store.py - _create_or_load_collection - vector_store - 109 - 已加载集合 edurag
2026-08-02 12:14:28,778 - INFO - D:\WorkSpace\Education-RAG\main.py - init_conversation_table - main - 62 - init_conversation_table 对话历史表初始化成功
2026-08-02 12:14:52,184 - INFO - D:\WorkSpace\Education-RAG\mysql_qa\db\mysql_client.py - close - mysql_client - 97 - MySQL 连接已关闭
2026-08-02 12:15:29,998 - INFO - D:\WorkSpace\Education-RAG\mysql_qa\db\mysql_client.py - __init__ - mysql_client - 22 - ---MySQL---连接成功---
2026-08-02 12:15:29,998 - INFO - D:\WorkSpace\Education-RAG\mysql_qa\cache\redis_client.py - __init__ - redis_client - 22 - Redis 连接成功
2026-08-02 12:15:30,020 - INFO - D:\WorkSpace\Education-RAG\mysql_qa\retrieval\bm25_search.py - _load_data - bm25_search - 55 - BM25 模型初始化完成
2026-08-02 12:15:30,130 - INFO - D:\WorkSpace\Education-RAG\rag_qa\core\query_classifier.py - load_model - query_classifier - 63 - 加载模型成功, 模型路径: D:\WorkSpace\Education-RAG\rag_qa/models/bert_query_classifier
2026-08-02 12:15:33,102 - INFO - D:\WorkSpace\Education-RAG\rag_qa\core\vector_store.py - _create_or_load_collection - vector_store - 109 - 已加载集合 edurag
2026-08-02 12:15:33,121 - INFO - D:\WorkSpace\Education-RAG\main.py - init_conversation_table - main - 62 - init_conversation_table 对话历史表初始化成功
2026-08-02 14:58:03,619 - INFO - D:\WorkSpace\Education-RAG\mysql_qa\db\mysql_client.py - __init__ - mysql_client - 22 - ---MySQL---连接成功---
2026-08-02 14:58:05,585 - INFO - D:\WorkSpace\Education-RAG\mysql_qa\cache\redis_client.py - __init__ - redis_client - 22 - Redis 连接成功
2026-08-02 14:58:07,814 - INFO - D:\WorkSpace\Education-RAG\mysql_qa\retrieval\bm25_search.py - _load_data - bm25_search - 55 - BM25 模型初始化完成
2026-08-02 14:58:15,895 - INFO - D:\WorkSpace\Education-RAG\rag_qa\core\query_classifier.py - load_model - query_classifier - 63 - 加载模型成功, 模型路径: D:\WorkSpace\Education-RAG\rag_qa/models/bert_query_classifier
2026-08-02 14:58:19,701 - INFO - D:\WorkSpace\Education-RAG\rag_qa\core\vector_store.py - _create_or_load_collection - vector_store - 109 - 已加载集合 edurag
2026-08-02 14:58:49,956 - INFO - D:\WorkSpace\Education-RAG\main.py - init_conversation_table - main - 62 - init_conversation_table 对话历史表初始化成功
2026-08-02 15:06:21,395 - INFO - D:\WorkSpace\Education-RAG\mysql_qa\db\mysql_client.py - close - mysql_client - 97 - MySQL 连接已关闭
2026-08-02 15:07:54,351 - INFO - D:\WorkSpace\Education-RAG\mysql_qa\db\mysql_client.py - __init__ - mysql_client - 22 - ---MySQL---连接成功---
2026-08-02 15:07:54,351 - INFO - D:\WorkSpace\Education-RAG\mysql_qa\cache\redis_client.py - __init__ - redis_client - 22 - Redis 连接成功
2026-08-02 15:07:54,376 - INFO - D:\WorkSpace\Education-RAG\mysql_qa\retrieval\bm25_search.py - _load_data - bm25_search - 55 - BM25 模型初始化完成
2026-08-02 15:07:54,498 - INFO - D:\WorkSpace\Education-RAG\rag_qa\core\query_classifier.py - load_model - query_classifier - 63 - 加载模型成功, 模型路径: D:\WorkSpace\Education-RAG\rag_qa/models/bert_query_classifier
2026-08-02 15:07:57,966 - INFO - D:\WorkSpace\Education-RAG\rag_qa\core\vector_store.py - _create_or_load_collection - vector_store - 109 - 已加载集合 edurag
2026-08-02 15:07:57,995 - INFO - D:\WorkSpace\Education-RAG\main.py - init_conversation_table - main - 62 - init_conversation_table 对话历史表初始化成功
2026-08-02 15:14:33,122 - INFO - D:\WorkSpace\Education-RAG\main.py - query - main - 142 - 处理查询: 'Java和Python的优缺点' (会话ID: 58e4bcfd-d789-4726-8e65-7a5d0f97cd0c)
2026-08-02 15:14:34,061 - INFO - D:\WorkSpace\Education-RAG\mysql_qa\retrieval\bm25_search.py - search - bm25_search - 99 - 无法获取答案: Java和Python的优缺点
2026-08-02 15:14:34,061 - INFO - D:\WorkSpace\Education-RAG\main.py - query - main - 159 - query 无可靠MySQL答案，回退到RAG
2026-08-02 15:15:49,813 - INFO - D:\WorkSpace\Education-RAG\rag_qa\core\rag_system.py - generate_answer - rag_system - 149 - 开始处理问题: 'Java和Python的优缺点'，学科过滤: 
2026-08-02 15:15:50,353 - INFO - D:\WorkSpace\Education-RAG\rag_qa\core\rag_system.py - generate_answer - rag_system - 152 - 问题：Java和Python的优缺点 问题分类结果: 通用知识
2026-08-02 15:15:50,353 - INFO - D:\WorkSpace\Education-RAG\rag_qa\core\rag_system.py - generate_answer - rag_system - 156 - 问题为通用问题，调用大模型
2026-08-02 15:16:18,200 - INFO - D:\WorkSpace\Education-RAG\main.py - update_session_history - main - 106 - update_session_history 会话 58e4bcfd-d789-4726-8e65-7a5d0f97cd0c 历史更新成功
2026-08-02 15:16:18,200 - INFO - D:\WorkSpace\Education-RAG\main.py - query - main - 172 - query 查询处理耗时 105.08秒
2026-08-02 15:32:09,270 - INFO - D:\WorkSpace\Education-RAG\main.py - query - main - 142 - 处理查询: '你好' (会话ID: 58e4bcfd-d789-4726-8e65-7a5d0f97cd0c)
2026-08-02 15:32:09,277 - INFO - D:\WorkSpace\Education-RAG\mysql_qa\retrieval\bm25_search.py - search - bm25_search - 99 - 无法获取答案: 你好
2026-08-02 15:32:09,277 - INFO - D:\WorkSpace\Education-RAG\main.py - query - main - 159 - query 无可靠MySQL答案，回退到RAG
2026-08-02 15:32:09,278 - INFO - D:\WorkSpace\Education-RAG\rag_qa\core\rag_system.py - generate_answer - rag_system - 149 - 开始处理问题: '你好'，学科过滤: 
2026-08-02 15:32:09,329 - INFO - D:\WorkSpace\Education-RAG\rag_qa\core\rag_system.py - generate_answer - rag_system - 152 - 问题：你好 问题分类结果: 通用知识
2026-08-02 15:32:09,330 - INFO - D:\WorkSpace\Education-RAG\rag_qa\core\rag_system.py - generate_answer - rag_system - 156 - 问题为通用问题，调用大模型
2026-08-02 15:32:16,148 - INFO - D:\WorkSpace\Education-RAG\main.py - update_session_history - main - 106 - update_session_history 会话 58e4bcfd-d789-4726-8e65-7a5d0f97cd0c 历史更新成功
2026-08-02 15:32:16,148 - INFO - D:\WorkSpace\Education-RAG\main.py - query - main - 172 - query 查询处理耗时 6.88秒
2026-08-02 15:34:26,553 - INFO - D:\WorkSpace\Education-RAG\main.py - query - main - 142 - 处理查询: 'Java学费' (会话ID: 58e4bcfd-d789-4726-8e65-7a5d0f97cd0c)
2026-08-02 15:34:26,559 - INFO - D:\WorkSpace\Education-RAG\mysql_qa\retrieval\bm25_search.py - search - bm25_search - 99 - 无法获取答案: Java学费
2026-08-02 15:34:26,560 - INFO - D:\WorkSpace\Education-RAG\main.py - query - main - 159 - query 无可靠MySQL答案，回退到RAG
2026-08-02 15:34:26,560 - INFO - D:\WorkSpace\Education-RAG\rag_qa\core\rag_system.py - generate_answer - rag_system - 149 - 开始处理问题: 'Java学费'，学科过滤: ai
2026-08-02 15:34:26,601 - INFO - D:\WorkSpace\Education-RAG\rag_qa\core\rag_system.py - generate_answer - rag_system - 152 - 问题：Java学费 问题分类结果: 专业咨询
2026-08-02 15:34:30,456 - INFO - D:\WorkSpace\Education-RAG\rag_qa\core\strategy_selector.py - select_strategy - strategy_selector - 73 - 用户问题: Java学费, 模型返回: 直接检索
2026-08-02 15:34:30,456 - INFO - D:\WorkSpace\Education-RAG\rag_qa\core\rag_system.py - retrieve_and_merge - rag_system - 98 - 开始处理问题: 'Java学费'，学科过滤: ai
2026-08-02 15:34:38,495 - INFO - D:\WorkSpace\Education-RAG\rag_qa\core\rag_system.py - retrieve_and_merge - rag_system - 110 - 检索到的文档最终数量为: 2
2026-08-02 15:35:15,272 - INFO - D:\WorkSpace\Education-RAG\rag_qa\core\rag_system.py - generate_answer - rag_system - 161 - 问题为专业咨询，调用知识库，最终检索到的文档数量为: 2
2026-08-02 15:35:19,164 - ERROR - D:\WorkSpace\Education-RAG\main.py - main - main - 220 - main 系统错误: 'str' object is not callable
2026-08-02 15:35:19,165 - INFO - D:\WorkSpace\Education-RAG\mysql_qa\db\mysql_client.py - close - mysql_client - 97 - MySQL 连接已关闭
2026-08-02 15:38:47,099 - INFO - D:\WorkSpace\Education-RAG\mysql_qa\db\mysql_client.py - __init__ - mysql_client - 22 - ---MySQL---连接成功---
2026-08-02 15:38:47,100 - INFO - D:\WorkSpace\Education-RAG\mysql_qa\cache\redis_client.py - __init__ - redis_client - 22 - Redis 连接成功
2026-08-02 15:38:47,116 - INFO - D:\WorkSpace\Education-RAG\mysql_qa\retrieval\bm25_search.py - _load_data - bm25_search - 55 - BM25 模型初始化完成
2026-08-02 15:38:47,278 - INFO - D:\WorkSpace\Education-RAG\rag_qa\core\query_classifier.py - load_model - query_classifier - 63 - 加载模型成功, 模型路径: D:\WorkSpace\Education-RAG\rag_qa/models/bert_query_classifier
2026-08-02 15:38:51,146 - INFO - D:\WorkSpace\Education-RAG\rag_qa\core\vector_store.py - _create_or_load_collection - vector_store - 109 - 已加载集合 edurag
2026-08-02 15:38:51,175 - INFO - D:\WorkSpace\Education-RAG\main.py - init_conversation_table - main - 62 - init_conversation_table 对话历史表初始化成功
2026-08-02 15:39:48,975 - INFO - D:\WorkSpace\Education-RAG\main.py - query - main - 142 - 处理查询: 'Java学费' (会话ID: e26ddb6d-5e15-45c2-882b-c15c410ab24c)
2026-08-02 15:40:16,241 - INFO - D:\WorkSpace\Education-RAG\mysql_qa\retrieval\bm25_search.py - search - bm25_search - 99 - 无法获取答案: Java学费
2026-08-02 15:40:16,241 - INFO - D:\WorkSpace\Education-RAG\main.py - query - main - 159 - query 无可靠MySQL答案，回退到RAG
2026-08-02 15:40:16,241 - INFO - D:\WorkSpace\Education-RAG\rag_qa\core\rag_system.py - generate_answer - rag_system - 149 - 开始处理问题: 'Java学费'，学科过滤: ai
2026-08-02 15:40:16,326 - INFO - D:\WorkSpace\Education-RAG\rag_qa\core\rag_system.py - generate_answer - rag_system - 152 - 问题：Java学费 问题分类结果: 专业咨询
2026-08-02 15:40:20,748 - INFO - D:\WorkSpace\Education-RAG\rag_qa\core\strategy_selector.py - select_strategy - strategy_selector - 73 - 用户问题: Java学费, 模型返回: 直接检索
2026-08-02 15:40:20,748 - INFO - D:\WorkSpace\Education-RAG\rag_qa\core\rag_system.py - retrieve_and_merge - rag_system - 98 - 开始处理问题: 'Java学费'，学科过滤: ai
2026-08-02 15:40:24,305 - INFO - D:\WorkSpace\Education-RAG\rag_qa\core\rag_system.py - retrieve_and_merge - rag_system - 110 - 检索到的文档最终数量为: 2
2026-08-02 15:40:24,305 - INFO - D:\WorkSpace\Education-RAG\rag_qa\core\rag_system.py - generate_answer - rag_system - 161 - 问题为专业咨询，调用知识库，最终检索到的文档数量为: 2
2026-08-02 15:40:53,827 - INFO - D:\WorkSpace\Education-RAG\main.py - update_session_history - main - 106 - update_session_history 会话 e26ddb6d-5e15-45c2-882b-c15c410ab24c 历史更新成功
2026-08-02 15:40:53,827 - INFO - D:\WorkSpace\Education-RAG\main.py - query - main - 172 - query 查询处理耗时 64.85秒
2026-08-02 15:41:15,326 - INFO - D:\WorkSpace\Education-RAG\main.py - query - main - 142 - 处理查询: 'Python学费' (会话ID: e26ddb6d-5e15-45c2-882b-c15c410ab24c)
2026-08-02 15:41:18,701 - INFO - D:\WorkSpace\Education-RAG\mysql_qa\retrieval\bm25_search.py - search - bm25_search - 99 - 无法获取答案: Python学费
2026-08-02 15:41:18,702 - INFO - D:\WorkSpace\Education-RAG\main.py - query - main - 159 - query 无可靠MySQL答案，回退到RAG
2026-08-02 15:41:18,702 - INFO - D:\WorkSpace\Education-RAG\rag_qa\core\rag_system.py - generate_answer - rag_system - 149 - 开始处理问题: 'Python学费'，学科过滤: ai
2026-08-02 15:41:18,744 - INFO - D:\WorkSpace\Education-RAG\rag_qa\core\rag_system.py - generate_answer - rag_system - 152 - 问题：Python学费 问题分类结果: 专业咨询
2026-08-02 15:41:22,681 - INFO - D:\WorkSpace\Education-RAG\rag_qa\core\strategy_selector.py - select_strategy - strategy_selector - 73 - 用户问题: Python学费, 模型返回: 直接检索
2026-08-02 15:41:22,681 - INFO - D:\WorkSpace\Education-RAG\rag_qa\core\rag_system.py - retrieve_and_merge - rag_system - 98 - 开始处理问题: 'Python学费'，学科过滤: ai
2026-08-02 15:41:26,648 - INFO - D:\WorkSpace\Education-RAG\rag_qa\core\rag_system.py - retrieve_and_merge - rag_system - 110 - 检索到的文档最终数量为: 2
2026-08-02 15:41:26,648 - INFO - D:\WorkSpace\Education-RAG\rag_qa\core\rag_system.py - generate_answer - rag_system - 161 - 问题为专业咨询，调用知识库，最终检索到的文档数量为: 2
2026-08-02 15:45:46,615 - INFO - D:\WorkSpace\Education-RAG\main.py - update_session_history - main - 106 - update_session_history 会话 e26ddb6d-5e15-45c2-882b-c15c410ab24c 历史更新成功
2026-08-02 15:45:46,617 - INFO - D:\WorkSpace\Education-RAG\main.py - query - main - 172 - query 查询处理耗时 271.29秒
2026-08-02 15:50:45,774 - INFO - D:\WorkSpace\Education-RAG\mysql_qa\db\mysql_client.py - close - mysql_client - 97 - MySQL 连接已关闭
2026-08-02 16:00:57,758 - INFO - D:\WorkSpace\Education-RAG\mysql_qa\db\mysql_client.py - __init__ - mysql_client - 22 - ---MySQL---连接成功---
2026-08-02 16:00:57,759 - INFO - D:\WorkSpace\Education-RAG\mysql_qa\cache\redis_client.py - __init__ - redis_client - 22 - Redis 连接成功
2026-08-02 16:00:57,772 - INFO - D:\WorkSpace\Education-RAG\mysql_qa\retrieval\bm25_search.py - _load_data - bm25_search - 55 - BM25 模型初始化完成
2026-08-02 16:00:57,889 - INFO - D:\WorkSpace\Education-RAG\rag_qa\core\query_classifier.py - load_model - query_classifier - 63 - 加载模型成功, 模型路径: D:\WorkSpace\Education-RAG\rag_qa/models/bert_query_classifier
2026-08-02 16:01:01,295 - INFO - D:\WorkSpace\Education-RAG\rag_qa\core\vector_store.py - _create_or_load_collection - vector_store - 109 - 已加载集合 edurag
2026-08-02 16:01:01,325 - INFO - D:\WorkSpace\Education-RAG\main.py - init_conversation_table - main - 62 - init_conversation_table 对话历史表初始化成功
2026-08-02 16:01:30,860 - INFO - D:\WorkSpace\Education-RAG\main.py - query - main - 142 - 处理查询: 'ai大模型的学科课程有哪些?' (会话ID: 0cc771ba-32b1-4da6-a6e3-0bf12d9c4286)
2026-08-02 16:01:31,442 - INFO - D:\WorkSpace\Education-RAG\mysql_qa\retrieval\bm25_search.py - search - bm25_search - 95 - 从数据库获取答案: ai大模型的学科课程有哪些?
2026-08-02 16:01:31,455 - INFO - D:\WorkSpace\Education-RAG\mysql_qa\cache\redis_client.py - set_data - redis_client - 34 - 存储数据到 Redis: answer:ai大模型的学科课程有哪些?
2026-08-02 16:01:31,455 - INFO - D:\WorkSpace\Education-RAG\main.py - query - main - 150 - query MySQL答案: 1. 正常情况我们都是通过阶段作业后自动解锁后面课程，主要是检查你当前阶段课程学习的怎么样
2. 如果同学有特殊情况，例如我工作马上需要，或者我毕业论文要用到等 请同学跟班主任沟通申请解锁课程
2026-08-02 16:01:31,472 - INFO - D:\WorkSpace\Education-RAG\main.py - update_session_history - main - 106 - update_session_history 会话 0cc771ba-32b1-4da6-a6e3-0bf12d9c4286 历史更新成功
2026-08-02 16:01:31,472 - INFO - D:\WorkSpace\Education-RAG\main.py - query - main - 154 - query 查询处理耗时 0.61秒
2026-08-02 16:02:39,189 - INFO - D:\WorkSpace\Education-RAG\main.py - query - main - 142 - 处理查询: 'Java和Python的优缺点?' (会话ID: 0cc771ba-32b1-4da6-a6e3-0bf12d9c4286)
2026-08-02 16:02:39,197 - INFO - D:\WorkSpace\Education-RAG\mysql_qa\retrieval\bm25_search.py - search - bm25_search - 95 - 从数据库获取答案: Java和Python的优缺点?
2026-08-02 16:02:39,200 - INFO - D:\WorkSpace\Education-RAG\mysql_qa\cache\redis_client.py - set_data - redis_client - 34 - 存储数据到 Redis: answer:Java和Python的优缺点?
2026-08-02 16:02:39,200 - INFO - D:\WorkSpace\Education-RAG\main.py - query - main - 150 - query MySQL答案: 具体区别详情请参考:https://blog.csdn.net/qauchangqingwei/article/details/80831797
2026-08-02 16:02:39,215 - INFO - D:\WorkSpace\Education-RAG\main.py - update_session_history - main - 106 - update_session_history 会话 0cc771ba-32b1-4da6-a6e3-0bf12d9c4286 历史更新成功
2026-08-02 16:02:39,216 - INFO - D:\WorkSpace\Education-RAG\main.py - query - main - 154 - query 查询处理耗时 0.03秒
2026-08-02 16:03:20,960 - INFO - D:\WorkSpace\Education-RAG\main.py - query - main - 142 - 处理查询: 'Java的学费是多少?' (会话ID: 0cc771ba-32b1-4da6-a6e3-0bf12d9c4286)
2026-08-02 16:04:21,468 - INFO - D:\WorkSpace\Education-RAG\mysql_qa\retrieval\bm25_search.py - search - bm25_search - 99 - 无法获取答案: Java的学费是多少?
2026-08-02 16:04:21,469 - INFO - D:\WorkSpace\Education-RAG\main.py - query - main - 159 - query 无可靠MySQL答案，回退到RAG
2026-08-02 16:04:21,469 - INFO - D:\WorkSpace\Education-RAG\rag_qa\core\rag_system.py - generate_answer - rag_system - 149 - 开始处理问题: 'Java的学费是多少?'，学科过滤: ai
2026-08-02 16:04:21,889 - INFO - D:\WorkSpace\Education-RAG\rag_qa\core\rag_system.py - generate_answer - rag_system - 152 - 问题：Java的学费是多少? 问题分类结果: 专业咨询
2026-08-02 16:04:26,607 - INFO - D:\WorkSpace\Education-RAG\rag_qa\core\strategy_selector.py - select_strategy - strategy_selector - 73 - 用户问题: Java的学费是多少?, 模型返回: 直接检索
2026-08-02 16:04:26,607 - INFO - D:\WorkSpace\Education-RAG\rag_qa\core\rag_system.py - retrieve_and_merge - rag_system - 98 - 开始处理问题: 'Java的学费是多少?'，学科过滤: ai
2026-08-02 16:04:34,124 - INFO - D:\WorkSpace\Education-RAG\rag_qa\core\rag_system.py - retrieve_and_merge - rag_system - 110 - 检索到的文档最终数量为: 2
2026-08-02 16:04:34,124 - INFO - D:\WorkSpace\Education-RAG\rag_qa\core\rag_system.py - generate_answer - rag_system - 161 - 问题为专业咨询，调用知识库，最终检索到的文档数量为: 2
2026-08-02 16:05:15,016 - INFO - D:\WorkSpace\Education-RAG\main.py - update_session_history - main - 106 - update_session_history 会话 0cc771ba-32b1-4da6-a6e3-0bf12d9c4286 历史更新成功
2026-08-02 16:06:40,383 - INFO - D:\WorkSpace\Education-RAG\main.py - query - main - 172 - query 查询处理耗时 198.50秒
2026-08-02 16:12:57,722 - INFO - D:\WorkSpace\Education-RAG\main.py - query - main - 142 - 处理查询: '你好啊' (会话ID: 0cc771ba-32b1-4da6-a6e3-0bf12d9c4286)
2026-08-02 16:13:13,791 - INFO - D:\WorkSpace\Education-RAG\mysql_qa\retrieval\bm25_search.py - search - bm25_search - 99 - 无法获取答案: 你好啊
2026-08-02 16:13:13,791 - INFO - D:\WorkSpace\Education-RAG\main.py - query - main - 159 - query 无可靠MySQL答案，回退到RAG
2026-08-02 16:13:13,792 - INFO - D:\WorkSpace\Education-RAG\rag_qa\core\rag_system.py - generate_answer - rag_system - 149 - 开始处理问题: '你好啊'，学科过滤: 
2026-08-02 16:13:13,834 - INFO - D:\WorkSpace\Education-RAG\rag_qa\core\rag_system.py - generate_answer - rag_system - 152 - 问题：你好啊 问题分类结果: 通用知识
2026-08-02 16:13:13,835 - INFO - D:\WorkSpace\Education-RAG\rag_qa\core\rag_system.py - generate_answer - rag_system - 156 - 问题为通用问题，调用大模型
2026-08-02 16:14:58,872 - INFO - D:\WorkSpace\Education-RAG\main.py - update_session_history - main - 106 - update_session_history 会话 0cc771ba-32b1-4da6-a6e3-0bf12d9c4286 历史更新成功
2026-08-02 16:14:58,872 - INFO - D:\WorkSpace\Education-RAG\main.py - query - main - 172 - query 查询处理耗时 121.15秒
2026-08-02 16:15:55,228 - INFO - D:\WorkSpace\Education-RAG\main.py - query - main - 142 - 处理查询: 'Hello' (会话ID: 0cc771ba-32b1-4da6-a6e3-0bf12d9c4286)
2026-08-02 16:16:40,945 - INFO - D:\WorkSpace\Education-RAG\mysql_qa\retrieval\bm25_search.py - search - bm25_search - 99 - 无法获取答案: Hello
2026-08-02 16:17:00,605 - INFO - D:\WorkSpace\Education-RAG\main.py - query - main - 159 - query 无可靠MySQL答案，回退到RAG
2026-08-02 16:17:30,259 - INFO - D:\WorkSpace\Education-RAG\rag_qa\core\rag_system.py - generate_answer - rag_system - 149 - 开始处理问题: 'Hello'，学科过滤: 
2026-08-02 16:17:30,310 - INFO - D:\WorkSpace\Education-RAG\rag_qa\core\rag_system.py - generate_answer - rag_system - 152 - 问题：Hello 问题分类结果: 通用知识
2026-08-02 16:17:30,311 - INFO - D:\WorkSpace\Education-RAG\rag_qa\core\rag_system.py - generate_answer - rag_system - 156 - 问题为通用问题，调用大模型
2026-08-02 16:19:03,434 - INFO - D:\WorkSpace\Education-RAG\mysql_qa\db\mysql_client.py - close - mysql_client - 97 - MySQL 连接已关闭
2026-08-02 16:19:25,626 - INFO - D:\WorkSpace\Education-RAG\mysql_qa\db\mysql_client.py - __init__ - mysql_client - 22 - ---MySQL---连接成功---
2026-08-02 16:19:25,627 - INFO - D:\WorkSpace\Education-RAG\mysql_qa\cache\redis_client.py - __init__ - redis_client - 22 - Redis 连接成功
2026-08-02 16:19:25,642 - INFO - D:\WorkSpace\Education-RAG\mysql_qa\retrieval\bm25_search.py - _load_data - bm25_search - 55 - BM25 模型初始化完成
2026-08-02 16:19:25,766 - INFO - D:\WorkSpace\Education-RAG\rag_qa\core\query_classifier.py - load_model - query_classifier - 63 - 加载模型成功, 模型路径: D:\WorkSpace\Education-RAG\rag_qa/models/bert_query_classifier
2026-08-02 16:19:29,212 - INFO - D:\WorkSpace\Education-RAG\rag_qa\core\vector_store.py - _create_or_load_collection - vector_store - 109 - 已加载集合 edurag
2026-08-02 16:19:29,252 - INFO - D:\WorkSpace\Education-RAG\main.py - init_conversation_table - main - 62 - init_conversation_table 对话历史表初始化成功
2026-08-02 16:20:28,276 - INFO - D:\WorkSpace\Education-RAG\main.py - query - main - 142 - 处理查询: 'Python环境' (会话ID: 1bbc0925-f2bc-4978-90a9-af99e245414a)
2026-08-02 16:28:16,665 - INFO - D:\WorkSpace\Education-RAG\mysql_qa\retrieval\bm25_search.py - search - bm25_search - 99 - 无法获取答案: Python环境
2026-08-02 16:28:16,665 - INFO - D:\WorkSpace\Education-RAG\main.py - query - main - 159 - query 无可靠MySQL答案，回退到RAG
2026-08-02 16:28:16,666 - INFO - D:\WorkSpace\Education-RAG\rag_qa\core\rag_system.py - generate_answer - rag_system - 149 - 开始处理问题: 'Python环境'，学科过滤: ai
2026-08-02 16:28:16,760 - INFO - D:\WorkSpace\Education-RAG\rag_qa\core\rag_system.py - generate_answer - rag_system - 152 - 问题：Python环境 问题分类结果: 通用知识
2026-08-02 16:28:16,761 - INFO - D:\WorkSpace\Education-RAG\rag_qa\core\rag_system.py - generate_answer - rag_system - 156 - 问题为通用问题，调用大模型
2026-08-02 16:28:26,406 - INFO - D:\WorkSpace\Education-RAG\main.py - update_session_history - main - 106 - update_session_history 会话 1bbc0925-f2bc-4978-90a9-af99e245414a 历史更新成功
2026-08-02 16:28:26,406 - INFO - D:\WorkSpace\Education-RAG\main.py - query - main - 172 - query 查询处理耗时 478.50秒
2026-08-02 16:28:31,155 - INFO - D:\WorkSpace\Education-RAG\mysql_qa\db\mysql_client.py - close - mysql_client - 97 - MySQL 连接已关闭
2026-08-02 16:53:19,175 - INFO - D:\WorkSpace\Education-RAG\mysql_qa\db\mysql_client.py - __init__ - mysql_client - 22 - ---MySQL---连接成功---
2026-08-02 16:53:19,176 - INFO - D:\WorkSpace\Education-RAG\mysql_qa\cache\redis_client.py - __init__ - redis_client - 22 - Redis 连接成功
2026-08-02 16:53:19,206 - INFO - D:\WorkSpace\Education-RAG\mysql_qa\retrieval\bm25_search.py - _load_data - bm25_search - 55 - BM25 模型初始化完成
2026-08-02 16:53:42,524 - INFO - D:\WorkSpace\Education-RAG\mysql_qa\db\mysql_client.py - __init__ - mysql_client - 22 - ---MySQL---连接成功---
2026-08-02 16:53:42,525 - INFO - D:\WorkSpace\Education-RAG\mysql_qa\cache\redis_client.py - __init__ - redis_client - 22 - Redis 连接成功
2026-08-02 16:53:42,545 - INFO - D:\WorkSpace\Education-RAG\mysql_qa\retrieval\bm25_search.py - _load_data - bm25_search - 55 - BM25 模型初始化完成
2026-08-02 16:53:42,648 - INFO - D:\WorkSpace\Education-RAG\rag_qa\core\query_classifier.py - load_model - query_classifier - 63 - 加载模型成功, 模型路径: D:\WorkSpace\Education-RAG\rag_qa/models/bert_query_classifier
2026-08-02 16:53:46,457 - INFO - D:\WorkSpace\Education-RAG\rag_qa\core\vector_store.py - _create_or_load_collection - vector_store - 109 - 已加载集合 edurag
2026-08-02 16:53:46,541 - INFO - D:\WorkSpace\Education-RAG\main.py - init_conversation_table - main - 62 - init_conversation_table 对话历史表初始化成功
2026-08-02 17:05:27,263 - INFO - D:\WorkSpace\Education-RAG\main.py - query - main - 142 - 处理查询: 'ai大模型课程的优势' (会话ID: 944775a3-001c-4f05-9ccd-2ec8d785cef6)
2026-08-02 17:05:28,716 - INFO - D:\WorkSpace\Education-RAG\mysql_qa\retrieval\bm25_search.py - search - bm25_search - 99 - 无法获取答案: ai大模型课程的优势
2026-08-02 17:05:28,716 - INFO - D:\WorkSpace\Education-RAG\main.py - query - main - 159 - query 无可靠MySQL答案，回退到RAG
2026-08-02 17:05:28,717 - INFO - D:\WorkSpace\Education-RAG\rag_qa\core\rag_system.py - generate_answer - rag_system - 149 - 开始处理问题: 'ai大模型课程的优势'，学科过滤: ops
2026-08-02 17:05:29,761 - INFO - D:\WorkSpace\Education-RAG\rag_qa\core\rag_system.py - generate_answer - rag_system - 152 - 问题：ai大模型课程的优势 问题分类结果: 专业咨询
2026-08-02 17:05:40,113 - INFO - D:\WorkSpace\Education-RAG\rag_qa\core\strategy_selector.py - select_strategy - strategy_selector - 73 - 用户问题: ai大模型课程的优势, 模型返回: 假设问题检索
2026-08-02 17:05:40,113 - INFO - D:\WorkSpace\Education-RAG\rag_qa\core\rag_system.py - retrieve_and_merge - rag_system - 98 - 开始处理问题: 'ai大模型课程的优势'，学科过滤: ops
2026-08-02 17:05:43,018 - INFO - D:\WorkSpace\Education-RAG\rag_qa\core\rag_system.py - retrieve_and_merge - rag_system - 110 - 检索到的文档最终数量为: 0
2026-08-02 17:05:43,018 - INFO - D:\WorkSpace\Education-RAG\rag_qa\core\rag_system.py - generate_answer - rag_system - 161 - 问题为专业咨询，调用知识库，最终检索到的文档数量为: 0
2026-08-02 17:05:57,911 - INFO - D:\WorkSpace\Education-RAG\main.py - query - main - 142 - 处理查询: 'ai大模型课程的优势' (会话ID: 944775a3-001c-4f05-9ccd-2ec8d785cef6)
2026-08-02 17:05:57,918 - INFO - D:\WorkSpace\Education-RAG\mysql_qa\retrieval\bm25_search.py - search - bm25_search - 99 - 无法获取答案: ai大模型课程的优势
2026-08-02 17:05:57,918 - INFO - D:\WorkSpace\Education-RAG\main.py - query - main - 159 - query 无可靠MySQL答案，回退到RAG
2026-08-02 17:05:57,919 - INFO - D:\WorkSpace\Education-RAG\rag_qa\core\rag_system.py - generate_answer - rag_system - 149 - 开始处理问题: 'ai大模型课程的优势'，学科过滤: ops
2026-08-02 17:05:57,981 - INFO - D:\WorkSpace\Education-RAG\rag_qa\core\rag_system.py - generate_answer - rag_system - 152 - 问题：ai大模型课程的优势 问题分类结果: 专业咨询
2026-08-02 17:06:05,847 - INFO - D:\WorkSpace\Education-RAG\rag_qa\core\strategy_selector.py - select_strategy - strategy_selector - 73 - 用户问题: ai大模型课程的优势, 模型返回: 假设问题检索
2026-08-02 17:06:05,848 - INFO - D:\WorkSpace\Education-RAG\rag_qa\core\rag_system.py - retrieve_and_merge - rag_system - 98 - 开始处理问题: 'ai大模型课程的优势'，学科过滤: ops
2026-08-02 17:06:06,165 - INFO - D:\WorkSpace\Education-RAG\rag_qa\core\rag_system.py - retrieve_and_merge - rag_system - 110 - 检索到的文档最终数量为: 0
2026-08-02 17:06:06,165 - INFO - D:\WorkSpace\Education-RAG\rag_qa\core\rag_system.py - generate_answer - rag_system - 161 - 问题为专业咨询，调用知识库，最终检索到的文档数量为: 0
2026-08-02 17:06:28,302 - INFO - D:\WorkSpace\Education-RAG\main.py - update_session_history - main - 106 - update_session_history 会话 944775a3-001c-4f05-9ccd-2ec8d785cef6 历史更新成功
2026-08-02 17:06:28,302 - INFO - D:\WorkSpace\Education-RAG\main.py - query - main - 172 - query 查询处理耗时 30.39秒
2026-08-03 16:01:58,813 - ERROR - D:\WorkSpace\Education-RAG\mysql_qa\db\mysql_client.py - __init__ - mysql_client - 24 - ---MySQL---连接失败---(2003, "Can't connect to MySQL server on '127.0.0.1' ([WinError 10061] 由于目标计算机积极拒绝，无法连接。)")
2026-08-03 16:03:09,864 - ERROR - D:\WorkSpace\Education-RAG\mysql_qa\db\mysql_client.py - __init__ - mysql_client - 24 - ---MySQL---连接失败---(2003, "Can't connect to MySQL server on '127.0.0.1' ([WinError 10061] 由于目标计算机积极拒绝，无法连接。)")
2026-08-03 16:04:05,813 - INFO - D:\WorkSpace\Education-RAG\mysql_qa\db\mysql_client.py - __init__ - mysql_client - 22 - ---MySQL---连接成功---
2026-08-03 16:04:05,813 - INFO - D:\WorkSpace\Education-RAG\mysql_qa\cache\redis_client.py - __init__ - redis_client - 22 - Redis 连接成功
2026-08-03 16:04:05,857 - INFO - D:\WorkSpace\Education-RAG\mysql_qa\retrieval\bm25_search.py - _load_data - bm25_search - 55 - BM25 模型初始化完成
2026-08-03 16:04:06,136 - INFO - D:\WorkSpace\Education-RAG\rag_qa\core\query_classifier.py - load_model - query_classifier - 63 - 加载模型成功, 模型路径: D:\WorkSpace\Education-RAG\rag_qa/models/bert_query_classifier
2026-08-03 16:04:14,583 - INFO - D:\WorkSpace\Education-RAG\rag_qa\core\vector_store.py - _create_or_load_collection - vector_store - 109 - 已加载集合 edurag
2026-08-03 16:04:21,743 - INFO - D:\WorkSpace\Education-RAG\main.py - init_conversation_table - main - 62 - init_conversation_table 对话历史表初始化成功
2026-08-03 16:05:30,642 - INFO - D:\WorkSpace\Education-RAG\main.py - clear_session_history - main - 131 - clear_session_history 会话 68297f91-9bd9-48f3-a334-094b6ba0fd38 历史已清除
2026-08-03 16:08:52,733 - INFO - D:\WorkSpace\Education-RAG\mysql_qa\db\mysql_client.py - __init__ - mysql_client - 22 - ---MySQL---连接成功---
2026-08-03 16:08:52,734 - INFO - D:\WorkSpace\Education-RAG\mysql_qa\cache\redis_client.py - __init__ - redis_client - 22 - Redis 连接成功
2026-08-03 16:08:52,771 - INFO - D:\WorkSpace\Education-RAG\mysql_qa\retrieval\bm25_search.py - _load_data - bm25_search - 55 - BM25 模型初始化完成
2026-08-03 16:08:52,925 - INFO - D:\WorkSpace\Education-RAG\rag_qa\core\query_classifier.py - load_model - query_classifier - 63 - 加载模型成功, 模型路径: D:\WorkSpace\Education-RAG\rag_qa/models/bert_query_classifier
2026-08-03 16:08:56,800 - INFO - D:\WorkSpace\Education-RAG\rag_qa\core\vector_store.py - _create_or_load_collection - vector_store - 109 - 已加载集合 edurag
2026-08-03 16:08:56,973 - INFO - D:\WorkSpace\Education-RAG\main.py - init_conversation_table - main - 62 - init_conversation_table 对话历史表初始化成功
